Product Name,Category,Dosage Form,Price,Trademark,Brand Origin,Country,Rating
"Gel chấm mụn, mờ thâm Decumar Advance THC 20g dưỡng ẩm da, da mềm, mịn",Chăm sóc cơ thể,Gel,105000.0,DECUMAR,Việt Nam,Việt Nam,5.0
Dung dịch vệ sinh vùng kín Bimunica 250ml dành cho bé gái từ 0 tháng tuổi,Chăm sóc cơ thể,,230000.0,,Hoa Kỳ,Liên Bang Nga,5.0
"Kem giảm thâm vùng nách, mông, bikini Neothera Armpit Cream La Beaute 35ml dưỡng trắng da",Chăm sóc cơ thể,,139000.0,La Beauty,Việt Nam,Việt Nam,5.0
Gel rửa mặt SVR Sebiaclear Gel Moussant 200ml làm sạch không chứa xà phòng và loại bỏ tế bào da chết,Chăm sóc cơ thể,,390000.0,SVR,Pháp,Pháp,
"Bọt vệ sinh nam giới Sumely Men's Sanitary Foam giúp làm sạch, khử và ngăn chặn mùi vùng kín (100ml)","Lăn khử mùi, xịt khử mùi",Dạng bọt,96000.0,,Việt Nam,Việt Nam,5.0
Sữa rửa mặt On: The Body Rice Therapy Heartleaf Acne Cleanser làm sạch sâu không gây khô da (150ml),"Sữa rửa mặt (Kem, gel, sữa)",,132000.0,,Hàn Quốc,Hàn Quốc,5.0
"Nước tẩy trang JMsolution Water Luminous S.O.S Ringer Cleansing Water giúp làm sạch bụi bẩn, dầu thừa và lớp trang điểm (500ml)","Nước tẩy trang, dầu tẩy trang",,199000.0,,Hàn Quốc,Hàn Quốc,5.0
Gel Rosette Gommage Clear Peel tẩy tế bào chết (180g),Tẩy tế bào chết,Gel,185000.0,Rosette,Nhật Bản,Nhật Bản,5.0
"Gel làm mờ sẹo Fixderma Scars do mụn, bỏng, rạn da, vết thươngl (7ml)","Trị sẹo, mờ vết thâm",,132800.0,Fixderma,Mỹ,Ấn Độ,5.0
Gội phủ bạc Healthy and lively H4 Lavox màu nâu cà phê (10 gói x 30ml),Dầu gội dầu xả,Dung dịch,22400.0,LAVOX,,Việt Nam,5.0
Gội phủ bạc Healthy and lively H1 Lavox màu đen (10 gói x 30ml),Dầu gội dầu xả,Dung dịch,22400.0,LAVOX,,Việt Nam,
Sữa tắm giảm mụn lưng Neo Acnes tinh chất tràm trà (250ml),"Sữa tắm, xà bông",Dung dịch,143200.0,Neo Acnes,Việt Nam,Việt Nam,5.0
"Sáp dưỡng ẩm Vaseline Fobelife làm mềm da, làm dịu da, cải thiện da bị khô (50g)","Sữa dưỡng thể, kem dưỡng thể",Dạng sáp,68000.0,Fobelife,,Việt Nam,5.0
"Kem thoa da Tiacortisol dưỡng ẩm, làm mềm dịu vùng da bị khô, nhờn (8g)","Dưỡng da bị khô, thiếu ẩm",Dạng kem,12000.0,Thiên Khánh,,Việt Nam,5.0
Sữa chống nắng dưỡng ẩm kiềm dầu NeoAqua Sunscreen Expert Milk SPF50+ (30ml),Chống nắng toàn thân,,151200.0,NeoAqua,Việt Nam,Việt Nam,
"Kem bôi trĩ Hemocol Ointment Lancopharm hỗ trợ làm dịu, săn, se da vùng bị tổn thương (30g)",Chăm sóc cơ thể,,285000.0,LANCOPHARM,Đức,Đức,4.8
"Dầu xả hoa bưởi La Beauty ngăn ngừa gãy rụng, dưỡng tóc chắc khỏe (300ml)",Chăm sóc tóc - da đầu,,94000.0,La Beauty,Việt Nam,Việt Nam,5.0
"Dầu gội thảo dược La Beauty loại bỏ dầu nhờn trên da đầu, ngăn nấm, gàu và giảm gãy rụng (300ml)",Chăm sóc tóc - da đầu,,115000.0,La Beauty,Việt Nam,Việt Nam,3.6
"Dầu gội bồ kết La Beauty hỗ trợ giảm rụng tóc, dưỡng tóc óng mượt (300ml)",Chăm sóc tóc - da đầu,,110000.0,La Beauty,Việt Nam,Việt Nam,5.0
"Dầu gội hoa bưởi La Beauty hỗ trợ giảm rụng tóc, ngăn ngừa nấm gàu (300ml)",Chăm sóc tóc - da đầu,,99000.0,La Beauty,Việt Nam,Việt Nam,5.0
Nước tẩy trang bí đao Cocoon Winter melon micellar water làm sạch da và loại bỏ lớp trang điểm (140ml),"Nước tẩy trang, dầu tẩy trang",,116000.0,Cocoon,Việt Nam,Việt Nam,5.0
"Kem chống nắng Reihaku Hatomugi Tone Up UV Milky Gel SPF50+ PA++++ nâng tone, dưỡng ẩm da (70g)",Chống nắng toàn thân,Dạng kem,143200.0,HATOMUGI,Nhật Bản,Nhật Bản,5.0
"Sữa rửa mặt Reihaku Hatomugi Acne Care and Facial Washing ngừa mụn, dưỡng ẩm và làm sáng da (130g)","Sữa rửa mặt (Kem, gel, sữa)",,76300.0,HATOMUGI,Nhật Bản,Nhật Bản,5.0
"Sữa rửa mặt tẩy trang Hatomugi Reihaku Hatomugi W Cleansing Foam làm sạch da, loại bỏ bụi bẩn (130g)","Sữa rửa mặt (Kem, gel, sữa)",,69300.0,HATOMUGI,Nhật Bản,Nhật Bản,5.0
"Miếng dán mụn ngày và đêm DermaAngel hút mụn, làm lành vết thương sau mụn (18 miếng x 15g)",Chăm sóc da mặt,Miếng dán,52800.0,Derma Angel,Đài Loan,"TAIWAN, PROVINCE OF CHINA",5.0
"Kem bôi Dizigone Baby làm dịu da mẩn ngứa, hăm da cho bé (30g)",Chăm sóc cơ thể,Dạng kem,180000.0,DIZIGONE,Việt Nam,Việt Nam,5.0
"Gel Neothera Acnes làm dịu da, mờ thâm, chăm sóc phục hồi da sáng khỏe (15ml)",Chăm sóc da mặt,Nhũ tương (Gel),135200.0,NEOTHERA,,Việt Nam,5.0
"Sáp dưỡng ẩm Vaseline Original Fobelife làm mềm da, làm dịu da khi bị khô rát, nứt nẻ (7g)","Dưỡng da bị khô, thiếu ẩm",Dạng sáp,35000.0,Fobelife,Việt Nam,Việt Nam,5.0
"Sáp dưỡng ẩm Vaseline Rosy Lotus Fobelife làm mềm da, làm dịu da khi bị khô rát, nứt nẻ, dưỡng môi (7g)","Dưỡng da bị khô, thiếu ẩm",Dạng sáp,35000.0,Fobelife,Việt Nam,Việt Nam,5.0
Nước dưỡng tóc tinh dầu bưởi Cocoon giảm gãy rụng và làm mềm tóc (140ml),"Dưỡng tóc, ủ tóc",,132000.0,Cocoon,Việt Nam,Việt Nam,5.0
"Dầu gió lăn Red Lion Medicated Oil Yellow Agimexpharm ấm da vùng xoa, sử dụng massage hỗ trợ thư giãn (10ml)",Chăm sóc cơ thể,,39000.0,Agimexpharm,Việt Nam,Việt Nam,
"Dầu gió lăn Red Lion Medicated Oil White Agimexpharm ấm da vùng xoa, sử dụng massage hỗ trợ thư giãn (10ml)",Chăm sóc cơ thể,,39000.0,Agimexpharm,Việt Nam,Việt Nam,
"Dầu gió lăn Kimagi New Agimexpharm làm ấm da vùng xoa, sử dụng khi massage hỗ trợ thư giãn (9ml)",Chăm sóc cơ thể,,38000.0,Agimexpharm,Việt Nam,Việt Nam,5.0
Nước tẩy trang bí đao Cocoon Winter melon micellar water làm sạch da và loại bỏ lớp trang điểm (500ml),"Nước tẩy trang, dầu tẩy trang",,236000.0,Cocoon,Việt Nam,Việt Nam,5.0
Lăn khử mùi EtiaXil Detranspirant Aisselles Peaux Sensibles chống mùi đặc trị dành cho da nhạy cảm (15ml),"Lăn khử mùi, xịt khử mùi",,268800.0,ETIAXIL,Pháp,Đan Mạch,5.0
Kem Cesarin Ointment Lacopharm hỗ trợ làm mờ và làm mềm vết sẹo phẫu thuật (30g),"Trị sẹo, mờ vết thâm",,308000.0,Crevil,Đức,Đức,4.7
Gel Diosmin Expert Omniven Gambe hỗ trợ phục hồi tình trạng suy giãn tĩnh mạch chân (150ml),Chăm sóc cơ thể,Dạng kem,383200.0,DuLàc,Ý,Ý,5.0
"Sữa rửa mặt Anti-Acne Brightening Cleansing Milk Decumar Advanced dành cho da mụn, sạch sâu, kháng khuẩn (50g)","Sữa rửa mặt (Kem, gel, sữa)",,99000.0,DECUMAR,Việt Nam,Việt Nam,5.0
Miếng dán mụn Somaderm - Spot Young Chemical Vina hỗ trợ làm lành vết thương (18 miếng),"Kem trị mụn, gel trị mụn",,31200.0,YOUNG CHEMICAL,Hàn Quốc,Hàn Quốc,4.8
"Dung dịch khoáng Dizigone Terrapharm làm sạch vi khuẩn trong 30 giây, vệ sinh răng miệng, khử mùi (300ml)",Chăm sóc cơ thể,,100000.0,Terrapharm,Việt Nam,Việt Nam,4.9
Gel Varicare Medicosh hỗ trợ làm giảm các triệu chứng suy giãn tĩnh mạch chân (50ml),Chăm sóc cơ thể,,200000.0,Medicosh,Ý,Ý,5.0
"Sữa tắm gội Baby Gentle Wash La Beauty giảm và ngăn ngừa rôm sảy, hăm da ở trẻ (250ml)","Sữa tắm, xà bông",,89000.0,La Beauty,Việt Nam,Việt Nam,5.0
"Gel tắm và vệ sinh phụ nữ Herbal Nano Vinapharma giúp làm sạch, kháng viêm (105ml)","Lăn khử mùi, xịt khử mùi",Nhũ tương (Gel),69000.0,VINAPHARMA,Việt Nam,Việt Nam,5.0
"Gel Proctogel Bimex liền vết thương, giảm viêm nhiễm, nấm ngứa cho người táo bón, trĩ, ngứa hậu môn (20g)",Chăm sóc cơ thể,,73000.0,BIMEX,Việt Nam,Việt Nam,5.0
"Kem đa năng Zinc Ointment Abena bảo vệ da, khử trùng da, chống hăm, ngừa loét (15ml)",Chăm sóc cơ thể,Nhũ dịch dầu trong nước,63200.0,Ointment,Đan Mạch,Đan Mạch,5.0
Kem mụn Sulfur 10% Ointment Cospharm ngăn ngừa mụn và chăm sóc da mặt (30g),"Kem trị mụn, gel trị mụn",Dạng kem,245000.0,Crevil,Đức,Đức,5.0
"Dầu gội sạch gàu Haircare Bimex giúp sạch gàu, hết ngứa da đầu (50g)",Dầu gội trị nấm,Dung dịch,63000.0,Haircare,Việt Nam,Việt Nam,5.0
"Gel Nghệ Nano NeoCurma ngừa mụn, ngừa sẹo, mờ vết thâm (20g)","Trị sẹo, mờ vết thâm",Nhũ tương (Gel),55200.0,La Beauty,Việt Nam,Việt Nam,4.1
"Gel Scargel Natureplex cải thiện tính đàn hồi, cấu trúc và hình dạng của nhiều loại sẹo (35g)","Trị sẹo, mờ vết thâm",,325000.0,Natureplex,Hoa Kỳ,Hoa Kỳ,4.7
Sữa rửa mặt làm giảm mụn Rosette Face Wash Pasta Acne Clear sạch bụi bẩn và tế bào chết trên da (120g),"Sữa rửa mặt (Kem, gel, sữa)",,136000.0,Rosette,Nhật Bản,Nhật Bản,5.0
"Kem dưỡng ẩm mềm da cho bé Kutieskin giảm khô ngứa, nứt nẻ da (30g)","Dưỡng da bị khô, thiếu ẩm",,58000.0,Kutieskin,Việt Nam,Việt Nam,4.9
"Kem bôi dịu da cho bé Kutieskin giảm mẩn ngứa, ngừa thâm sẹo (30g)",Chăm sóc cơ thể,,96000.0,Kutieskin,Việt Nam,Việt Nam,4.8
"Kem bôi cho trẻ em bị chàm sữa Kutieskin giảm ngứa, kháng viêm, cải thiện bong tróc da (30g)",Giải pháp làn da,,225000.0,Kutieskin,Việt Nam,Việt Nam,4.9
Gel gội và tắm cho bé Corine De Farme Hair And Body Wash dành cho mọi loại da (250ml),"Sữa tắm, xà bông",Dung dịch,185000.0,Corine De Farme,Pháp,Pháp,5.0
"Gel Qderma giúp làm phẳng, mềm và mờ các loại sẹo (20g)","Trị sẹo, mờ vết thâm",,275000.0,K3,Ý,Ý,5.0
"Dầu Mù U Thái Dương Đất Việt làm lành vết bỏng, hỗ trợ điều trị chàm, vảy nến, dưỡng ẩm (10ml)",Chăm sóc cơ thể,,46000.0,Đất Việt,Việt Nam,Việt Nam,5.0
"Xà phòng Acnes Body Bar Neo Acnes Curcumin And Teatree Oil làm sạch bụi bẩn, dầu nhờn trên da (75g)","Sữa tắm, xà bông",,55200.0,Neo Acnes,Việt Nam,Việt Nam,5.0
"Kem Fixderma Skarfix-TX Cream hỗ trợ làm mờ vết thâm, đốm đen, nám (15g)","Kem trị nám, tàn nhang, đốm nâu",,279000.0,Fixderma,Mỹ,Ấn Độ,4.9
"Kem bôi da Fixderma Preggers Stretch Mark Cream dưỡng ẩm, giảm rạn da cho phụ nữ mang thai và sau sinh (60g)",Chăm sóc cơ thể,,380000.0,Fixderma,Mỹ,Ấn Độ,4.4
"Son dưỡng môi nhau thai cừu Rebirth Lanolin Lip Balm RB14 cung cấp độ ẩm cho đôi môi khô (3,7g)",Son môi,,132000.0,Rebirth,Úc,Úc,5.0
"Xịt PanSpray Panthenol hỗ trợ giảm đau, rát, hạn chế tổn thương, viêm nhiễm da (130g)",Trị nứt da,Dạng xịt,155000.0,Panthenol,Việt Nam,Việt Nam,
"Nước rửa phụ khoa Natural Feminine Trầu Không làm sạch vùng kín, dưỡng ẩm, khử mùi hôi (100ml)",Chăm sóc cơ thể,,59000.0,Natural Feminine,Việt Nam,Việt Nam,4.7
"Kem bôi Dizigone Nano Bạc Terrapharm hỗ trợ kháng khuẩn, tái tạo da và ngăn ngừa sẹo (25g)","Trị sẹo, mờ vết thâm",Dạng kem,140000.0,Terrapharm,Việt Nam,Việt Nam,4.9
"Tinh dầu Tràm Mệ Đoan hỗ trợ phòng giảm các chứng cảm cúm, sổ mũi, ho, ngạt mũi (50ml)",Tinh dầu,,135000.0,Mệ Đoan,Việt Nam,Việt Nam,5.0
"Tinh dầu tràm ngâm củ nén Mệ Đoan phòng và điều trị cảm cúm, trúng gió, ho, ngạt mũi, long đờm (50ml)",Tinh dầu,,185000.0,Mệ Đoan,Việt Nam,Việt Nam,
"Mặt nạ Marine Luminous Pearl Deep Moisture Mask Peal JMsolution tăng cường dưỡng ẩm, dưỡng trắng (30ml)",Mặt nạ,,22400.0,,Hàn Quốc,Hàn Quốc,
Gel nhuộm tóc phủ bạc Flash Lavox G01 màu đen (150ml),Dầu gội dầu xả,Gel,158000.0,LAVOX,Việt Nam,Việt Nam,
"Kem dưỡng ẩm sáng da Fixderma Face21 Face Cream giúp da trắng sáng, mịn màng (50g)",Dưỡng da mặt,Dạng kem,271200.0,Fixderma,Mỹ,Ấn Độ,5.0
Son dưỡng lành tính Omi Menturm dành cho môi nhạy cảm giúp tăng cường độ ẩm và làm mềm vùng da môi (3.6g),Son môi,Dạng sáp,99000.0,OMI,Nhật Bản,Nhật Bản,5.0
Son dưỡng ẩm bạc hà Omi Brotherhood Menturm giúp tăng cường độ ẩm và làm mềm vùng da môi (4g),Son môi,Dạng sáp,39000.0,OMI,Nhật Bản,Thái Lan,5.0
"Dầu xả thảo dược La Beauty củng cố chân tóc chắc khỏe, suôn mượt và ngăn ngừa gãy rụng (300ml)",Chăm sóc tóc - da đầu,,100000.0,La Beauty,Việt Nam,Việt Nam,5.0
Kem dưỡng ẩm mềm mịn và chống nhăn da tay Reihaku Hatomugi Hand Cream (65g),"Kem dưỡng da tay, chân",Dạng kem,70000.0,HATOMUGI,Nhật Bản,Nhật Bản,
"Kem chống nắng, dưỡng ẩm và làm sáng da Reihaku Hatomugi UV Milky Gel SPF50+ PA++++ (80g)",Chống nắng toàn thân,Dạng kem,159200.0,HATOMUGI,Nhật Bản,Nhật Bản,5.0
"Kem chống nắng Transino Whitening UV Protector hỗ trợ dưỡng trắng, dưỡng ẩm (30ml)",Chống nắng toàn thân,,576000.0,Transino,Nhật Bản,Nhật Bản,5.0
Kem phục hồi dưỡng trắng da Transino Whitening Repair Cream EX (35g),Dưỡng da mặt,,888000.0,Transino,Nhật Bản,Nhật Bản,5.0
Cà phê Đắk Lắk Cocoon làm sạch da chết trên mặt (150ml),Chăm sóc cơ thể,,165000.0,Cocoon,Việt Nam,Việt Nam,5.0
Lăn khử mùi EtiaXil Detranspirant Aisselles Peaux Normales đặc trị khử mùi hôi cho vùng da dưới cánh tay (15ml),"Lăn khử mùi, xịt khử mùi",,268800.0,ETIAXIL,Pháp,Đan Mạch,5.0
"Gel Skleer Natural Skin Restoration giảm viêm, dưỡng ẩm và phục hồi da (30ml)","Sữa dưỡng thể, kem dưỡng thể",Nhũ tương (Gel),399000.0,SKLEER,Mỹ,Nam Phi,5.0
"Gel làm mờ sẹo Fixderma Scars gel do mụn, bỏng, rạn da, vết thương (15ml)","Trị sẹo, mờ vết thâm",,278000.0,Fixderma,Mỹ,Ấn Độ,5.0
"Xịt Panthenol Nano Bạc Spray Bimex dưỡng da, duy trì độ ẩm cho da (130g)",Chăm sóc cơ thể,,155000.0,BIMEX,Việt Nam,Việt Nam,
Kem bôi vùng khớp Stabil Aflofarm Krem (75g),Chăm sóc cơ thể,Dạng kem,250000.0,Aflofarm,Ba Lan,Ba Lan,5.0
"Gel làm nóng Starbalm Warm Gel thư giãn cơ, hạn chế chấn thương do vận động, mỏi cơ (100ml)",Massage,,175000.0,Starbalm,Hà Lan,Hà Lan,
"Kem dưỡng chống nứt gót chân Fixderma Foot Cream cung cấp độ ẩm, làm mềm da gót chân (60g)",Trị nứt da,Dạng kem,209000.0,Fixderma,Mỹ,Ấn Độ,
"Kem Preggers Soothing Nipple Cream Fixderma hỗ trợ dưỡng ẩm, phục hồi, làm dịu núm vú bị khô (20g)",Chăm sóc cơ thể,Dạng kem,305000.0,Fixderma,Mỹ,Ấn Độ,
Nước tẩy trang JMsolution Derma Care Centella Cleansing Water giúp loại bỏ lớp trang điểm và làm sạch da (500ml),"Nước tẩy trang, dầu tẩy trang",,199000.0,,Hàn Quốc,Hàn Quốc,5.0
"Mặt nạ Active Golden Caviar Nourishing Mask JMsolution cung cấp độ ẩm, giáp sáng màu da, giúp da căng mịn (30ml)",Mặt nạ,,22400.0,,Hàn Quốc,Hàn Quốc,
"Mặt nạ Active Birds' Nest Moisture Mask JMsolution cung cấp độ ẩm cho da, giúp sáng màu da và giúp da căng mịn (30ml)",Mặt nạ,,22400.0,,Hàn Quốc,Hàn Quốc,
Mặt nạ Water Luminous S.O.S Ringer Mask JMsolution làm dịu và cung cấp độ ẩm cho làn da khô (35ml),Mặt nạ,,22400.0,,Hàn Quốc,Hàn Quốc,
Mặt nạ Placen Lanolin Mask JMsolution dưỡng ẩm và cung cấp độ ẩm trên da (30ml),Mặt nạ,,22400.0,,Hàn Quốc,Hàn Quốc,
"Bọt vệ sinh phụ nữ Lá Sen Natural Feminine làm sạch, dịu da, giảm thâm sạm (160ml)","Lăn khử mùi, xịt khử mùi",Dạng bọt,103200.0,Natural Feminine,Việt Nam,Việt Nam,
"Bọt vệ sinh phụ nữ Natural Feminine làm sạch, thơm mát, duy trì cân bằng PH (160ml)","Lăn khử mùi, xịt khử mùi",Dạng bọt,107200.0,Natural Feminine,Việt Nam,Việt Nam,
Gel nhuộm tóc phủ bạc Flash Lavox G04 màu nâu cà phê (150ml),Dầu gội dầu xả,Gel,158000.0,LAVOX,,Việt Nam,
"Kem dưỡng Fixderma Nigrilite Cream làm sạch tế bào da chết, mờ thâm, sáng da sẫm màu (50g)","Da sạm, xỉn màu",Dạng kem,200000.0,Fixderma,Mỹ,Ấn Độ,
Khử mùi dạng xịt Etiaxil Déodorant Anti - Transpirant Protection 48h Pieds kiểm soát tuyến mồ hôi chân (100ml),"Lăn khử mùi, xịt khử mùi",Dạng xịt,217500.0,ETIAXIL,Pháp,Pháp,
Mặt nạ ngủ mặt dạng gel Care:Nel Aqua Night Mask dưỡng ẩm cho da suốt 8 giờ (15ml),Dưỡng da mặt,Dạng kem,35000.0,CARE:NEL,Hàn Quốc,Hàn Quốc,
"Mặt nạ ngủ môi Care:Nel Sleeping Lip Care Pomegranate hương lựu dưỡng ấm, mờ thâm môi, ngừa nứt nẻ môi (5g)",Mỹ phẩm trang điểm,Dạng sáp,35000.0,CARE:NEL,Hàn Quốc,Hàn Quốc,5.0
"Mặt nạ ngủ môi Care:Nel Berry Lip Night Mask dưỡng ẩm, ngừa thâm dành cho môi phun xăm, nhạy cảm, môi trị liệu (5g)",Mỹ phẩm trang điểm,Dạng sáp,35000.0,CARE:NEL,Hàn Quốc,Hàn Quốc,
Kem bôi dưỡng ẩm To-Plan Okosama Cream giúp dưỡng ẩm và làm mềm mịn da (110g),Chăm sóc cơ thể,Dạng kem,249000.0,OMI,Nhật Bản,Nhật Bản,5.0
"Kem dưỡng da Biolane Diaper Change Cream dưỡng ẩm, làm dịu da ửng đỏ do hăm tã của bé (50ml)",Chăm sóc cơ thể,,126000.0,,Pháp,Pháp,5.0
Gel tắm gội Biolane dịu nhẹ làm sạch tóc và cơ thể cho bé (200ml),"Sữa tắm, xà bông",,184000.0,,Pháp,Pháp,5.0
Nước nhuộm phủ bạc - nâu hạt dẻ Seedbee Water Coloring Medium Brown Nbiyan (30g),Chăm sóc tóc - da đầu,Dung dịch,239200.0,NBIYAN,Hàn Quốc,Hàn Quốc,5.0
Nước nhuộm phủ bạc - nâu đen Seedbee Water Coloring Dark Brown Nbiyan (30g),Chăm sóc tóc - da đầu,Dung dịch,239200.0,NBIYAN,Hàn Quốc,Hàn Quốc,5.0
Nước nhuộm phủ bạc - đen tự nhiên Seedbee Water Coloring Natural Black (30g),Chăm sóc tóc - da đầu,Dung dịch,239200.0,NBIYAN,Hàn Quốc,Hàn Quốc,
"Mặt nạ Banobagi stem cell vitamin mask whitening & tone up hỗ trợ cấp ẩm, dưỡng sáng da và nâng tông (30g)",Mặt nạ,,28000.0,Banobagi,Hàn Quốc,Hàn Quốc,5.0
Mặt nạ Banobagi stem cell vitamin mask whitening & ac care  hỗ trợ cấp ẩm và dưỡng sáng da cho da mụn (30g),Mặt nạ,,28000.0,Banobagi,Hàn Quốc,Hàn Quốc,5.0
Mặt nạ Banobagi stem cell vitamin mask whitening & relaxing revital làm dịu và giảm viêm da (30g),Mặt nạ,,28000.0,Banobagi,Hàn Quốc,Hàn Quốc,
Mặt nạ Banobagi Stem Cell Vitamin Mask Whitening And Moisture hỗ trợ cấp ẩm và dưỡng sáng da (30g),Mặt nạ,,28000.0,Banobagi,Hàn Quốc,Hàn Quốc,
"Mặt nạ Banobagi Stem Cell Vitamin Mask Whitening & Aqua Hydrating cấp ẩm cho da, sáng màu da (30g)",Mặt nạ,,28000.0,Banobagi,Hàn Quốc,Hàn Quốc,
"Mặt nạ Banobagi Stem Cell Vitamin Mask Whitening & Dark Spot Care chống nhăn da, trắng da, mờ nám (30g)",Mặt nạ,,28000.0,Banobagi,Hàn Quốc,Hàn Quốc,
"Sữa dưỡng thể chống nắng, dưỡng ẩm và làm sáng da Hatomugi Reihaku Hatomugi UV Milky Gel SPF31 PA+++ (250ml)",Chống nắng toàn thân,,167200.0,HATOMUGI,Nhật Bản,Nhật Bản,5.0
Dầu tẩy trang làm sạch sâu Softymo Deep Cleansing Oil lớp trang điểm trên bề mặt da (230ml),"Nước tẩy trang, dầu tẩy trang",Dạng dầu,143200.0,,Nhật Bản,Nhật Bản,
Nước tẩy trang Softymo Speedy Cleansing Liquid Kosé làm sạch nhanh lớp trang điểm trên da (230ml),"Nước tẩy trang, dầu tẩy trang",,143200.0,,Nhật Bản,Nhật Bản,5.0
Dầu tẩy trang Softymo Speedy Cleansing Oil Kosé làm sạch nhanh lớp mascara và trang điểm trên da (230ml),"Nước tẩy trang, dầu tẩy trang",Dạng dầu,143200.0,,Nhật Bản,Nhật Bản,
Xịt trị mụn Fixderma Salyzap for Body Acne Body Spray làm thông thoáng lỗ chân lông (50ml),Chăm sóc da mặt,Dạng xịt,339000.0,Fixderma,Mỹ,Ấn Độ,5.0
"Kem chống nắng SVR Sebiaclear Creme SPF50+ dưỡng da dùng cho da hỗn hợp, da dầu và da nhạy cảm (40ml)",Kem chống nắng da mặt,Dạng kem,530000.0,SVR,Pháp,Pháp,4.6
Nước hoa hồng dưỡng trắng da Transino Whitening Clear Lotion EX (150ml),Toner (nước hoa hồng) / Lotion,,756500.0,Transino,Nhật Bản,Nhật Bản,5.0
Lăn khử mùi EtiaXil Détranspirant Tolérance Transpiration excessive 15ml đặc trị dành cho da siêu nhạy cảm,"Lăn khử mùi, xịt khử mùi",,268800.0,ETIAXIL,Pháp,Đan Mạch,
Sữa tắm dưỡng ẩm và làm sáng da Reihaku Hatomugi Body Soap (800ml),"Sữa tắm, xà bông",,161000.0,HATOMUGI,Nhật Bản,Nhật Bản,5.0
"Son dưỡng bảo vệ môi Sebamed Lip Defense SPF30 cung cấp độ ẩm cho môi khô (4,8g)",Son môi,,149000.0,Sebamed,Đức,Đức,
"Son dưỡng bảo vệ môi hương dâu Sebamed Lip Defense (4,8g)",Son môi,,149000.0,Sebamed,Đức,Đức,
Tinh chất ngăn chặn kép Transino Melano Signal Essence trắng sáng da (30g),Chăm sóc da mặt,Serum,1062500.0,Transino,Nhật Bản,Nhật Bản,5.0
Sữa dưỡng trắng da Transino Whitening Clear Milk EX ngăn ngừa nám và tàn nhang (100ml),Dưỡng da mặt,,756500.0,Transino,Nhật Bản,Nhật Bản,5.0
"Dầu gội đầu Extreme Dry Skin Relief Shampoo 5% Urea Sebamed giảm khô, ngứa  (200ml)",Dầu gội dầu xả,,338000.0,Sebamed,Đức,Đức,
"Kem Sebamed Extreme Dry Skin Relief Face Cream 5% dưỡng ẩm, làm dịu, phục hồi da khô, viêm da cơ địa (50ml)","Sữa dưỡng thể, kem dưỡng thể",Dạng kem,400000.0,Sebamed,Đức,Đức,
"Sữa dưỡng ẩm Extreme Dry Skin Repair Lotion 10% Urea Sebamed giảm khô, ngứa, bong tróc cho da khô, viêm da cơ địa (200ml)","Sữa dưỡng thể, kem dưỡng thể",,380000.0,Sebamed,Đức,Đức,5.0
Dầu gội khô Batiste hương anh đào Dry Shampoo Fruity And Cheeky Cherry (200ml),Dầu gội dầu xả,,156000.0,Church & Dwight,Hoa Kỳ,Anh,
"Nước hoa hồng La Beauty không chứa cồn dưỡng ẩm, làm mềm da (150ml)",Toner (nước hoa hồng) / Lotion,,88000.0,La Beauty,Việt Nam,Việt Nam,4.5
"Nước tẩy trang Micellar Cleansing Water La Beauty làm sạch sâu, loại bỏ bụi bẩn (150ml)","Nước tẩy trang, dầu tẩy trang",,89000.0,La Beauté,Việt Nam,Việt Nam,5.0
"Mặt nạ xông hơi mắt MegRhythm KAO không hương dễ chịu, thư giãn đôi mắt (5 miếng)",Dưỡng da mắt,,119000.0,Kao,Nhật Bản,Nhật Bản,5.0
"Mặt nạ xông hơi mắt MegRhythm KAO hương hoa cúc dễ chịu, thư giãn đôi mắt (5 miếng)",Dưỡng da mắt,,119000.0,Kao,Nhật Bản,Nhật Bản,5.0
"Mặt nạ xông hơi mắt MegRhythm KAO hương hoa oải hương dễ chịu, thư giãn đôi mắt (5 miếng)",Dưỡng da mắt,,119000.0,Kao,Nhật Bản,Nhật Bản,5.0
Lăn khử mùi đá khoáng Deonatulle Soft Stone Double Non-Menthol for Men dạng sáp cho nam (20g),"Lăn khử mùi, xịt khử mùi",,223500.0,Deonatulle,Nhật Bản,Nhật Bản,
Lăn khử mùi đá khoáng Deonatulle Soft Stone Double Deodorant dạng sáp cho mọi loại da (20g),"Lăn khử mùi, xịt khử mùi",,223500.0,Deonatulle,Nhật Bản,Nhật Bản,5.0
"Kem bôi NeoAqua Expert Cream chống khô, nứt nẻ da, dưỡng ẩm chuyên sâu (50g)","Dưỡng da bị khô, thiếu ẩm",,130000.0,NeoAqua,Việt Nam,Việt Nam,5.0
"Dưỡng tóc Yanagiya Hair Tonic hương bưởi ngăn ngừa tóc gãy rụng, thưa mỏng và gàu (240ml)","Dưỡng tóc, ủ tóc",Dung dịch,219000.0,YANAGIYA,Nhật Bản,Nhật Bản,5.0
Miếng dán mụn Somaderm - Spot Young Chemical Vina hỗ trợ làm lành vết thương (24 miếng),Chăm sóc da mặt,,44000.0,YOUNG CHEMICAL,Hàn Quốc,Hàn Quốc,5.0
"Sữa rửa mặt đất sét Rosette Face Wash Pasta Ghassoul Bright làm sạch da, hút dầu nhờn, giảm mụn (120g)","Sữa rửa mặt (Kem, gel, sữa)",,136000.0,Rosette,Nhật Bản,Nhật Bản,
"Sữa rửa mặt nghệ Nano Neo Cleanser ngừa mụn, ngừa sẹo, mờ vết thâm (86g)","Sữa rửa mặt (Kem, gel, sữa)",,68000.0,La Beauty,Việt Nam,Việt Nam,5.0
"Chai xịt nóng Starbalm Warm Spray phòng tránh chấn thương cho người có tiền sử bong gân, chuột rút (150ml)",Massage,,220000.0,Starbalm,Hà Lan,Hà Lan,5.0
"Gel làm lạnh Starbalm Cold Gel điều trị chấn thương căng cơ, bầm tím và bong gân (100ml)",Massage,,175000.0,Starbalm,Hà Lan,Hà Lan,5.0
"Dầu xoa bóp Starbalm Massage Oil thư giãn, mát xa vùng cơ mỏi, lưu thông máu, giảm căng thẳng, mệt mỏi (50ml)",Massage,,140000.0,Starbalm,Hà Lan,Hà Lan,5.0
Kem bôi Rebirth Anti-Wrinkle Eye Gel giảm vết nhăn quanh vùng mắt và chống thâm vùng mắt (30g),Xoá nếp nhăn vùng mắt,,220000.0,Rebirth,Úc,Úc,5.0
"Kem Fixderma Skarfix-TX Cream hỗ trợ làm mờ vết thâm, đốm đen, nám (30g)","Kem trị nám, tàn nhang, đốm nâu",,436800.0,Fixderma,Mỹ,Ấn Độ,4.5
"Sữa tắm gội em bé Gentle Wash 500ml La Beauty giảm và ngăn ngừa rôm sảy, hăm da","Sữa tắm, xà bông",,159000.0,La Beauty,Việt Nam,Việt Nam,
"Kem tẩy trang Transino Clear Cleansing Ex giúp loại bỏ lớp trang điểm, bụi bẩn lỗ chân lông và dầu thừa (110g)","Nước tẩy trang, dầu tẩy trang",,425000.0,Transino,,Nhật Bản,
"Mặt nạ Banobagi Stem Cell Vitamin Mask Whitening And Tighten Pores cung cấp độ ẩm cho da, loại bỏ dầu (30g)",Mặt nạ,,28000.0,Banobagi,Hàn Quốc,Hàn Quốc,5.0
"Sữa rửa mặt Transino Clear Wash EX loại bỏ bụi bẩn, dầu nhờn, bã thừa (100g)","Sữa rửa mặt (Kem, gel, sữa)",,425000.0,Transino,Nhật Bản,Nhật Bản,5.0
Mặt nạ dưỡng trắng da Transino Whitening Facial Mask EX ngăn ngừa nám và tàn nhang (4 miếng x 20ml),Mặt nạ,,425000.0,Transino,Nhật Bản,Nhật Bản,
"Kem dưỡng tái tạo Sebamed Anti-Redness Regenerating Intensive Care cho da nhạy cảm, da dễ bị đỏ (50ml)","Sữa dưỡng thể, kem dưỡng thể",Dạng kem,655000.0,Sebamed,Đức,Đức,
"Dầu gió lăn Red Lion Medicated Oil Yellow Agimexpharm ấm da vùng xoa, sử dụng massage hỗ trợ thư giãn (24ml)",Chăm sóc cơ thể,,57000.0,Agimexpharm,Việt Nam,Việt Nam,5.0
"Dầu gió lăn Red Lion Medicated Oil White Agimexpharm ấm da vùng xoa, sử dụng massage hỗ trợ thư giãn (24ml)",Chăm sóc cơ thể,,57000.0,Agimexpharm,Việt Nam,Việt Nam,5.0
"Gel bí đao rửa mặt Cocoon sạch sâu da, loại bỏ mọi bụi bẩn (140ml)","Sữa rửa mặt (Kem, gel, sữa)",,195000.0,Cocoon,Việt Nam,Việt Nam,5.0
Cà phê Đắk Lắk Cocoon làm sạch da chết trên cơ thể (200ml),Chăm sóc cơ thể,,125000.0,Cocoon,Việt Nam,Việt Nam,5.0
"Dầu xả thảo dược La Beauty củng cố chân tóc chắc khỏe, suôn mượt và ngăn ngừa gãy rụng (250ml)",Dầu gội dầu xả,,95000.0,La Beauty,Việt Nam,Việt Nam,
"Dầu gội thảo dược La Beauty loại bỏ dầu nhờn trên da đầu, ngăn nấm, gàu và giảm gãy rụng (250ml)",Dầu gội dầu xả,,105000.0,La Beauty,Việt Nam,Việt Nam,
"Dầu gội bồ kết La Beauty loại bỏ dầu nhờn, ngăn nấm, gàu, phục hồi hư tổn, giảm gãy rụng (250ml)",Dầu gội dầu xả,,100000.0,La Beauty,Việt Nam,Việt Nam,5.0
"Lotion Fixderma Preggers Elasticity dưỡng ẩm, giảm vết rạn cho phụ nữ mang thai và sau khi sinh (100ml)","Sữa dưỡng thể, kem dưỡng thể",Dạng kem,220000.0,Fixderma,Mỹ,Ấn Độ,
"Dầu gội hoa bưởi La Beauty giảm gãy rụng, kích thích dày mượt tóc, loại bỏ nhờn, ngăn nấm và gàu (250ml)",Chăm sóc tóc - da đầu,,89000.0,La Beauty,Việt Nam,Việt Nam,4.5
Dầu xả hoa bưởi La Beauty làm sạch mềm tóc và ngăn ngừa gãy rụng (250ml),Dầu gội dầu xả,,89000.0,La Beauty,Việt Nam,Việt Nam,
"Gel Lô hội La Beauty dưỡng da, dưỡng tóc, dưỡng móng (300ml)",Chăm sóc cơ thể,,99000.0,Lavita,Việt Nam,Việt Nam,5.0
"Kem bôi da Thuần Mộc Thanh Mộc Hương 21g Hòa Bình dưỡng ẩm, làm mềm da, làm dịu mát da","Sữa dưỡng thể, kem dưỡng thể",Dạng kem,150000.0,Thanh Mộc Hương,Việt Nam,Việt Nam,
Sữa rửa mặt Cetaphil Oily Skin Cleanser 125ml Cetaphil dành cho da dầu nhạy cảm,"Sữa rửa mặt (Kem, gel, sữa)",,145250.0,Cetaphil,Canada,Canada,5.0
Dung dịch Gynofar 500ml Pharmedic vệ sinh cơ quan sinh dục ngoài,Chăm sóc cơ thể,Dung dịch,22000.0,Pharmedic,Việt Nam,Việt Nam,5.0
Mặt nạ mắt JMsolution Marine Luminous Pearl Deep Moisture Eye Patch Pearl bổ sung độ ẩm và cải thiện sắc tố da (90g),Mặt nạ,,295000.0,,Hàn Quốc,Hàn Quốc,
Kem dưỡng ẩm CeraVe Developed With Dermatologists Moisturising Cream dành cho da khô (50ml),"Sữa dưỡng thể, kem dưỡng thể",,148750.0,Cerave,Hoa Kỳ,Pháp,5.0
Sữa Rửa Mặt Tạo Bọt CeraVe Foaming Cleanser dành cho da thường và da dầu (473ml),"Sữa rửa mặt (Kem, gel, sữa)",,386750.0,Cerave,Hoa Kỳ,Trung Quốc,5.0
"Dầu gội dược liệu Thái Dương 7 Plus Gold Sao Thái Dương sạch gàu, giảm ngứa và rụng tóc (250ml)",Dầu gội dầu xả,Dung dịch,150000.0,Sao Thái Dương,Việt Nam,Việt Nam,
"Nước tắm gội Thảo Dược cho bé Kutieskin ngăn ngừa rôm sảy, mẩn ngứa, giúp dưỡng ẩm da bé (200ml)",Dầu gội dầu xả,,130000.0,Kutieskin,Việt Nam,Việt Nam,4.5
"Tinh dầu bạch đàn chanh Kutieskin giúp đuổi muỗi và côn trùng, dịu vết sưng tấy, làm dịu da (5ml)",Chăm sóc cơ thể,,42000.0,Kutieskin,Việt Nam,Việt Nam,4.7
"Gel Actidem Derma giúp ngăn ngừa mụn, làm mờ vết thâm (18g)",Chăm sóc da mặt,Nhũ tương (Gel),138000.0,ACTIDEM,Việt Nam,Việt Nam,4.9
Kem dưỡng da La Roche-Posay Cicaplast Baume B5+ hỗ trợ làm dịu và phục hồi làn da (40ml),"Sữa dưỡng thể, kem dưỡng thể",Dạng kem,312000.0,Laroche posay,Pháp,Pháp,5.0
"Sữa rửa mặt bọt Anti-Redness Gentle Cleansing Foam Sebamed cho da siêu nhạy cảm, phục hồi biến chứng da (150ml)","Sữa rửa mặt (Kem, gel, sữa)",,411000.0,Sebamed,Đức,Đức,5.0
"Tinh dầu Khuynh Diệp Eucalyptus Oil Agimexpharm ấm da vùng xoa, dùng massage thư giãn dành cho mẹ và bé (30ml)",Chăm sóc cơ thể,,56550.0,Agimexpharm,Việt Nam,Việt Nam,
Sữa tắm gội hàng ngày Lactacyd Baby Gentle Care cho trẻ giảm rôm sảy và hăm kẻ (500ml),"Sữa tắm, xà bông",,170000.0,Lactacyd,Pháp,Việt Nam,
Sữa rửa mặt sạch sâu dành cho da dầu Cerave Developed With Dermatologists Foaming Cleanser (236ml),"Sữa rửa mặt (Kem, gel, sữa)",,289000.0,Cerave,Hoa Kỳ,Trung Quốc,4.9
Nước tẩy trang Garnier Skin Naturals Micellar Cleansing Water Salicylic BHA dành cho da dầu và mụn (400ml),"Nước tẩy trang, dầu tẩy trang",,160650.0,Garnier,Pháp,Indonesia,4.6
Nước tẩy trang L'Oreal Micellar Water 3-in-1 Refreshing dành cho da nhạy cảm (400ml),"Nước tẩy trang, dầu tẩy trang",,229000.0,Loreal,Pháp,Trung Quốc,5.0
Sữa rửa mặt dịu nhẹ Cetaphil Gentle Skin Cleanser cung cấp độ ẩm cho da (500ml),"Sữa rửa mặt (Kem, gel, sữa)",Nhũ tương (Gel),345100.0,Cetaphil,Thụy Sĩ,Canada,5.0
Sữa rửa mặt dịu nhẹ Cetaphil Gentle Skin Cleanser cung cấp độ ẩm cho da (125ml),"Sữa rửa mặt (Kem, gel, sữa)",Nhũ tương (Gel),162000.0,Cetaphil,Canada,Canada,4.9
Sữa rửa mặt dịu nhẹ Cetaphil Gentle Skin Cleanser bổ sung độ ẩm dành cho mọi loại da (250ml),"Sữa rửa mặt (Kem, gel, sữa)",,234600.0,Cetaphil,Canada,Canada,5.0
Dầu gội chống gàu Selsun Anti-Dandruff Shampoo Rohto sạch gàu và hết ngứa da đầu (250ml),Dầu gội trị nấm,,178400.0,Rohto,Nhật Bản,Việt Nam,5.0
Dung dịch vệ sinh phụ nữ Lactacyd Odor Fresh Sanofi hỗ trợ bảo vệ và ngăn mùi khó chịu (250ml),"Lăn khử mùi, xịt khử mùi",,75000.0,Lactacyd,,Việt Nam,5.0
Sữa tắm gội trẻ em tinh chất hoa cúc Cetaphil Baby Wash And Shampoo With Organic Calendula (400ml),"Sữa tắm, xà bông",,244850.0,Cetaphil,Canada,Đức,5.0
Sữa tắm và gội cho trẻ em Cetaphil Baby Gentle Wash And Shampoo (400ml),"Sữa tắm, xà bông",,202520.0,Cetaphil,Canada,Đức,5.0
Dầu gội dược liệu Thái Dương 3 hương hoa sạch gàu mà vẫn suôn mềm (200ml),Dầu gội dầu xả,,60000.0,Sao Thái Dương,Việt Nam,Việt Nam,5.0
Dầu gội dược liệu Thái Dương 3 hương lá sạch gàu mà vẫn suôn mềm (200ml),Dầu gội dầu xả,,60000.0,Sao Thái Dương,Việt Nam,Việt Nam,
"Kem rửa mặt ngăn ngừa mụn Acnes Creamy Wash Rohto dành cho da nhờn, da hỗn hợp (100g)","Sữa rửa mặt (Kem, gel, sữa)",,70000.0,Acnes,Nhật Bản,Việt Nam,5.0
Chai xịt Zuchi Family Hoa Linh khử mùi hôi chân và giày (50ml),"Lăn khử mùi, xịt khử mùi",,29000.0,Hoa Linh,Việt Nam,Việt Nam,1.0
"Sữa tắm Tây Thi Sao Thái Dương sạch da, hạn chế viêm lỗ chân lông, viêm da, mụn trứng cá ở trẻ em (200g)","Sữa tắm, xà bông",,65000.0,Sao Thái Dương,Việt Nam,Việt Nam,5.0
Dầu gội dược liệu sạch chấy Aladin Sao Thái Dương (30g),Dầu gội dầu xả,,50000.0,Sao Thái Dương,Việt Nam,Việt Nam,5.0
Dầu gội đầu Y Lang Chí làm sạch các ký sinh trùng ngoài da (100ml),Dầu gội dầu xả,,11500.0,Namdo,Việt Nam,Việt Nam,5.0
Gel rửa mặt Isis Pharma Teen Derm Gel hỗ trợ giảm nhờn trên da và ngăn ngừa mụn trứng cá (150ml),"Sữa rửa mặt (Kem, gel, sữa)",,280000.0,ISIS PHARMA,Pháp,Pháp,5.0
"Gel Hiruscar Medinova điều trị sẹo lõm, sẹo lồi do phẫu thuật (5g)","Trị sẹo, mờ vết thâm",Nhũ tương (Gel),136000.0,Medinova,Thụy Sĩ,Thái Lan,5.0
"Dung dịch xịt Nacurgo màng sinh học bảo vệ, tái tạo da tổn thương (100 lần xịt)","Trị sẹo, mờ vết thâm",,119000.0,NewTech,Việt Nam,Việt Nam,5.0
"Bột khử mùi Trapha Traphaco hỗ trợ khử mùi, làm thơm, ngăn ngừa mùi hôi nách, hôi chân khi đi giày (30g)","Lăn khử mùi, xịt khử mùi",,11000.0,Traphaco,Việt Nam,Việt Nam,4.7
Nhuộm tóc dược liệu Thái Dương nhuộm phần tóc bạc (5 gói),Chăm sóc tóc - da đầu,,90000.0,Sao Thái Dương,Việt Nam,Việt Nam,5.0
"Dầu gội dược liệu Thái Dương 7 hương hoa bưởi sạch gàu, không ngứa, giảm rụng tóc cho tóc dầu, tóc thường (200ml)",Dầu gội dầu xả,,100000.0,Sao Thái Dương,Việt Nam,Việt Nam,
"Kem nghệ và vitamin Thái Dương Nano Bạc dưỡng da, nhanh liền sẹo, mờ vết thâm, nám (20g)","Trị sẹo, mờ vết thâm",,18000.0,Sao Thái Dương,Việt Nam,Việt Nam,4.8
"Sữa rửa chuyên dụng Gammaphil dành cho da nhờn, da khô, da nhạy cảm của trẻ sơ sinh và trẻ em (125ml)","Sữa rửa mặt (Kem, gel, sữa)",,40000.0,GAMMA,Việt Nam,Việt Nam,4.6
"Gel Megaduo hỗ trợ ngừa mụn trứng cá, ngừa thâm, dưỡng da (15g)","Kem trị mụn, gel trị mụn",Nhũ tương (Gel),125000.0,GAMMA,Việt Nam,Việt Nam,4.8
Sữa chống nắng dưỡng da trắng mịn Sunplay Skin Aqua Clear White SPF 50+ PA++++ (25g),Kem chống nắng da mặt,,106250.0,Sunplay,Nhật Bản,Việt Nam,5.0
"Kem Gót Sen Thái Dương giữ ẩm, dưỡng da dành cho da khô nứt nẻ (20g)","Kem dưỡng da tay, chân",,20000.0,Sao Thái Dương,Việt Nam,Việt Nam,5.0
"Gel Derma Forte Gamma hỗ trợ làm mờ sẹo, ngừa vết thâm, ngừa tái phát mụn, sạch bã nhờn trên da (15g)","Kem trị mụn, gel trị mụn",,99000.0,GAMMA,Việt Nam,Việt Nam,4.8
"Kem bôi da Yoosun rau má Đại Bắc ngừa mụn, mát da, tránh sẹo (25g)","Trị sẹo, mờ vết thâm",,30000.0,Đại Bắc,Việt Nam,Việt Nam,4.8
"Kem Vaseline Pure OPC phòng nứt môi, khô môi, nứt da bàn chân, bàn tay (10g)",Trị nứt da,Dạng kem,18000.0,Opc,,Việt Nam,
"Dầu Mù U Quang Minh làm mềm và mượt da, mờ vết sẹo (15ml)","Trị sẹo, mờ vết thâm",,9000.0,Quang Minh,Việt Nam,Việt Nam,5.0
"Gel làm sạch da và kháng khuẩn Subạc Spaphar tái tạo da, ngăn ngừa sẹo (25g)",Viêm da cơ địa,Gel,150000.0,SPAPHAR,Ấn Độ,Việt Nam,5.0
"Kem bôi da trẻ em Skin BiBi Nam Hà Pharma chống hăm, khô da, mẩn ngứa (10g)",Chăm sóc cơ thể,,24000.0,Nam Hà,Việt Nam,Việt Nam,5.0
Dầu gội chống gàu Selsun Anti-Dandruff Shampoo Rohto sạch gàu và hết ngứa da đầu (100ml),Dầu gội trị nấm,Dung dịch,81600.0,Rohto,Nhật Bản,Việt Nam,5.0
"Sữa tắm gội hàng ngày Body And Hair Wash Lactacyd Baby Extra Milky sạch dịu nhẹ, dưỡng ẩm vượt trội (250ml)","Sữa tắm, xà bông",,95000.0,Lactacyd,Pháp,Việt Nam,5.0
"Giấy thấm dầu Acnes Oil Remover Paper giúp kiểm soát nhờn, ngăn ngừa mụn (100 tờ)",Chăm sóc da mặt,,30000.0,Acnes,Nhật Bản,Việt Nam,
"Kem dưỡng ẩm Vaseline Pure OPC hương dâu phòng nứt môi, khô môi, nứt da bàn chân, bàn tay (10g)",Son môi,Dạng kem,22000.0,Opc,,Việt Nam,5.0
"Sữa tắm gội hàng ngày Body And Hair Wash Lactacyd Baby Extra Milky sạch dịu nhẹ, dưỡng ẩm vượt trội (500ml)","Sữa tắm, xà bông",,165000.0,Lactacyd,Pháp,Việt Nam,5.0
Xịt dung dịch Towders Spray Ocean Pharma làm sạch các loại ký sinh trùng khỏi da (150ml),Chăm sóc cơ thể,Dạng xịt,255000.0,Quang Xanh,Việt Nam,Việt Nam,4.7
"Dầu gội dược liệu Nguyên Xuân Nâu dưỡng tóc và da đầu, sạch gàu, hết ngứa, giảm tóc gãy rụng (200ml)",Dầu gội dầu xả,,68000.0,Nguyên Xuân,Việt Nam,Việt Nam,5.0
"Kem Towders Cream Quang Xanh hỗ trợ phòng ngừa muỗi, ghẻ,  chấy và giữ ẩm, mềm mịn da (15g)",Chăm sóc cơ thể,Dạng kem,83000.0,Quang Xanh,Việt Nam,Việt Nam,5.0
"Dầu gội dược liệu Nguyên Xuân Xanh Lá dưỡng tóc và da đầu, sạch gàu, hết ngứa, giảm tóc gãy rụng (200ml)",Dầu gội dầu xả,,72000.0,Nguyên Xuân,Việt Nam,Việt Nam,4.8
"Kem dưỡng ẩm Latopic Face And Body Cream làm dịu ngứa da dị ứng, kích ứng da, giảm thô ráp da (75ml)","Sữa dưỡng thể, kem dưỡng thể",Dạng kem,379000.0,LATOPIC,Ba Lan,Ba Lan,5.0
Sáp dưỡng môi Vaseline Lip Care Rosy Lips bảo vệ môi khỏi những tác động của thời tiết (7g),Son môi,Dạng sáp,78000.0,Vaseline,Hàn Quốc,Hàn Quốc,5.0
"Gel Megaduo Plus giúp ngừa mụn trứng cá, ngừa thâm, dưỡng da (15g)","Kem trị mụn, gel trị mụn",Nhũ tương (Gel),128000.0,GAMMA,Việt Nam,Việt Nam,4.9
"Dầu gội dược liệu Nguyên Xuân sạch gàu, hết ngứa, dưỡng tóc, giảm gãy rụng dành cho tóc khô xơ, hư tổn (250ml)",Dầu gội dầu xả,,90000.0,Nguyên Xuân,Việt Nam,Việt Nam,5.0
"Dầu gội dược liệu Nguyên Xuân hương hoa sạch gàu, hết ngứa, cân bằng lượng dầu, giảm tóc gãy rụng (250ml)",Dầu gội dầu xả,Dung dịch,107000.0,Nguyên Xuân,Việt Nam,Việt Nam,5.0
"Dầu Dừa Tươi Raw Virgin Coconut Oil Coboté 100ml dưỡng ẩm da, dưỡng tóc, chăm sóc răng miệng",Chăm sóc cơ thể,Dung dịch,90000.0,,Việt Nam,Việt Nam,
"Dầu Massage Cho Bé Nourish & Care Baby Oil Coboté 100ml dưỡng ẩm, làm dịu vết công trùng cắn, giảm rôm sảy, cứt trâu",Chăm sóc cơ thể,Dung dịch,139000.0,,Việt Nam,Việt Nam,
Kem dưỡng ẩm da lô hội Aloins Eaude Cream S 180g dùng cho mặt và toàn thân,"Sữa dưỡng thể, kem dưỡng thể",Dạng kem,360000.0,,Nhật Bản,Nhật Bản,
"Sữa tắm gội 2 in 1 Bimunica Shampoo and Body Wash 250ml dưỡng ẩm, mịn da cho trẻ sơ sinh","Sữa tắm, xà bông",,220000.0,,,Liên Bang Nga,
"Dầu dừa mát xa Bé Con Sense Plus dưỡng ẩm, giữ ấm, giảm rôm, sẩy và cứt trâu cho bé (50ml)",Dầu dừa,Dung dịch,145000.0,Sense Plus,Việt Nam,Việt Nam,5.0
"Nước tắm gội thảo dược Dr.Papie Starmed làm sạch, làm dịu mát da, chăm sóc và bảo vệ da bé (230ml)","Sữa tắm, xà bông",Dung dịch,135000.0,DR. PAPIE,Việt Nam,Việt Nam,5.0
"Kem bôi da Yoosun Nghệ Đại Bắc mờ thâm, giảm sẹo, ngừa mụn (25g)","Trị sẹo, mờ vết thâm",,24000.0,Đại Bắc,Việt Nam,Việt Nam,5.0
"Thanh dưỡng trắng da Transino Whitening Stick (5,3g)","Sữa dưỡng thể, kem dưỡng thể",,816000.0,Transino,Nhật Bản,Nhật Bản,5.0
"Kem vệ sinh Ziaja Intimate bổ sung Hyaluronic Acid giúp làm sạch, khử mùi hôi cho mọi đối tượng (200ml)",Chăm sóc cơ thể,,215000.0,Ziaja,Ba Lan,Ba Lan,
Kem dưỡng ban ngày Sebamed Anti-Redness Light Day Care dành cho da rất nhạy cảm và dễ bị đỏ (50ml),"Sữa dưỡng thể, kem dưỡng thể",,655000.0,Sebamed,Đức,Đức,5.0
Kem vệ sinh Ziaja Intimate bổ sung Lactobionic Acid giúp ngăn ngừa tình trạng viêm nhiễm phụ khoa (200ml),Chăm sóc cơ thể,Dạng kem,230000.0,Ziaja,Ba Lan,Ba Lan,
"Kem giảm thâm Hebe Effective Whitening Cream La Beaute hỗ trợ giảm thâm vùng nách, vùng kín (35g)","Da sạm, xỉn màu",Dạng kem,129000.0,La Beauty,Việt Nam,Việt Nam,5.0
"Lăn khử mùi Aquaselin Extreme For Men dùng cho vùng nách dành cho nam giới, giảm mồ hôi (50ml)","Lăn khử mùi, xịt khử mùi",,286000.0,Aquaselin,Ba Lan,Ba Lan,
Sữa chống nắng cho mặt và toàn thân Sunplay Super Block SPF 81 PA++++ không gây khô da (30g),Chống nắng toàn thân,,82400.0,Sunplay,Nhật Bản,Việt Nam,5.0
Dung dịch thảo dược An Bảo hết sưng ngứa do muỗi đốt (12ml),Chăm sóc cơ thể,,35000.0,Nam Dược,Việt Nam,Việt Nam,5.0
Kem dưỡng ẩm Ceradan Ceramide Hydra Moisturiser dành cho da khô và nhạy cảm (30g),"Dưỡng da bị khô, thiếu ẩm",Dạng kem,170000.0,Hyphens,Singapore,Singapore,5.0
"Dầu dưỡng da Bio-Oil Specialist Skincare Oil chăm sóc da bị sẹo, vết rạn, da không đều màu (60ml)",Trị nứt da,Dạng dầu,170100.0,Bio-Oil,Nam Phi,Nam Phi,5.0
"Lăn khử mùi Aquaselin Insensitive Women dùng cho vùng nách không nhạy cảm dành cho nữ, giảm mồ hôi (50ml)","Lăn khử mùi, xịt khử mùi",,286000.0,Aquaselin,Ba Lan,Ba Lan,5.0
Sữa dưỡng ẩm toàn thân cho bé Cetaphil Baby Daily Lotion hỗ trợ bảo vệ làn da (400ml),"Dưỡng da bị khô, thiếu ẩm",,212500.0,Cetaphil,Canada,Canada,5.0
Sữa tắm và gội cho trẻ em Cetaphil Baby Gentle Wash And Shampoo (230ml),"Sữa tắm, xà bông",,144500.0,Cetaphil,Canada,Đức,
Kem Ticarlox trị và làm mờ sẹo lồi (10g),"Trị sẹo, mờ vết thâm",,50000.0,Thiên Khánh,Việt Nam,Việt Nam,
Sữa rửa mặt và toàn thân cao cấp Adaphil Gentle Skin Cleanser Gamma dành cho mọi loại da (125ml),"Sữa rửa mặt (Kem, gel, sữa)",,70000.0,GAMMA,Việt Nam,Việt Nam,5.0
Sữa tắm Eucerin pH5 WashLotion Preserves Skin Resilience dành cho da nhạy cảm (400ml),Chăm sóc cơ thể,,212000.0,Eucerin,Đức,Thái Lan,
"Kem bôi dạng gel Hiruscar Silicone Pro Medinova mờ sẹo, giảm ngứa và khó chịu liên quan đến sẹo (10g)","Trị sẹo, mờ vết thâm",Nhũ tương (Gel),212000.0,Medinova,Thụy Sĩ,Thái Lan,5.0
"Kem Rejuvaskin Scar Esthetique làm mờ sẹo, mờ vết thâm trên da (10ml)","Trị sẹo, mờ vết thâm",,340000.0,Rejuvaskin,Hoa Kỳ,Hoa Kỳ,4.8
"Gel Hiruscar Kids Medinova giúp sẹo mờ dần, phẳng và mềm hơn (10g)","Trị sẹo, mờ vết thâm",,182000.0,HIRUSCAR,Thụy Sĩ,Swaziland,5.0
Dầu dừa làm đẹp Coconut Beautifying Oil da căng tóc mượt (50ml),Dầu dừa,Dung dịch,98000.0,Sense Plus,Việt Nam,Việt Nam,
"Dầu dưỡng da ban đêm NNO Nourishing Night Oil MEGA We care giữ ẩm, ngừa vết nhăn, đốm nâu (3 vỉ x 10 viên)","Kem trị nám, tàn nhang, đốm nâu",,135000.0,MEGA We care,Thái Lan,Thái Lan,5.0
"Xà phòng Acnes Body Bar Saffron And Betel Leaf làm sạch da, ngừa mụn, mờ thâm (75g)","Sữa tắm, xà bông",,69000.0,Neo Acnes,Việt Nam,Việt Nam,
"Dung dịch Bioderma Sensibio H2O dạng hạt mixen (micelle) dùng tẩy trang dành cho mặt, mắt, da nhạy cảm (500ml)","Nước tẩy trang, dầu tẩy trang",,525000.0,Bioderma,Pháp,Pháp,5.0
"Dung dịch Bioderma Sebium H2O dạng hạt mixen (micelle) dùng tẩy trang dành cho da hỗn hợp, da dầu (500ml)",Chăm sóc da mặt,,525000.0,Bioderma,Pháp,Pháp,5.0
"Dầu gội Dược liệu Nguyên Xuân xanh lá 275ml dưỡng tóc và da đầu, giảm gãy rụng",Dầu gội dầu xả,,90000.0,Nguyên Xuân,Việt Nam,Việt Nam,
Dung dịch vệ sinh Saforelle Miss 250ml dành cho bé gái,Chăm sóc cơ thể,Gel,320000.0,Saforelle,Pháp,Pháp,5.0
"Nước súc miệng kháng khuẩn Pharmedic Orafar 250ml ngừa sâu răng, bảo vệ men răng",Chăm sóc cơ thể,Dung dịch,20000.0,Pharmedic,Việt Nam,Việt Nam,
Serum chống nắng Bioré UV Body Care Serum Intensive Aura SPF50+ PA+++ dưỡng thể sáng da mịn màng (150ml),Chống nắng toàn thân,,172800.0,Biore,Nhật Bản,Việt Nam,
Kem chống nắng Cetaphil Sun Spf 50+ bảo vệ da trước tác động của ánh nắng mặt trời (50ml),Chống nắng toàn thân,,324350.0,Cetaphil,Canada,Pháp,5.0
Kem chống hăm tã Calendula Diaper Cream Cetaphil giúp chăm sóc da và làm dịu hăm tã cho bé (70g),Chăm sóc cơ thể,Kem,223270.0,Cetaphil,Canada,Pháp,5.0
Dầu gội Radical Med Anti - Dandruff làm sạch và ngăn ngừa rụng tóc (300ml),Dầu gội dầu xả,,425000.0,Radical,,Phần Lan,
Dầu gội làm sạch gàu Vichy Laboratoires Dercos Technique Anti-Dandruff Ds Dermatological (75ml),Dầu gội dầu xả,Dung dịch,124800.0,Vichy,Pháp,Tây Ban Nha,
Sữa tắm Ceradan Moisturising Wash 280ml dùng cho mọi vùng da kể cả da mặt,"Sữa tắm, xà bông",Nhũ tương (Gel),272000.0,Ceradan,Singapore,Singapore,
Sữa rửa mặt tạo bọt dịu lành Cetaphil Hydrating Foaming Cream Cleanser (236ml),"Sữa rửa mặt (Kem, gel, sữa)",,272000.0,Cetaphil,Canada,Canada,5.0
"Kem chống nắng Defender UV Serum Invisible Fluid L’Oréal SPF50+ và PA++++ giúp ngăn ngừa lão hóa, đốm nâu (50ml)",Kem chống nắng da mặt,Serum,379000.0,Loreal,Pháp,Indonesia,5.0
"Sữa tắm gội cho bé Kutieskin giúp làm sạch dịu nhẹ, chăm sóc và bảo vệ da bé (200ml)","Sữa tắm, xà bông",,130000.0,Kutieskin,Việt Nam,Việt Nam,5.0
Sữa chống nắng La Roche-Posay Anthelios Uvmune 400 dành cho da dầu mụn (50ml),Kem chống nắng da mặt,,436800.0,Laroche posay,Pháp,Pháp,5.0
Kem hỗ trợ điều trị mụn Effaclar Duo+M Laroche posay giảm mụn trong vòng 8 giờ (40ml),Chăm sóc da mặt,Dạng kem,384000.0,Laroche posay,Pháp,Pháp,5.0
"Kem bôi Fuginex Cream Dizigone 25g Terrapharm giúp làm sạch, kháng khuẩn, làm dịu da",Viêm da cơ địa,Kem,140000.0,Terrapharm,Việt Nam,Việt Nam,
KEM DƯỠNG ẨM DA CERADAN HYDRA HYPHENS HỘP 80G,"Sữa dưỡng thể, kem dưỡng thể",,325000.0,Ceradan,Singapore,Singapore,
"Dầu gội Redenyl Medimar dùng để trị gàu, viêm da tiết bã nhờn, ngăn ngừa rụng tóc (200ml)",Dầu gội dầu xả,,359000.0,MEDIMAR,Hy Lạp,Hy Lạp,
Sữa rửa mặt và toàn thân Adaphil Gentle Skin Cleanser giúp làm sạch và dưỡng da (500ml),"Sữa rửa mặt (Kem, gel, sữa)",Dung dịch,215000.0,GAMMA,Việt Nam,Việt Nam,
Gel Nacurgo Gelpro 20g làm giảm thâm sẹo,"Trị sẹo, mờ vết thâm",,220000.0,Nacurgo,Việt Nam,Việt Nam,5.0
"Kem Pure Paw Paw Ointment hương dâu giúp dưỡng ẩm, giảm nứt nẻ, trị bỏng, côn trùng cắn (25g)",Chăm sóc cơ thể,,77000.0,,Úc,Úc,
"Kem Pure Paw Paw Ointment hỗ trợ dưỡng ẩm, giảm nứt nẻ, trị bỏng, côn trùng cắn (25g)",Chăm sóc cơ thể,,110000.0,,Úc,Úc,5.0
"Gel Actidem Derma giúp ngăn ngừa mụn, làm mờ vết thâm (40g)",Chăm sóc da mặt,Nhũ tương (Gel),209000.0,ACTIDEM,Việt Nam,Việt Nam,5.0
"Dầu gội Rudondo New Quang Xanh giúp sạch gầu, giảm nấm, dầu nhờn da dầu (120ml)",Dầu gội trị nấm,,120000.0,Quang Xanh,Việt Nam,Việt Nam,
"Kem chống nắng Sunplay Skin Aqua Tone Up UV Essence SPF50+ PA++++ giữ ẩm, dưỡng sáng dành cho mọi loại da (50g)",Kem chống nắng da mặt,,169150.0,Sunplay,Nhật Bản,Việt Nam,5.0
Kem bôi da Ceradan Advanced Moisturising Skin Barrier Cream 30g dưỡng ẩm và giúp phục hồi da khô,"Sữa dưỡng thể, kem dưỡng thể",Dạng kem,308000.0,Ceradan,Singapore,Singapore,
Sữa rửa mặt CeraVe SA Smoothing Cleanser dịu nhẹ dành cho da nhạy cảm (236ml),"Sữa rửa mặt (Kem, gel, sữa)",,280500.0,Cerave,Hoa Kỳ,Pháp,
"Tinh dầu bạch đàn chanh Kutieskin giúp đuổi muỗi và côn trùng dịu vết sưng tấy, làm dịu da (30ml)",Chăm sóc cơ thể,,186000.0,Kutieskin,Việt Nam,Việt Nam,5.0
"Dung dịch chăm sóc da mặt Navico làm sạch da mặt, giảm cặn bã (60ml)",Chăm sóc da mặt,,9000.0,Nam Việt,Việt Nam,Việt Nam,5.0
"Xà phòng tắm Atids Salicylic Acid 2% + Sulfur làm sạch da, thích hợp cho da dầu, da mụn (80g)","Sữa tắm, xà bông",Dạng sáp,95000.0,ASAN C&S,Hàn Quốc,Hàn Quốc,
Sữa chống nắng dạng xịt Banana Boat Sport Ultra Suncreen Continuos Spray SPF 100 PA++++ (170g),Chống nắng toàn thân,Dạng xịt,279000.0,Banana Boat,Hoa Kỳ,Hoa Kỳ,
Xịt chống nắng trẻ em Banana Boat Kids Sensitive Sunscreen Spray SPF50+ PA++++ dành cho toàn thân (170g),Chống nắng toàn thân,Dạng xịt,285000.0,Banana Boat,Hoa Kỳ,Hoa Kỳ,5.0
"Kem chống nắng Isis Pharma Neotone Radiance SPF 50+ dưỡng trắng, mờ nám, phục hồi da (30ml)",Kem chống nắng da mặt,,909000.0,ISIS PHARMA,Pháp,Pháp,
Sữa chống nắng dưỡng ẩm Senka Perfect UV Milk N SPF50+ PA++++ dành cho mặt và toàn thân (40ml),Chống nắng toàn thân,,146300.0,Senka,Nhật Bản,Nhật Bản,
"Chống nắng dạng Essence Senka Perfect UV Essence SPF50+ PA++++ dành cho mặt, nâng tông da (50g)",Chống nắng toàn thân,,146300.0,Senka,Nhật Bản,Nhật Bản,5.0
Gel sữa chống nắng Senka Perfect UV Gel N SPF 50+ PA++++ dành cho mặt và toàn thân (80ml),Chống nắng toàn thân,Nhũ tương (Gel),160300.0,Senka,Nhật Bản,Nhật Bản,5.0
"Nhũ tương Probiotic Emollient Latopic làm dịu da, giảm ngứa, giảm khô (250ml)","Sữa dưỡng thể, kem dưỡng thể",Nhũ tương (Gel),589000.0,LATOPIC,Ba Lan,Ba Lan,
Sửa rửa mặt tạo bọt dịu nhẹ Eucerin Acne-Oil Control Pro Acne Solution Soft Cleansing Foam (50g),"Sữa rửa mặt (Kem, gel, sữa)",,159000.0,Eucerin,Đức,Thái Lan,5.0
Sữa rửa mặt cho da nhạy cảm Eucerin PH5 Facial Cleanser Sensitive Skin (100ml),"Sữa rửa mặt (Kem, gel, sữa)",,95200.0,Eucerin,Đức,Thái Lan,5.0
Chai xịt Redenyl Lotion hỗ trợ giúp mọc tóc và ngăn ngừa rụng tóc (80ml),Chăm sóc tóc - da đầu,,590000.0,MEDIMAR,Hy Lạp,Hy Lạp,5.0
"Kem dưỡng ẩm Megaderm 50g CVI Pharma dưỡng ẩm, làm mềm da, giúp giảm tình trạng khô, nứt nẻ da (1 hộp x 1 chai)","Dưỡng da bị khô, thiếu ẩm",,150000.0,CVI Pharma,Việt Nam,Việt Nam,
"Son dưỡng dầu dừa Bến Tre Cocoon chống khô môi, nứt nẻ do thời tiết (5g)",Son môi,,32000.0,Cocoon,Việt Nam,Việt Nam,5.0
"Nước tẩy trang Garnier Micellar Oil-infused Cleansing Water giúp làm sạch da và lấy đi bụi bẩn, cặn trang điểm và dầu thừa (400ml)","Nước tẩy trang, dầu tẩy trang",,219000.0,Garnier,Pháp,Indonesia,5.0
"Sữa rửa mặt Perfect Whip Collagen in Senka loại bỏ bụi bẩn, bụi mịn và bã nhờn (120g)","Sữa rửa mặt (Kem, gel, sữa)",,101150.0,Senka,Nhật Bản,Nhật Bản,
"Nước tẩy trang Micellar All Clear Water Fresh Senka giúp làm sạch lớp trang điểm khó trôi, bụi bẩn, bã nhờn (230ml)","Nước tẩy trang, dầu tẩy trang",,101150.0,Senka,Nhật Bản,Việt Nam,5.0
"Sáp Lanolina Kosmetyczna Ziaja làm dịu phát ban, kích ứng do bị tổn thương cho da và niêm mạc (10g)","Dưỡng da bị khô, thiếu ẩm",,198000.0,Ziaja,Ba Lan,Ba Lan,
"Gel rửa mặt Avacne Cleansing Auvi giúp làm sạch và giảm nhờn, dưỡng ẩm và se khít lỗ chân lông (150g)","Sữa rửa mặt (Kem, gel, sữa)",Nhũ tương (Gel),385000.0,Auvi Nature,Úc,Úc,
Kem dưỡng ẩm dành cho da khô Cerave Developed With Dermatologists Moisturising Cream 340g,"Sữa dưỡng thể, kem dưỡng thể",,357000.0,Cerave,Hoa Kỳ,Pháp,5.0
"Sữa rửa mặt Cerave Hydrating Cleanser giúp làm sạch sâu dành cho da thường, da khô (236ml)","Sữa rửa mặt (Kem, gel, sữa)",,280500.0,Cerave,Hoa Kỳ,Pháp,5.0
Sữa rửa mặt ngừa mụn Garnier Skin Naturals Bright Complete Anti-Acne Cleansing Foam (100ml),"Sữa rửa mặt (Kem, gel, sữa)",,119000.0,Garnier,Pháp,Indonesia,5.0
Tinh chất dưỡng sáng da Garnier Skin Naturals Bright Complete 30x Vitamin C Booster Serum (30ml),"Serum, Essence hoặc Ampoule",,278100.0,Garnier,Pháp,Indonesia,5.0
Dưỡng chất giảm mụn sáng da Garnier Skin Naturals Bright Complete Anti-acne Booster Serum (30ml),"Serum, Essence hoặc Ampoule",,314100.0,Garnier,Pháp,Indonesia,5.0
"Nhũ tương mềm da 3% Urê Ziaja Med Mocznik 3% làm mềm, dưỡng ẩm, giảm khô da (50ml)",Chăm sóc cơ thể,,407000.0,Ziaja,Ba Lan,Ba Lan,
Sữa chống nắng Bioré UV Kids Pure Milk SPF50+ PA+++ dịu nhẹ cho trẻ em (70ml),Chống nắng toàn thân,,187200.0,Biore,Nhật Bản,Nhật Bản,4.7
"Xà phòng Acne-Aid Oil Control Soap Bar 100g làm sạch dịu nhẹ, giảm nhờn cho da nhờn và mụn","Sữa rửa mặt (Kem, gel, sữa)",,76800.0,Acne-Aid,Thái Lan,Trung Quốc,5.0
"Gel rửa mặt ngừa mụn Canova Salipil Detergente Sifarma giúp loại bỏ bụi bẩn, tế bào chết, làm giảm và ngăn ngừa mụn (150ml)","Sữa rửa mặt (Kem, gel, sữa)",Gel,350000.0,Sifarma,Ý,Ý,
Kem dưỡng ẩm Neutrogena Hydro Boost Water Gel (50g),Dưỡng da mặt,Dạng kem,272300.0,Johnson & Johnson,Hoa Kỳ,Hàn Quốc,4.5
Sữa rửa mặt dưỡng ẩm Neutrogena Deep Clean Gentle Foaming Cleanser (100g),"Sữa rửa mặt (Kem, gel, sữa)",,100000.0,Johnson & Johnson,Hoa Kỳ,Thái Lan,5.0
Nước tẩy trang Neutrogena Deep Clean Micellar Purifying Water Johnson And Johnson (400ml),"Nước tẩy trang, dầu tẩy trang",,176000.0,Johnson & Johnson,Mỹ,Hàn Quốc,5.0
Sữa rửa mặt trị mụn Acne Aid Liquid Cleanser Oil Control (100ml),"Sữa rửa mặt (Kem, gel, sữa)",Dung dịch,140000.0,Acne-Aid,Thái Lan,Thái Lan,4.6
"Son dưỡng ẩm chuyên sâu Nivea Peach Shine không thâm môi, không chứa chì (4.8g)",Son môi,,53900.0,Nivea,Đức,Thái Lan,4.7
"Son dưỡng ẩm Nivea Strawberry Shine dưỡng và duy trì độ ẩm cho môi (4,8g)",Son môi,,53900.0,Nivea,Đức,Thái Lan,4.6
Son dưỡng ẩm Nivea Original Care dưỡng và duy trì độ ẩm cho môi (4.8g),Son môi,,53900.0,Nivea,Đức,Thái Lan,5.0
Xịt kháng khuẩn khử mùi Dizigone 100ml Terrapharm hỗ trợ vết thương mau lành,Chăm sóc cơ thể,Dạng xịt,65000.0,Terrapharm,Việt Nam,Việt Nam,5.0
"Gel tắm gội Latopic Body and Hair Wash dành cho da dị ứng, kích ứng hỗ trợ dưỡng ẩm (400ml)","Sữa tắm, xà bông",Nhũ tương (Gel),533000.0,LATOPIC,Ba Lan,Ba Lan,
"Kem mềm da Ziaja Med Mocznik 15% làm mềm, dưỡng ẩm, chăm sóc da khô (100ml)","Dưỡng da bị khô, thiếu ẩm",,445000.0,Ziaja,Ba Lan,Ba Lan,
Sữa dưỡng da trẻ em tinh chất hoa cúc Cetaphil Baby With Organic Calendula Daily Lotion (400ml),"Sữa dưỡng thể, kem dưỡng thể",,330000.0,Cetaphil,Canada,Đức,5.0
"Kem chống nắng Vichy Capital Soleil Dry Touch Face Fluid SPF50 UVA+UVB mờ đốm nâu, chống lão hóa (50ml)",Kem chống nắng da mặt,,448000.0,Vichy,Pháp,Pháp,5.0
"Dầu gió Kimagi Agimexpharm giữ ấm cơ thể, xông hơi giải cảm (10 chai x 6ml)",Chăm sóc cơ thể,,25000.0,Agimexpharm,Việt Nam,Việt Nam,
"Sữa chống nắng Sunplay Skin Aqua Tone Up UV SPF50+ PA++++ kiểm soát dầu, dưỡng sáng da (50g)",Kem chống nắng da mặt,,169150.0,Rohto,Nhật Bản,Việt Nam,5.0
Serum chống nắng dưỡng thể kháng bụi Bioré UV SPF50+ PA+++ Kao (150ml),Chống nắng toàn thân,,159200.0,Biore,Nhật Bản,Việt Nam,5.0
Sữa chống nắng trang điểm Bioré UV Bright Milk SPF50+ PA++++ nâng tông da sáng hồng tự nhiên cho mặt (30ml),Kem chống nắng da mặt,,79200.0,Biore,Nhật Bản,Việt Nam,5.0
"Bánh xà phòng Dr.EA Zantis Soap Bar làm sạch da, kiểm soát bã nhờn cho da dầu, da mụn, nấm (80g)",Chăm sóc cơ thể,,105000.0,Dr.EA,Thổ Nhĩ Kỳ,Thổ Nhĩ Kỳ,5.0
"Dầu tắm Ziaja Med Atopic Skin giúp làm sạch da dịu nhẹ, dưỡng da và làm mềm mịn da (270ml)",Chăm sóc cơ thể,,427000.0,Ziaja,Ba Lan,Ba Lan,
"Kem dưỡng mềm da Nivea Soft bổ sung vitamin E, cân bằng độ ẩm (50ml)","Sữa dưỡng thể, kem dưỡng thể",,53200.0,Nivea,Đức,Thái Lan,5.0
Kem chống nắng giảm bóng nhờn La Roche-Posay Anthelios 50+ bảo vệ da trước tác hại của tia UVA/UVB (50ml),Chăm sóc da mặt,,448000.0,Laroche posay,Pháp,Pháp,5.0
"Gội là nâu Matrix làm thay đổi màu tóc, che phủ tóc bạc (10 gói x 30ml)",Chăm sóc tóc - da đầu,,21600.0,Matrix,Việt Nam,Việt Nam,5.0
"Gội là đen Matrix giúp mái tóc đen tự nhiên, che phủ tóc bạc (10 gói x 25ml)",Chăm sóc tóc - da đầu,,21600.0,Matrix,Việt Nam,Việt Nam,4.0
"Sữa tắm không cần dùng nước NoRinse Body Bath thay thế cách tắm thông thường (473,1ml)","Sữa tắm, xà bông",,256000.0,,Hoa Kỳ,Hoa Kỳ,
Kem chống nắng giảm nhờn Eucerin Sun Dry Touch Oil Control Face SPF50+ PA+++ (50ml),Kem chống nắng da mặt,,439200.0,Eucerin,Đức,Pháp,4.0
"Kem rửa mặt Acnes Vitamin Cleanser Rohto phục hồi làn da sau mụn, mờ sẹo và giảm nhanh thâm mụn (100g)","Sữa rửa mặt (Kem, gel, sữa)",,56000.0,Acnes,Nhật Bản,Việt Nam,5.0
"Kem Alvextra Skin Hydrating Cream Tanida dưỡng ẩm da tay, gót chân, giảm sạm da, vết thâm nám (50g)","Dưỡng da bị khô, thiếu ẩm",Dạng kem,68000.0,Tanida,Việt Nam,Việt Nam,5.0
"Kem phục hồi da Ceradan Ceramide Skin Barrier Repair Cream dành cho da khô, kích ứng và nhạy cảm (30g)","Dưỡng da bị khô, thiếu ẩm",Kem bôi da,245000.0,Hyphens,Singapore,Singapore,5.0
"Kem dưỡng da tay Lana Hand Cream giảm nhăn da, đồi mồi, ngứa, nứt nẻ da tay (80g)","Kem dưỡng da tay, chân",,42000.0,Lana,Việt Nam,Việt Nam,
"Sữa chống nắng cho bé Sunplay Baby Mild SPF35 PA++ Rohto ngăn đen sạm, bỏng rát cho da nhạy cảm (30g)",Chống nắng toàn thân,,82450.0,Sunplay,Nhật Bản,Việt Nam,
Kem dưỡng ẩm Cetaphil Moisturizing Cream hỗ trợ làm mềm và ẩm da (50g),"Sữa dưỡng thể, kem dưỡng thể",Dạng kem,190900.0,Cetaphil,Canada,Pháp,5.0
Chai xịt Zuchi Hoa Linh khử mùi hôi cơ thể (20ml),"Lăn khử mùi, xịt khử mùi",Dạng xịt,24000.0,Hoa Linh,Việt Nam,Việt Nam,5.0
"Gel Belazin hỗ trợ ngừa mụn trứng cá, ngừa thâm, dưỡng da (15g)","Kem trị mụn, gel trị mụn",Nhũ tương (Gel),125000.0,GAMMA,Việt Nam,Việt Nam,5.0
Kem dưỡng da chân Footgel Classic Lana chống nứt nẻ và làm mềm da chân (50g),"Kem dưỡng da tay, chân",,42000.0,Lana,Việt Nam,Việt Nam,
"Sữa chăm sóc da Skinsiogel Cleanser Gamma không chứa xà phòng, giữ ẩm, làm mềm da (150ml)","Sữa rửa mặt (Kem, gel, sữa)",,115000.0,GAMMA,Việt Nam,Việt Nam,5.0
Dầu gội Azasun Extra Gamma sạch gàu cho da đầu hết ngứa (120ml),Dầu gội dầu xả,,195000.0,GAMMA,Việt Nam,Việt Nam,
Dầu gội chống gàu Selsun Anti-Dandruff Shampoo Rohto sạch gàu và hết ngứa da đầu (50ml),Dầu gội trị nấm,,53100.0,Rohto,Nhật Bản,Việt Nam,5.0
Kem dưỡng ẩm Atopalm Intensive Moisturizing Cream phục hồi hàng rào da (30ml),"Dưỡng da bị khô, thiếu ẩm",,245000.0,Atoplam,Hàn Quốc,Hàn Quốc,4.2
"Kem Sali-10 Perfect Foot And Hand Cream giảm nhăn da, giữ ẩm da, giảm khô da, nứt nẻ ở gót chân, ngón tay (30g)","Kem dưỡng da tay, chân",Dạng kem,50000.0,GAMMA,Việt Nam,Việt Nam,
Sữa dưỡng thể Eucerin pH5 Lotion cung cấp độ ẩm cho da mịn màng và mềm mại (250ml),Chăm sóc cơ thể,,184800.0,Eucerin,Đức,Pháp,5.0
Kem A-Derma​​​​​​​ Dermalibour​​​​​​​​​​​​​​+ Repairing Cream làm dịu da dùng hằng ngày cho da kích ứng (50ml),Chăm sóc cơ thể,Dạng kem,417000.0,Aderma,Pháp,Pháp,
"Kem Alcopic Gamma giảm ngứa, rát, đau do viêm da cơ địa, viêm da tiếp xúc (40ml)",Viêm da cơ địa,,143500.0,Alcopic,Việt Nam,Việt Nam,
"Kem Atopiclair Cream Menarini giảm ngứa, rát, đau do viêm da cơ địa, viêm da tiếp xúc (40ml)",Giải pháp làn da,,270000.0,Menarini,Ý,Pháp,5.0
"Kem Fixderma Moisturizing Cream cân bằng độ ẩm cho da, giảm khô và bong tróc da (60g)",Dưỡng da mặt,,225000.0,Fixderma,Mỹ,Ấn Độ,5.0
"Kem Isis Pharma Mothercare dưỡng ẩm, giảm khô môi, chàm môi, nứt núm vú (15ml)",Chăm sóc ngực,,208000.0,ISIS PHARMA,Pháp,Pháp,
Gel rửa mặt dành cho da dầu da mụn Uriage Hyséac Gel Nettoyant (150ml),"Sữa rửa mặt (Kem, gel, sữa)",,354000.0,Uriage,Pháp,Pháp,5.0
Kem Vitiskin IsisPharma hỗ trợ điều trị bạch biến (50ml),Giải pháp làn da,,734000.0,ISIS PHARMA,Pháp,Pháp,
"Gel rửa mặt Isis Pharma Teen Derm Gel Sensitive giúp giảm nhờn, ngăn ngừa mụn cho da nhạy cảm (250ml)","Sữa rửa mặt (Kem, gel, sữa)",,399000.0,ISIS PHARMA,Pháp,Pháp,
Kem Isis Pharma Teenderm Alpha Pure hỗ trợ điều trị mụn trứng cá (30ml),"Kem trị mụn, gel trị mụn",,283000.0,ISIS PHARMA,Pháp,Pháp,5.0
"Dầu gội Mintar Liquid Gamma vệ sinh da đầu, sạch gàu, giảm gàu cho da đầu (150ml)",Chăm sóc tóc - da đầu,,88000.0,GAMMA,Việt Nam,Việt Nam,5.0
"Kem Heel Balm Bridge Healthcare làm mềm, phục hồi da thô ráp, khô, nứt nẻ ở gót chân và bàn chân (75g)","Kem dưỡng da tay, chân",,165000.0,,,Úc,5.0
"Sữa dưỡng ẩm Atopiclair Lotion Menarini giảm ngứa, rát, đau do viêm da cơ địa, viêm da tiếp xúc (120ml)","Dưỡng da bị khô, thiếu ẩm",Dung dịch,254000.0,Menarini,Pháp,Pháp,5.0
"Sữa rửa mặt Gamma Vinatid điều trị viêm da, mụn trứng cá (150ml)","Sữa rửa mặt (Kem, gel, sữa)",,120000.0,GAMMA,Việt Nam,Việt Nam,5.0
"Sữa tắm Loturelle Gentle Cleansing Gel hỗ trợ kháng khuẩn, kháng nấm (250ml)","Sữa tắm, xà bông",,157000.0,Hoa sen,Việt Nam,Việt Nam,
Gel chấm mụn chứa bùn hoạt tính Dermacos Anti-Ance Anti Imperfection Spot Gel giảm và ngăn ngừa mụn (15ml),"Kem trị mụn, gel trị mụn",,232000.0,FARMONA,Ba Lan,Ba Lan,5.0
Dầu gội Radical Med Anti - Hair Loss Shampoo làm sạch và ngăn ngừa rụng tóc (300ml),Dầu gội dầu xả,Dung dịch,485000.0,FARMONA,Ba Lan,Việt Nam,
Kem dưỡng ẩm chuyên sâu Eucerin Sensitive Skin Lipo - Balance dành cho da khô (50ml),"Dưỡng da bị khô, thiếu ẩm",,269000.0,Eucerin,Đức,Pháp,5.0
Gel rửa sạch sâu ngừa mụn chứa bùn hoạt tính Dermacos Anti-Acne Deep Cleansing Gel giảm nhờn trên da (150ml),Chăm sóc da mặt,,338000.0,FARMONA,Ba Lan,Ba Lan,5.0
Gel rửa mặt tạo bọt La Roche-Posay Effaclar Purifying Foaming Gel For Oily Sensitive Skin cho da dầu nhạy cảm (50ml),Chăm sóc da mặt,,210000.0,Laroche posay,Pháp,Pháp,
"Dầu xả Thái Dương 3 hương hoa suôn mềm, óng ả, tự nhiên (200ml)",Dầu gội dầu xả,Dung dịch,60000.0,Sao Thái Dương,Việt Nam,Việt Nam,
"Dầu xả dưỡng tóc Selsun Rohto suôn khỏe, mềm mượt, không gây gàu (100ml)",Dầu gội dầu xả,,58000.0,Rohto,Nhật Bản,Việt Nam,5.0
Sữa tắm dưỡng ẩm Ceradan Ceramide Moisturing Wash Face And Body dành cho mặt và toàn thân (150ml),"Sữa tắm, xà bông",Nhũ tương (Gel),220000.0,Ceradan,Singapore,Singapore,
"Sữa tắm, rửa mặt Clearinger Gamma làm ẩm và dịu da (150ml)","Sữa rửa mặt (Kem, gel, sữa)",Nhũ tương (Gel),178000.0,GAMMA,Việt Nam,Ấn Độ,
"Dầu gội không dùng nước NoRinse Shampoo làm sạch tóc nhẹ nhàng (236,6ml)",Dầu gội dầu xả,,166000.0,,Hoa Kỳ,Hoa Kỳ,
"Phim thấm dầu Acnes Oil Remover Film kiểm soát nhờn, ngăn ngừa mụn (50 tờ)",Chăm sóc da mặt,,54400.0,Acnes,Nhật Bản,Việt Nam,
"Gel Dolly-AC Acnes Gamma làm sạch bã nhờn trên da, ngừa mụn, mờ sẹo, mờ vết thâm mụn (15g)","Trị sẹo, mờ vết thâm",,130500.0,GAMMA,Việt Nam,Việt Nam,
"Gel Strataderm hỗ trợ điều trị sẹo lồi, sẹo xấu, sẹo lâu năm (5g)","Trị sẹo, mờ vết thâm",Nhũ tương (Gel),390000.0,Stratpharma,Thụy Sĩ,Pháp,4.8
"Kem Dermaton.US Acne Control SkinCare Cream Gamma dưỡng trắng, sạch mụn, ngừa sẹo thâm, sạch bã nhờn (20g)","Trị sẹo, mờ vết thâm",,50000.0,GAMMA,Việt Nam,Việt Nam,5.0
"Kem phục hồi da Ceradan Ceramide Skin Barrier Repair Cream dành cho da khô, kích ứng và nhạy cảm (10g)","Dưỡng da bị khô, thiếu ẩm",Kem bôi da,114000.0,Hyphens,Singapore,Singapore,
"Gel VP Mader 15g Gamma làm khô và hỗ trợ trị các loại mụn bọc, mụn mủ, mụn đầu đen","Kem trị mụn, gel trị mụn",,82000.0,GAMMA,Việt Nam,Việt Nam,3.0
"Dung dịch tắm rôm sảy em bé Phyto BEBE Opodis Pharma kháng khuẩn, nấm (100ml)","Sữa tắm, xà bông",Dung dịch,35000.0,Opodis Pharma,Việt Nam,Việt Nam,
Sữa tắm Eucerin pH5 WashLotion Preserves Skin Resilience dành cho da nhạy cảm (200ml),Chăm sóc cơ thể,Dung dịch,128700.0,Eucerin,Đức,Pháp,5.0
Gel mờ sẹo và giảm thâm mụn Acnes Scar Care Rohto (12g),"Trị sẹo, mờ vết thâm",,79000.0,Acnes,Nhật Bản,Việt Nam,5.0
"Dầu gội đầu Redwin Coal Tar Fragrance Shampoo 250ml làm sạch, cân bằng độ ẩm, ngăn ngừa gàu",Dầu gội dầu xả,Dung dịch,290000.0,PHARMACARE LABORATORIES,,Úc,
"Dầu gội REDWIN Tea Tree Shampoo 250ml giảm những triệu chứng ngứa, gàu, vảy, nấm da đầu",Dầu gội trị nấm,,279000.0,REDWIN,Úc,Úc,
Gel rửa mặt Eucerin Pro Acne Cleansing làm sạch dịu nhẹ cho da nhờn mụn (200ml),"Sữa rửa mặt (Kem, gel, sữa)",,369000.0,Eucerin,Đức,Đức,5.0
"Kem dưỡng ẩm Redwin Sensitive Skin Sorbolene Moisturiser With Vitamin E hỗ trợ điều trị chàm, vảy nến (100g)",Trị nứt da,,250000.0,PHARMACARE LABORATORIES,Úc,Úc,5.0
"Gel Fixderma Salyzap Day Time giảm mụn, ngăn ngừa hình thành nhân mụn mới (20g)","Kem trị mụn, gel trị mụn",,300000.0,Fixderma,Mỹ,Ấn Độ,5.0
"Lotion Fixderma Salyzap Lotion For Acne giảm mụn, ngăn ngừa hình thành nhân mụn mới (20ml)","Kem trị mụn, gel trị mụn",,300000.0,Fixderma,Mỹ,Ấn Độ,
"Dầu dưỡng da Bio-Oil Specialist Skincare Oil chăm sóc da bị sẹo, vết rạn, da không đều màu (125ml)","Trị sẹo, mờ vết thâm",,287100.0,Bio-Oil,Nam Phi,Nam Phi,5.0
Kem Fixderma Shadow SPF 50+ Cream giúp chống nắng và dưỡng ẩm (75g),Kem chống nắng da mặt,,269600.0,Fixderma,Mỹ,Ấn Độ,4.8
Tinh chất Radical Med Anti-Hair Loss làm sạch tóc và da đầu (3 ống x 5ml),Dầu gội dầu xả,,385000.0,Radical,Ba Lan,Ba Lan,
Nước tẩy trang La Roche-Posay Effaclar Micellar Water Ultra Oily Skin cho da dầu (400ml),"Nước tẩy trang, dầu tẩy trang",,405600.0,Laroche posay,Pháp,Pháp,
Sữa tắm dưỡng ẩm Redwin Sensitive Skin Sorbolene Body Wash (500ml),"Sữa tắm, xà bông",,389000.0,REDWIN,Úc,Úc,5.0
Gel rửa mặt tạo bọt La Roche-Posay Effaclar Purifying Foaming Gel For Oily Sensitive Skin cho da dầu nhạy cảm (200ml),"Sữa rửa mặt (Kem, gel, sữa)",,328000.0,Laroche posay,Pháp,Pháp,
"Gel Ceradan Soothing 50g làm dịu da, dành cho da ngứa, mẩn đỏ",Da bị kích ứng,,230000.0,Ceradan,Singapore,Singapore,
"Kem Dermacos Anti-Acne Matting Cream giảm nhờn, ngăn ngừa mụn (50ml)",Chăm sóc da mặt,Dạng kem,338000.0,FARMONA,Ba Lan,Ba Lan,4.6
"Gel An Trĩ Vương Vinh Gia dùng khi bị trĩ, táo bón, nứt hoặc rò hậu môn (20g)",Chăm sóc cơ thể,,99000.0,Vinh Gia,Việt Nam,Việt Nam,4.0
"Kem Yoosun Acnes ngăn ngừa và làm giảm mụn, kiểm soát bã nhờn, làm mờ thâm sẹo (15g)","Kem trị mụn, gel trị mụn",Dạng kem,47000.0,Yoosun,Việt Nam,Việt Nam,4.8
"Gel Ceradan Soothing làm dịu da dành cho da ngứa, mẩn đỏ (10g)",Chăm sóc cơ thể,Kem bôi da,97000.0,Hyphens,Singapore,Singapore,
"Kem Nivea Creme hỗ trợ dưỡng ẩm, bảo vệ và nuôi dưỡng làn da mềm mại (30ml)","Sữa dưỡng thể, kem dưỡng thể",,35700.0,Nivea,Đức,Thái Lan,5.0
"Kem nẻ Valentine Sao Thái Dương dưỡng da, chống nẻ, cải thiện làn da bị khô, bong tróc (20g)",Trị nứt da,,25000.0,Sao Thái Dương,Việt Nam,Việt Nam,5.0
"Kem dưỡng da mặt Ziaja Med Atopic Skin Dermatological Formula Face Cream giúp dưỡng ẩm và làm mềm da, giảm khô da (50ml)",Chăm sóc cơ thể,,351000.0,Ziaja,Ba Lan,Ba Lan,
"Sáp dưỡng môi hồng xinh Vaseline Rosy Lips cung cấp và duy trì độ ẩm cho môi (4,8g)",Son môi,,64000.0,Vaseline,Anh,Việt Nam,
"Bột hút ẩm chống loét Adapt Stoma Powder Hollister cho vùng da tổn thương, vùng quanh hậu môn nhân tạo (28,3g)",Trị nứt da,,265000.0,HOLLISTER,Hoa Kỳ,Hoa Kỳ,
Xịt dưỡng ẩm Eucerin Hyaluron Mist Spray cho da nhạy cảm (150ml),Xịt khoáng,Dung dịch,259000.0,Eucerin,Đức,Pháp,
Gel rửa da sinh lý Ziaja Lipid Dermatological Formula làm sạch làn da hiệu quả (200ml),Chăm sóc da mặt,,345000.0,Ziaja,Ba Lan,Ba Lan,
"Nước xịt khoáng dưỡng da Vichy Eau Thermale Mineralizing Thermal Water cấp ẩm, dịu da và cân bằng độ pH (150ml)",Chăm sóc da mặt,,240000.0,Vichy,Pháp,Pháp,5.0
"Viên nang mềm NNO Vite Whitening Serum hỗn hợp làm trắng da, giảm kích ứng da và cải thiện tình trạng da (3 vỉ x 10 viên)","Serum, Essence hoặc Ampoule",Dạng kem,324000.0,MEGA We care,Thái Lan,Thái Lan,5.0
"Kem bôi Bestpere Cream Quang Xanh điều trị ghẻ, rận, mẩn ngứa (15g)",Da bị kích ứng,Dạng kem,77000.0,Quang Xanh,Việt Nam,Việt Nam,
"Chai xịt Bestpeme Spray Quang Xanh điều trị ký sinh trùng, ghẻ (150ml)",Chăm sóc cơ thể,,320000.0,Quang Xanh,Việt Nam,Việt Nam,5.0
"Nhũ tương mượt da toàn thân 1% Urê Ziaja dưỡng ẩm, bảo vệ da, làm dịu tổn thương da (400ml)","Sữa dưỡng thể, kem dưỡng thể",Nhũ tương (Gel),455000.0,Ziaja,Ba Lan,Ba Lan,5.0
"Sáp dưỡng môi mềm mịn Vaseline Lip Therapy Original cung cấp và duy trì độ ẩm cho môi (4,8g)",Son môi,,64000.0,Vaseline,Anh,Hàn Quốc,
Sáp dưỡng môi Vaseline Lip Therapy bảo vệ môi khỏi những tác động của thời tiết (7g),Son môi,Dạng sáp,78000.0,Vaseline,Hàn Quốc,Hàn Quốc,5.0
Dung dịch vệ sinh Proeva Intimate Clearser làm dịu và bảo vệ hiệu quả vùng kín (125ml),Dược mỹ phẩm,,199000.0,,,,
Sữa rửa mặt Cetaphil Oily Skin Cleanser 500ml cho da dầu nhạy cảm,"Sữa rửa mặt (Kem, gel, sữa)",,420750.0,Cetaphil,Canada,Canada,
"Kem Ceratop Body Care Cream 125ml Dr.EA dưỡng da, giữ ẩm, bảo vệ da","Sữa dưỡng thể, kem dưỡng thể",Kem,450000.0,Dr.EA,Thổ Nhĩ Kỳ,Thổ Nhĩ Kỳ,5.0
"Sữa rửa mặt La Roche-Posay Mela B3 Gel Micro-Peeling Clarifying 200ml mờ thâm nám, dưỡng da sáng và đều màu","Sữa rửa mặt (Kem, gel, sữa)",,479200.0,Laroche posay,Pháp,Pháp,
"Kem dưỡng La Roche-Posay Mela B3 Cream SPF 30 dưỡng da mềm mịn, mờ thâm nám, dưỡng da sáng và đều màu",Dưỡng da mặt,,788000.0,Laroche posay,Pháp,Pháp,
"Tinh chất La Roche-Posay Mela B3 Serum dưỡng da mềm mịn, mờ thâm nám, da sáng và đều màu",Dưỡng da mặt,,1040000.0,Laroche posay,Pháp,Pháp,5.0
"Dầu gội Dược liệu Nguyên Xuân Vàng Hoa Linh 275ml giảm gãy rụng, tóc khô và xơ",Dầu gội dầu xả,Dung dịch,107000.0,Nguyên Xuân,Việt Nam,Việt Nam,
"Kem chấm mụn Acnaut Active Cream 15ml Biotrade giảm mụn bọc, mụn đầu đen","Kem trị mụn, gel trị mụn",,399000.0,,Bulgaria,Bulgaria,
"Sữa rửa mặt làm sạch sâu Cerave Developed With Dermatologists Hydrating Cleanser 473ml dành cho da thường, da khô","Sữa rửa mặt (Kem, gel, sữa)",,374000.0,Cerave,Hoa Kỳ,Pháp,
"Gel tắm gội dịu nhẹ Megaderm CVI Đức Phúc Pharma làm sạch dịu nhẹ, chăm sóc và bảo vệ da (180ml)","Sữa dưỡng thể, kem dưỡng thể",,130000.0,CVI Pharma,Việt Nam,Việt Nam,
Kem Sensylia 24h Légère IsisPharma giúp giữ ẩm và làm giảm kích ứng da (40ml),Dưỡng da mặt,Dạng kem,490000.0,ISIS PHARMA,Pháp,Pháp,5.0
"Kem Canova Sensive P22 Sifarma làm dịu da, dưỡng ẩm cho da nhạy cảm (50ml)",Dưỡng da mặt,Kem bôi da,490000.0,Sifarma,,Ý,
"Gel Canova Rivescal DS Soothing gel Siflarma làm dịu da, ngăn ngừa tiết bã nhờn, giảm ngứa da (50ml)",Giải pháp làn da,,435000.0,Sifarma,Ý,Ý,
Sữa tắm dưỡng ẩm cho da khô Ato Wash MTGpharm 150ml Cocorang Palm (tuýp),"Sữa tắm, xà bông",Dung dịch,231000.0,COCORANG PALM,Hàn Quốc,Hàn Quốc,
Xịt chống nắng thể thao Banana Boat Sport Sensitive Sunscreen Spray SPF50+ PA++++ (170g),Chống nắng toàn thân,Dạng xịt,315000.0,Banana Boat,Hoa Kỳ,Hoa Kỳ,5.0
Gel rửa mặt Eucerin Ance Oil Control Pro Acne Solution Cleansing Gel dành cho da mụn (75ml),"Sữa rửa mặt (Kem, gel, sữa)",Nhũ tương (Gel),209000.0,Eucerin,Đức,Thái Lan,
"Kem Secalia Balm IsisPharma giúp dưỡng da, tăng cường độ ẩm, chống khô da (200ml)","Sữa dưỡng thể, kem dưỡng thể",Dạng kem,515000.0,ISIS PHARMA,Pháp,Pháp,
"Tinh chất ngăn ngừa thâm nám, đốm nâu Liftactiv Specialist B3 Serum 30ml Vichy",Dưỡng da mặt,,1000000.0,Vichy,Pháp,Pháp,5.0
"Kem dịu nhẹ ngừa mẫn đỏ Ziaja Med giúp làm dịu nhẹ kích ứng da, giảm mẫn đỏ da, dưỡng ẩm, làm đều màu da (50ml)",Da bị kích ứng,,425000.0,Ziaja,Ba Lan,Ba Lan,
"Tinh chất Avacne Serum Auvi Natrure giúp kiểm soát nhờn, giảm mụn và mờ vết thâm (30ml)",Chăm sóc cơ thể,,600000.0,Auvi Nature,Úc,Úc,5.0
"Sữa tắm Secalia Shower Cream IsisPharma dưỡng da, giảm khô da, giảm ngứa (200ml)","Sữa dưỡng thể, kem dưỡng thể",,340000.0,ISIS PHARMA,Pháp,Pháp,
Sữa chống nắng lâu trôi La Roche-Posay Laboratoire Dermatologiue Anthelios Uvmune 400 Invisible Fuild (50ml),Chống nắng toàn thân,,392000.0,Laroche posay,Pháp,Pháp,5.0
Dầu dưỡng tóc NNO Hair Serum Aplicapz MEGA We care không gây nhờn dính (3 vỉ x 5 viên),"Dưỡng tóc, ủ tóc",,230000.0,MEGA We care,,Thái Lan,5.0
"Xịt khử mùi Nivea Anti-Perspirant Pearl And Beauty giảm tiết mồ hôi, ngăn mùi đến 48h (150ml)","Lăn khử mùi, xịt khử mùi",,98000.0,Nivea,Đức,Thái Lan,5.0
"Xịt ngăn mùi Nivea Men Black & White Invisible Ultimate Impact giảm vết ố vàng, mồ hôi và mùi trong 48h (150ml)","Lăn khử mùi, xịt khử mùi",,119000.0,Nivea,Đức,Thái Lan,5.0
Sữa chống nắng dưỡng da kiềm dầu Anessa Perfect UV Sunscreen Skincare Milk SPF50+ PA++++ Shiseido (20ml),Chống nắng toàn thân,,212500.0,ANESSA,Nhật Bản,Nhật Bản,5.0
"Tinh chất chống nắng vi điểm màng nước Bioré UV Aqua Rich SPF50+ PA++++ dưỡng ẩm cho mặt, cổ, vai (50g)",Kem chống nắng da mặt,,146400.0,Biore,Nhật Bản,Việt Nam,5.0
Sữa chống nắng mặt và toàn thân Bioré UV Perfect Protect Milk Bright SPF50+ PA+++ sáng mịn da (25ml),Kem chống nắng da mặt,,52000.0,Biore,Nhật Bản,Việt Nam,5.0
"Nước xịt khoáng La Roche-Posay Thermal Spring Water Sensitive Skin làm dịu, bảo vệ da cho da nhạy cảm (150ml)",Xịt khoáng,,252000.0,Laroche posay,Pháp,Pháp,
Dầu gội ngăn ngừa và giảm rụng tóc Vichy Dercos Energising (200ml),Dầu gội dầu xả,,332000.0,Vichy,Pháp,Pháp,
Dầu gội Azasun Gamma giúp sạch gàu cho da đầu hết ngứa (120ml),Dầu gội dầu xả,Dung dịch,89000.0,GAMMA,Việt Nam,Việt Nam,
"Kem Sensylia 24h IsisPharma giúp da mềm mại, mịn màng và làm giảm kích ứng da (40ml)","Sữa dưỡng thể, kem dưỡng thể",,490000.0,ISIS PHARMA,Pháp,Pháp,
"Sữa rửa mặt Fixderma Non Drying Cleanser làm sạch sâu bụi bẩn, dầu nhờn và vi khuẩn (60g)","Sữa rửa mặt (Kem, gel, sữa)",,204000.0,Fixderma,Mỹ,Ấn Độ,
"Kem 18+ Active Manuka Honey And Propolis Skin Health Crème dưỡng ẩm, giảm kích ứng da, viêm da (40ml)","Trị sẹo, mờ vết thâm",Dạng kem,620000.0,Pure NZ,New Zealand,New Zealand,5.0
Nước làm sạch sâu và tẩy trang La Roche-Posay Micellar Water Ultra Sensitive Skin dành cho da nhạy cảm (200ml),Chăm sóc da mặt,,340000.0,Laroche posay,Pháp,Pháp,
"Kem Ceradan Ceramide Diaper Cream hỗ trợ làm dịu da, chống hăm tã cho bé (10g)",Chăm sóc cơ thể,Kem bôi da,96000.0,Hyphens,Singapore,Singapore,
"Dầu gội Fixderma Bioteez-S làm sạch gàu, giảm nhờn da đầu, duy trì độ ẩm cho tóc (75ml)",Dầu gội dầu xả,,278000.0,Fixderma,Mỹ,Ấn Độ,
"Dầu xả dưỡng tóc Kingphar giúp tóc suôn mượt, ngừa rụng tóc, phục hồi tóc hư tổn (200g)",Dầu gội dầu xả,,55000.0,Kingphar,Việt Nam,Việt Nam,
Kem Blemish Control Jean D’Arce giúp làm giảm mụn nhanh (30ml),Chăm sóc da mặt,,463500.0,Jean D’Arcel,,Đức,
Dưỡng chất tăng cường khoáng Mineral 89 giúp da khỏe dành cho mọi loại da (50ml),Dưỡng da mặt,,920000.0,Vichy,Pháp,Pháp,
"Kem Ecze Stop hỗ trợ giảm ngứa, giảm dị ứng, giảm viêm sát khuẩn (35g)",Viêm da cơ địa,,165000.0,,Việt Nam,Việt Nam,
"Nước tẩy trang La Roche-Posay Effaclar Micellar Water Ultra Oily Skin dịu nhẹ, không làm khô da (200ml)",Chăm sóc da mặt,,336000.0,Laroche posay,Pháp,Pháp,
"Sữa tắm Cetaphil Pro AD Derma Skin Restoring Wash dành cho da khô, da cơ địa (295ml)","Sữa tắm, xà bông",Dung dịch,440000.0,Cetaphil,Canada,Canada,
"Kem dưỡng da Eau Thermale Avène Xeracalm A.D làm dịu cảm giác ngứa, giảm rát da (200ml)","Sữa dưỡng thể, kem dưỡng thể",,739000.0,Avène,Pháp,Pháp,
"Kem bôi da Savi - E Perfect 50g Gamma giảm các chứng khô da, nứt nẻ ở gót chân, ngón tay","Dưỡng da bị khô, thiếu ẩm",,130000.0,GAMMA,Việt Nam,Việt Nam,
"Kem dưỡng da La Roche-Posay Lipikar Baume Ap+ dành cho da bị ngứa, mẩn đỏ cho bé (75ml)","Sữa dưỡng thể, kem dưỡng thể",,260000.0,Laroche posay,Pháp,Việt Nam,
Dung dịch tạo bọt ngăn ngừa mụn Acnes Foaming Wash Rohto sạch khuẩn (150ml),"Sữa rửa mặt (Kem, gel, sữa)",,63750.0,Acnes,Nhật Bản,Việt Nam,
Gel giảm mụn đầu trắng và mụn đầu đen Acnes Sealing Jell Rohto (18g),"Kem trị mụn, gel trị mụn",,54400.0,Acnes,Nhật Bản,Việt Nam,5.0
Sữa dưỡng ẩm Fixderma Multi Active Moisturizing Lotion cân bằng độ ẩm cho da (150ml),"Sữa dưỡng thể, kem dưỡng thể",,337000.0,Fixderma,Mỹ,Ấn Độ,
Kem dưỡng ẩm vô trùng A-Derma Exomega Control Emollient Cream giảm ngứa cho da mặt và toàn thân (200ml),Viêm da cơ địa,,700000.0,Aderma,Pháp,Pháp,5.0
Kem dưỡng da Ducray Keracnyl PP anti-Blemish Soothing Cream giảm các đốm mụn và mờ vết thâm do mụn (30ml),Chăm sóc da mặt,,462000.0,Ducray,Pháp,Pháp,5.0
Kem chống nắng Vichy Idéal Soleil Anti-Age SPF50 bảo vệ da khỏi tác động có hại của ánh nắng mặt trời (50ml),Kem chống nắng da mặt,,468000.0,Vichy,Pháp,Pháp,5.0
Nước làm sạch sâu và tẩy trang La Roche-Posay Micellar Water Ultra Sensitive Skin dành cho da nhạy cảm (400ml),"Nước tẩy trang, dầu tẩy trang",,420000.0,Laroche posay,Pháp,Pháp,
"Dầu gội Vichy Dercos Anti-Pelliculaire Anti-Dandruff Dry Hair giảm gàu, ngứa da đầu (200ml)",Dầu gội dầu xả,,332000.0,Vichy,Pháp,Tây Ban Nha,
Gel tắm gội 3 trong 1 cho trẻ từ 1 ngày tuổi Perfecta Baby Rohto dưỡng ẩm da (150ml),"Sữa tắm, xà bông",,185000.0,Rohto,Nhật Bản,Ba Lan,
Tinh chất Neotone Serum IsisPharma điều trị nám cho da nhạy cảm (30ml),Chăm sóc da mặt,,709000.0,ISIS PHARMA,Pháp,Pháp,5.0
Kem dưỡng ẩm Gammaphil Moisturizing Cream dành cho mọi loại da (50g),Dưỡng da mặt,Dạng kem,120000.0,GAMMA,Việt Nam,Việt Nam,
"Cao Starbalm Sports Balm White làm ấm cơ, giúp cơ thư giãn sau khi vận động (25g)",Massage,Cao,80000.0,Starbalm,Hà Lan,Hà Lan,
"Gel Fixderma FCL Alpha-Beta Acne dành chăm sóc da mụn, hạn chế mụn trứng cá, mụn đầu đen (30ml)","Kem trị mụn, gel trị mụn",,546000.0,Fixderma,Mỹ,Ấn Độ,
"Gel chống nắng Fixderma Shadow SPF30+ PA+++ dành cho da nhờn, hỗn hợp, da ra nhiều mồ hôi (75g)",Kem chống nắng da mặt,,273000.0,Fixderma,Mỹ,Ấn Độ,
Sữa rửa mặt làm giảm mụn Fixderma FCL Alpha-Beta Acne Cleanser (200ml),"Sữa rửa mặt (Kem, gel, sữa)",,584000.0,Fixderma,Mỹ,Ấn Độ,
"Serum Auvilys C Vitamin C 30ml Auvi Nature dùng ban ngày, dưỡng da, tăng cường độ ẩm, sáng da",Dưỡng da mặt,Serum,1050000.0,Auvi Nature,Úc,Úc,
"Gel Clear Face Anti-Pimple Sebamed pH 5.5 giúp làm giảm mụn,ngăn ngừa mụn, dưỡng ẩm (10ml)",Dưỡng da mặt,Gel,188000.0,Sebamed,Đức,Đức,
"Kem ngừa mụn ban ngày Canova Acnell 50+ giúp chăm sóc và dưỡng ẩm cho da bị mụn, da kích ứng và da nhạy cảm (50ml)",Chăm sóc da mặt,Kem bôi da,545000.0,Sifarma,Ý,Ý,
"Sữa dưỡng ẩm toàn thân cho bé Baby Sebamed Body Lotion ph 5.5 giúp da không bị khô ráp, dưỡng ẩm toàn thân (200ml)","Sữa dưỡng thể, kem dưỡng thể",Lotion bôi da,279000.0,Sebamed,Đức,Đức,
Sữa tắm gội dịu nhẹ toàn thân Baby Sebamed Gentle Wash pH5.5 giúp làm sạch bụi bẩn bám trên da bé (200ml),"Sữa tắm, xà bông",,239000.0,Sebamed,Đức,Đức,
"Dầu gội Canova Rivescal DS Soothing Shampoo Biomedico làm dịu da, ngăn ngừa tiết bã nhờn (200ml)",Chăm sóc cơ thể,Dung dịch,535000.0,Sifarma,Ý,Ý,
"Gel Neotone IsisPharma làm sạch da êm dịu, giúp da trắng sáng (40ml)","Sữa rửa mặt (Kem, gel, sữa)",Gel,169000.0,ISIS PHARMA,Pháp,Pháp,
"Dung dịch vệ sinh phụ nữ Intimate Wash Foam Sebamed giúp làm sạch dịu nhẹ đa vùng kín, giúp ngăn mùi hôi (200ml)",Chăm sóc cơ thể,Dung dịch,310000.0,Sebamed,,Đức,
Kem mờ nám Canova 8+2 Sifarma điều trị tăng sắc tố da (50ml),Giải pháp làn da,Dạng kem,750000.0,Sifarma,Ý,Ý,
Dầu gội làm sạch gàu dạng dây Head And Shoulders bạc hà mát lạnh (12 gói x 5.7ml),Dầu gội dầu xả,,18000.0,Head & Shoulders,Hoa Kỳ,Thái Lan,
"Sữa rữa mặt và tắm toàn thân Liquid Face & Body Wash Sebamed giúp làm sạch bụi bẩn, bã nhờn trên da (300ml)","Sữa rửa mặt (Kem, gel, sữa)",,380000.0,Sebamed,Đức,Đức,
"Dầu gội Hanko Shampoo giúp loại bỏ gàu, nấm, ngứa (100ml)",Dầu gội dầu xả,Dung dịch,220000.0,ASAN C&S,Hàn Quốc,Hàn Quốc,
"Sữa rửa mặt tạo bọt Perfect Whip U Senka loại bỏ bụi bẩn, bụi mịn và bã nhờn (120g)","Sữa rửa mặt (Kem, gel, sữa)",,84150.0,Senka,Nhật Bản,Nhật Bản,5.0
Kem dưỡng ẩm Xerolys 10 Thiên Nam dưỡng ẩm và cung cấp dưỡng chất cho da khô và da nhạy cảm (200 ml),"Sữa dưỡng thể, kem dưỡng thể",,418000.0,Lysaskin,Pháp,Pháp,
"Gel rửa mặt K3 Aosacleanser Purifying giúp giảm nhờn, mụn, làm sạch da một cách dịu nhẹ (200ml)","Sữa rửa mặt (Kem, gel, sữa)",Nhũ tương (Gel),320000.0,K3,Ý,Ý,
Tinh chất Auvihyal Hyaluronic Acid Solution giúp tăng cường độ ẩm và chống nhăn da (20ml),"Dưỡng da bị khô, thiếu ẩm",,890000.0,,Úc,Úc,
Nước hoa hồng không cồn Neutrogena Alcohol-Free Toner Johnson And Johnson làm sạch da (150ml),Toner (nước hoa hồng) / Lotion,,135000.0,Johnson & Johnson,Hoa Kỳ,Thái Lan,5.0
"Sữa tắm Dr.EA Body Zolic Body Cleansing Milk 150ml làm sạch sâu cho da, hỗ trợ điều trị viêm da","Sữa tắm, xà bông",Gel,220000.0,Dr.EA,Thổ Nhĩ Kỳ,Thổ Nhĩ Kỳ,
"Xịt khử mùi Nivea Anti-Perspirant Extra Brightening 8 Super Food giảm tiết mồ hôi, ngăn mùi đến 48h (150ml)","Lăn khử mùi, xịt khử mùi",,98000.0,Nivea,Đức,Thái Lan,
Sữa tắm Baby Sebamed Bubble Bath pH5.5 giúp làm sạch bụi bẩn bám trên da bé (200ml),"Sữa tắm, xà bông",,208000.0,Sebamed,Đức,Đức,
Kem mờ sẹo C-Section Scars & Stretch Marks Dr. Celine (15g),"Trị sẹo, mờ vết thâm",Dạng kem,190000.0,Healthcare,Việt Nam,Việt Nam,
"Tinh chất Eucerin Acne-Oil Control Pro Acne Solution Anti-Acne Mark giảm thâm mụn, dưỡng sáng da (40ml)",Dưỡng da mặt,,649000.0,Eucerin,Đức,Ý,5.0
Sữa tắm gội trẻ em tinh chất hoa cúc Cetaphil Baby Wash And Shampoo With Organic Calendula (230ml),"Sữa tắm, xà bông",,187000.0,Cetaphil,Canada,Đức,
"Sữa dưỡng thể Cetaphil Pro Ad Derma Skin Restoring Moisturizer dành cho da khô, da cơ địa (295ml)","Sữa dưỡng thể, kem dưỡng thể",,629000.0,Cetaphil,Canada,Canada,
"Kem dưỡng da mặt Eucerin AtoControl Face Cream giảm khô, ngứa và mẩn đỏ (50ml)","Dưỡng da bị khô, thiếu ẩm",Dạng kem,295000.0,Eucerin,Đức,Pháp,
"Kem dưỡng da mặt Eucerin AtoControl Acute Care Cream giảm khô, ngứa và mẩn đỏ (40ml)",Viêm da cơ địa,,483000.0,Eucerin,Đức,Pháp,
Dầu gội cho da đầu nhạy cảm Eucerin Dermo Capillaire pH5 Mild Shampoo ngăn ngừa khô da đầu (250ml),Chăm sóc tóc - da đầu,Dung dịch,275000.0,Eucerin,Đức,Pháp,
"Kem dưỡng môi La Roche-Posay Cicaplast Levres giảm tình trạng môi khô, nứt nẻ và kích ứng (7.5ml)",Son môi,,215000.0,Laroche posay,Pháp,Pháp,
Gel tắm La Roche-Posay Lipikar Gel Lavant giúp da được làm dịu và làm sạch mọi độc tố (200ml),"Sữa tắm, xà bông",,235000.0,Laroche posay,Pháp,Pháp,
"Sữa tắm không cần dùng nước NoRinse Body Bath thay thế cách tắm thông thường (236,6ml)","Sữa tắm, xà bông",Dung dịch,157000.0,,Hoa Kỳ,Hoa Kỳ,
Kem ngăn ngừa lão hóa ban đêm Eucerin Hyaluron-Filler Night Cream (50ml),"Tái tạo, chống lão hóa da",,1370000.0,Eucerin,Đức,Pháp,
Sữa rửa mặt Physiogel Daily Moisture Therapy Dermo-Cleanser 150ml cho da khô,"Sữa rửa mặt (Kem, gel, sữa)",,160000.0,Physiogel,Anh,Pháp,
"Nước cân bằng Eucerin DermatoClean Clarifying Toner giữ ẩm, dịu nhẹ cho da (200ml)",Chăm sóc da mặt,Dung dịch,603000.0,Eucerin,Đức,Pháp,
"Dầu gội Ducray Kertyol P.S.O Shampoo làm sạch tóc, loại bỏ gàu dạng mảng và vảy nến (125ml)",Dầu gội dầu xả,,350000.0,Ducray,Pháp,Pháp,
"Kem Fixderma Strallium Stretch Mark Cream cải thiện tính đàn hồi, làm mềm da, loại bỏ vết rạn da (75g)",Trị nứt da,,450000.0,Fixderma,Mỹ,Ấn Độ,
Sữa chống rạn da Happy Event Anti-Stretch Mark Lotion giúp dưỡng ẩm tự nhiên (100ml),Trị nứt da,Dung dịch,145000.0,Rohto,Nhật Bản,Việt Nam,5.0
Kem chống nắng mặt Eucerin Sun Fluid Mattifying SPF50+ không nhờn rít dành cho mọi loại da (50ml),Chăm sóc da mặt,,763000.0,Eucerin,Đức,Pháp,5.0
Sữa tắm gội Eucerin Baby Wash & Shampoo làm sạch dịu nhẹ mái tóc và làn da của bé (400ml),"Sữa tắm, xà bông",Dung dịch,280000.0,Eucerin,Đức,Pháp,
"Kem làm sáng da Skarfix-Plus Cream Fixderma mờ vết thâm, đốm đen (15g)","Kem trị nám, tàn nhang, đốm nâu",,246000.0,Fixderma,Mỹ,Ấn Độ,4.7
Kem dưỡng Eucerin Hyaluron-Filler Eye SPF15 ngăn ngừa lão hóa vùng mắt (15ml),Xoá nếp nhăn vùng mắt,,1080000.0,Eucerin,Đức,Pháp,
"Dầu gội Ducray Kelual DS Shampoo làm sạch gàu, dịu da đầu và bớt ngứa (100ml)",Dầu gội dầu xả,,455000.0,Ducray,Pháp,Pháp,
"Lăn chăm sóc thâm quầng mất Emco UltraCream giảm vết nhăn nơi đuôi mắt, dưỡng da vùng mắt (15g)","Trị quầng thâm, bọng mắt",Dạng kem,140000.0,Thiên Khánh,Việt Nam,Việt Nam,
Kem chống nắng Cetaphil Daily Facial Moisturizer SPF15/PA++ dành cho mọi loại da (118ml),Chăm sóc da mặt,,200000.0,Cetaphil,Canada,Canada,5.0
"Dung dịch Acnes C10 Rohto mờ sẹo, thâm, hỗ trợ giảm nám, tàn nhang (15ml)","Trị sẹo, mờ vết thâm",,355000.0,Acnes,Nhật Bản,Việt Nam,5.0
Gel Eucerin Pro Acne A.I Clearing Treatment giảm mụn và nhờn (40ml),"Kem trị mụn, gel trị mụn",,490000.0,Eucerin,Đức,Ba Lan,5.0
Kem che khuyết điểm Eucerin ProAcne Correct Cover Stick giảm mụn thâm (2g),Trang điểm mặt,,370000.0,Eucerin,Đức,Đức,
Nước tẩy trang Eucerin Pro Acne Acne And Make Up Cleansing Water giảm nhờn trên da (200ml),"Nước tẩy trang, dầu tẩy trang",,259000.0,Eucerin,Đức,Đức,
Sữa tắm Eucerin pH5 WashLotion Preserves Skin Resilience dành cho da nhạy cảm (1000ml),"Sữa tắm, xà bông",,499000.0,Eucerin,Đức,Thái Lan,
"Nước hoa hồng Eucerin Acne-Oil Control ProAcne Solution Toner dành cho da mụn, da dầu (200ml)",Toner (nước hoa hồng) / Lotion,,389000.0,Eucerin,Đức,Đức,
Gel tẩy tế bào chết Eucerin Acne-Oil Control Pro Acne Solution Scrub dành cho da mụn (100ml),Tẩy tế bào chết,,279000.0,Eucerin,Đức,Đức,
Nước tẩy trang Eucerin DermatoClean Micellar 3 IN 1 dành cho mọi loại da (200ml),"Nước tẩy trang, dầu tẩy trang",Dung dịch,339000.0,Eucerin,Đức,Đức,
"Gel Kelo-Cote Alliance hỗ trợ làm mờ sẹo, giảm vết thâm (6g)","Trị sẹo, mờ vết thâm",Nhũ tương (Gel),439000.0,Alliance,Ý,Hoa Kỳ,3.0
Kem Ellgy Plus Cracked Heel Cream HOE làm ẩm da gót chân (25g),"Kem dưỡng da tay, chân",,85000.0,Hoe Pharmaceuticals,Malaysia,Malaysia,
Dầu gội Shitinsof Hán Phương - Linh Chi Đen Tóc Danh Nhân Đường 15ml nhuộm đen và dưỡng tóc (3 gói),Đặc trị cho tóc,,18000.0,Amepro,Việt Nam,Việt Nam,
"Sữa rửa mặt Sebamed Clear Face Antibacterial Cleansing Foam kháng khuẩn, ngăn ngừa mụn (50ml)","Sữa rửa mặt (Kem, gel, sữa)",,160000.0,Sebamed,Đức,Đức,
Sữa rửa mặt dịu nhẹ Eucerin Ultra White+ Spotless Gentle Cleansing Foam dành cho mọi loại da (150g),"Sữa rửa mặt (Kem, gel, sữa)",Dạng kem,519000.0,Eucerin,Đức,Ba Lan,
Mặt nạ Dermal tinh chất Collagen dưa leo dưỡng ẩm da (23g),Mặt nạ,,15000.0,Dermal,,Việt Nam,
Mặt nạ Dermal Green Tea Collagen Essence Mask dưỡng da dành cho mọi loại da (23g),Mặt nạ,,15000.0,Dermal,,Việt Nam,2.0
"Dầu gội Sebamed Anti-Dandruff Shampoo sạch gàu, giảm rụng tóc, nấm da đầu (200ml)",Dầu gội dầu xả,,333000.0,Sebamed,Đức,Việt Nam,
"Sữa rửa mặt Clear Face Antibacterial Cleansing Foam Sebamed giúp làm sạch bụi bẩn, bã nhờn và tế bào da chết (150ml)","Sữa rửa mặt (Kem, gel, sữa)",,360000.0,Sebamed,Đức,Đức,
"Cao Starbalm Sports Balm trắng làm ấm cơ, giúp cơ thư giãn sau khi vận động dành cho da nhạy cảm (10g)",Massage,,40000.0,Starbalm,Hà Lan,Hà Lan,
"Cao đỏ Starbalm làm ấm cơ, giúp cơ thư giãn sau khi vận động (10g)",Massage,,45000.0,Starbalm,Hà Lan,Hà Lan,
Dầu dừa hoa bưởi Sense Rootie Sense Plus dưỡng tóc khỏe mượt (50ml),Dầu dừa,,155000.0,Sense Plus,Việt Nam,Việt Nam,
Dầu dừa nghệ trắng da Sense Turmeric Sense Plus dưỡng ẩm cho da mặt và mắt vào buổi tối (10ml),"Tái tạo, chống lão hóa da",,75000.0,Sense Plus,Việt Nam,Việt Nam,
Sữa rửa mặt dạng gel giúp làm sạch sâu và giảm bã nhờn trên da Vichy Normaderm Phytosolution Intensive Purifying Gel (200ml),"Sữa rửa mặt (Kem, gel, sữa)",Gel,384000.0,Vichy,Pháp,Pháp,
Sữa tắm Corine De Farme Gel Douche Shower Gel dùng cho toàn thân và vùng sinh dục ngoài (250ml),"Sữa tắm, xà bông",,145000.0,Corine De Farme,Pháp,Pháp,
"Xà phòng Fixderma Moisturizing Bar làm sạch da, dưỡng da và giữ ẩm làm da mềm mịn (100g)","Sữa tắm, xà bông",,140000.0,Fixderma,Mỹ,Ấn Độ,
Sữa rửa mặt cho da nhạy cảm Eucerin PH5 Facial Cleanser Sensitive Skin (400ml),"Sữa rửa mặt (Kem, gel, sữa)",,279000.0,Eucerin,Đức,Đức,
"Tinh dầu tràm trà Rebirth Life Platinum Tea Tree Oil dưỡng da, giảm mụn (10ml)","Kem trị mụn, gel trị mụn",,215000.0,Rebirth,Úc,Úc,5.0
"Thanh kháng khuẩn Sebamed Cleansing Bar 100g làm sạch da nhạy cảm, da chàm","Sữa tắm, xà bông",,150000.0,Sebamed,Đức,Đức,
Kem ngừa mụn ban đêm Canova Acnell Sifarma giúp ngăn ngừa hình thành mụn trứng cá và mụn đầu đen (50ml),Chăm sóc da mặt,,435000.0,Sifarma,Ý,Ý,5.0
Kem dưỡng giảm đốm nâu Eucerin Even Skin Spotless Brightening Spot Corrector (5ml),"Kem trị nám, tàn nhang, đốm nâu",,670000.0,Eucerin,Đức,Bỉ,5.0
Sữa rửa mặt dịu nhẹ sáng da Eucerin Spotless Brightening Gentle Cleansing Foam dành cho mọi loại da (150ml),"Sữa rửa mặt (Kem, gel, sữa)",,519000.0,Eucerin,Đức,Thái Lan,
Sữa dưỡng thể trắng da Eucerin Even Skin Spotless Brightening Body Lotion SPF7 (250ml),Chăm sóc cơ thể,,280000.0,Eucerin,Đức,Thái Lan,
"Kem dưỡng sáng da ban đêm Eucerin Even Skin Spotless Brightening Night giảm vết thâm nám, đốm nâu (50ml)","Kem trị nám, tàn nhang, đốm nâu",Dạng kem,929000.0,Eucerin,Đức,Ba Lan,
"Kem Secalia AHA IsisPharma dưỡng ẩm, làm mềm, giảm khô da, giảm kích ứng (200ml)","Dưỡng da bị khô, thiếu ẩm",,,ISIS PHARMA,Pháp,Pháp,
Dầu gội trị gàu Otuna 2.5% giảm viêm da tiết bã nhờn ở da đầu (120ml),Dầu gội dầu xả,Dung dịch,,Otuna,Ấn Độ,Ấn Độ,
Miếng dán mụn Derma Angel Acne Patch Miacare dùng cho ngày và đêm (12 gói),Chăm sóc da mặt,,,Miacare,Trung Quốc,"TAIWAN, PROVINCE OF CHINA",5.0
"Miếng dán mụn ban đêm DermaAngel hút mụn, làm lành vết thương sau mụn (12 miếng x 15g)",Chăm sóc da mặt,Miếng dán,,Derma Angel,Đài Loan,"TAIWAN, PROVINCE OF CHINA",5.0
Sữa chống nắng dịu nhẹ cho da nhạy cảm Anessa Perfect UV Sunscreen Mild Milk SPF 50+ PA++++ (60ml),Chống nắng toàn thân,,,ANESSA,Nhật Bản,Nhật Bản,4.7
Gel chống nắng dưỡng ẩm Anessa Perfect UV Sunscreen Skincare Gel N SPF50+ PA++++ Shisheido (90g),Chống nắng toàn thân,,,ANESSA,Nhật Bản,Nhật Bản,5.0
Sữa chống nắng dưỡng da kiềm dầu Anessa Perfect UV Sunscreen Skincare Milk SPF50+ PA++++ Shiseido (60ml),Chăm sóc cơ thể,,,ANESSA,Nhật Bản,Nhật Bản,5.0
"Kem bôi da D79 GSV Cream 15g hỗ trợ điều trị mụn đầu trắng, đầu đen, sẩn và mụn mủ","Kem trị mụn, gel trị mụn",,,Quang Xanh,Việt Nam,Việt Nam,
Gel rửa mặt bí đao Cocoon giúp làm sạch sâu lỗ chân lông (310ml),"Sữa rửa mặt (Kem, gel, sữa)",,,Cocoon,Việt Nam,Việt Nam,
Kem chống nắng bí đao Cocoon giúp chống nắng với khả năng bảo vệ cao (50ml),Chống nắng toàn thân,,,Cocoon,,Việt Nam,5.0
"Sữa chống nắng bí đao Cocoon giúp bảo vệ da trước tia UVA, UVB (50ml)",Chống nắng toàn thân,,,Cocoon,,Việt Nam,
"Nước dưỡng tóc tinh dầu bưởi Cocoon giảm gãy rụng, nuôi dưỡng da đầu (310ml)","Dưỡng tóc, ủ tóc",,,Cocoon,,Việt Nam,
"Kem Avène Cicalfate Restorative Cream phục hồi da, lành sẹo, chống nhiễm khuẩn (40ml)",Chăm sóc da mặt,,,Avène,Pháp,Pháp,5.0
Tinh chất Radical Med Anti-Hair Loss ngừa rụng tóc cho nam (3 ống),Đặc trị cho tóc,,,Radical,Ba Lan,Ba Lan,
"Mặt nạ nghệ Hưng Yên Cocoon cải thiện bề mặt, giúp da trở nên mịn màng (30ml)",Mặt nạ,,,Cocoon,,Việt Nam,
"Sữa chống nắng bí đao Cocoon giúp bảo vệ da trước tia UVA, UVB (5ml)",Chống nắng toàn thân,,,Cocoon,,Việt Nam,
Kem dưỡng Eau Thermale Avène Cold Cream 100ml làm mềm dịu cho da nhạy cảm khô đến rất khô,Dưỡng da mặt,Dạng kem,,Avène,Pháp,Pháp,
"Bông tẩy trang Merilynn Bạch Tuyết mịn, thấm hút tốt, dễ dàng tách lớp (60 miếng)",Mỹ phẩm trang điểm,,,Bạch Tuyết,Việt Nam,Việt Nam,5.0
"Nước xịt khoáng Uriage Eau Thermale 150ml bảo vệ da, ngăn ngừa mất nước, làm ẩm da",Chăm sóc da mặt,,,Uriage,Pháp,Pháp,
"Serum chàm sữa Nhân Hưng dưỡng ẩm, mềm da, giảm ngứa (20ml)",Chăm sóc cơ thể,Serum,,Nhân Hưng,Việt Nam,Việt Nam,
"Kem xoa bóp Starbalm Massage Lotion hỗ trợ giảm đau cơ, khớp (200ml)",Massage,,,Starbalm,Hà Lan,Hà Lan,
Ống Starbalm Warm Stick giảm đau cơ bắp do vận động,Massage,,,Starbalm,Hà Lan,Hà Lan,
"Viên uống Golex Ocavill hỗ trợ chống lại sự phình to của tuyến tiền liệt, cải thiện các rối loạn tiểu tiện (30 viên)","Thận, tiền liệt tuyến",Viên nén,396000.0,OCAVILL,Anh,Anh,5.0
"Siro Bổ Phế Lábebé 120ml hỗ trợ bổ phế, giảm ho, giảm đờm, giảm đau họng","Tăng sức đề kháng, miễn dịch",Siro,75000.0,,Việt Nam,Việt Nam,5.0
Siro ống uống Canxi-D3-K2 5ml Kingphar bổ sung canxi & vitamin D3 cho cơ thể (6 vỉ x 5 ống),Bổ sung Canxi & Vitamin D,Hỗn dịch,105000.0,Kingphar,Việt Nam,Việt Nam,5.0
Siro Brauer Baby Kids D3+k2 High Potency MK-7 Drops 10ml bổ sung vitamin D3 và vitamin K2,Vitamin & Khoáng chất,Dung dịch uống,396000.0,Brauer,Úc,Úc,5.0
Thực phẩm bảo vệ sức khỏe KID GROW Kenko tăng cường sức đề kháng và chiều cao cho trẻ,Cải thiện tăng cường chức năng,Siro,480000.0,KENKO,Nhật Bản,Nhật Bản,5.0
"Thực phẩm bảo vệ sức khỏe OMEGA 3 PLUS Kenko hỗ trợ não bộ, thị lực và sức khoẻ tim mạch (120 viên)",Cải thiện tăng cường chức năng,Viên nang mềm,920000.0,KENKO,Nhật Bản,Nhật Bản,4.5
Viên uống Omexxel Ginkgo 120 Premium Omexxel hỗ trợ tốt cho não và tim mạch (60 viên),Bổ não - cải thiện trí nhớ,Viên nang cứng,788000.0,OMEXXEL,Hoa Kỳ,Hoa Kỳ,5.0
Viên uống Omexxel 3-6-9 Premium hỗ trợ tốt cho não và mắt (100 viên),Vitamin & Khoáng chất,Viên nang mềm,453000.0,OMEXXEL,Hoa Kỳ,Hoa Kỳ,5.0
"Viên uống SkillMax Ocavill hỗ trợ tăng cường thị lực, cải thiện các triệu chứng khô mắt, mỏi mắt (2 vỉ x 15 viên)","Bổ mắt, bảo vệ mắt",Viên nang mềm,536000.0,OCAVILL,,Bulgaria,5.0
"Viên uống Pikolin Ocavill hỗ trợ tăng tuần hoàn máu não, giảm hình thành cục máu đông (2 vỉ x 15 viên)",Tuần hoàn máu,Viên nang mềm,615000.0,OCAVILL,,Bulgaria,5.0
"Viên nhai Borne Mineral New Nordic hỗ trợ phát triển xương, giúp tăng chiều cao, tăng đề kháng (120 viên)",Cơ xương khớp,Viên nén nhai,635000.0,NEW NORDIC,Thụy Điển,Thụy Điển,5.0
"Thực phẩm bảo vệ sức khỏe Calcium Premium JpanWell bổ sung canxi, giảm nguy cơ loãng xương (120 viên)",Cơ xương khớp,Viên nang cứng,736000.0,Jpanwell,Nhật Bản,Nhật Bản,5.0
"Viên uống Rama Bổ Phổi hỗ trợ bổ phổi, giảm ho (30 viên)","Hô hấp, ho, xoang",Viên nén,132000.0,HGSG PHARMA,Việt Nam,Việt Nam,5.0
Viên uống hỗ trợ phụ nữ mang thai và phụ nữ cho con bú Brauer Ultra Pure Dha For Pregnancy & Breastfeeding (60 viên),Vitamin & Khoáng chất,Viên nang mềm,550000.0,Brauer,Úc,Úc,5.0
Viên sủi Kudos Kids Multivitamins Plus Calcium & D3 hương dưa hấu giúp bổ sung calci và vitamin cho cơ thể (20 viên),Vitamin & Khoáng chất,Viên sủi,116800.0,KUDOS,Singapore,Đức,5.0
Viên sủi Kudos Daily Vitamins Plus Biotin & Ginseng hương cam giúp bổ sung vitamin cho cơ thể (20 viên),Vitamin & Khoáng chất,Viên sủi,101200.0,KUDOS,Singapore,Đức,5.0
Viên sủi Kudos Vitamin C 1000mg hương chanh giúp bổ sung vitamin C cho cơ thể (20 viên),Vitamin & Khoáng chất,Viên sủi,90400.0,KUDOS,Singapore,Đức,5.0
Siro Immune Defence Probiotic Liquid Brauer giúp tăng cường sức đề kháng và tốt cho đường ruột (45ml),"Tăng sức đề kháng, miễn dịch",Siro,550000.0,Brauer,Úc,Úc,5.0
"Viên sủi Kudos Bone hương cam bổ sung canxi, vitamin K2, vitamin D3 cho cơ thể (20 viên)",Vitamin & Khoáng chất,Viên sủi,90400.0,KUDOS,Singapore,Đức,5.0
"Viên uống Ericllux Ocavill hỗ trợ tăng tiết dịch khớp, giúp khớp vận động linh hoạt (60 viên)",Cơ xương khớp,Viên nén bao phim,617500.0,OCAVILL,,Ý,5.0
"Viên uống BIO Hair, Nail and Skin Royal Care hỗ trợ cải thiện sạm da, khô da, móng tóc chắc khỏe (30 viên)",Hỗ trợ làm đẹp,Viên nang,160000.0,Royal Care,Việt Nam,Việt Nam,5.0
Viên uống Active Liver Plus New Nordic hỗ trợ tăng cường chức năng gan (2 vỉ x 15 viên),Chức năng gan,Viên nén,420000.0,NEW NORDIC,Thụy Điển,Thụy Điển,
"Viên uống Natto Gold 3000FU Royal Care hỗ trợ hoạt huyết, tăng cường tuần hoàn não (60 viên)",Thần kinh não,Viên nang cứng,295000.0,Royal Care,Việt Nam,Việt Nam,5.0
"Viên uống Omexxel Ginkgo 120 OMEXXEL hỗ trợ tăng cường tuần hoàn máu não, tốt cho tim mạch (60 viên)",Thần kinh não,Viên nang mềm,550400.0,OMEXXEL,Hoa Kỳ,Hoa Kỳ,4.9
"Nước giải rượu bia Ladodetox Nosamin Ladophar hỗ trợ giải rượu, bia, giảm khó chịu (10 gói x 15ml)","Giải rượu, cai rượu",Dung dịch uống,390000.0,Ladophar,Việt Nam,Việt Nam,5.0
"Bào tử lợi khuẩn Livespo DIA 30 hỗ trợ giảm các triệu chứng tiêu chảy cấp tính, rối loạn tiêu hoá (10 ống x 5ml)",Vi sinh - Probiotic,Dung dịch uống,270000.0,Livespo,Việt Nam,Việt Nam,5.0
"Viên uống Calci Nano Hải Thượng Vương bổ sung Calci, vitamin D3 cho cơ thể (60 viên)",Cơ xương khớp,Viên nang cứng,347000.0,Hải Thượng Vương,Việt Nam,Việt Nam,5.0
Viên uống Triple Strength Glucosamine 1500mg Pharmekal bổ sung dưỡng chất cho khớp (60 viên),Cơ xương khớp,Viên nén,296000.0,Pharmekal,Hoa Kỳ,Hoa Kỳ,5.0
"Dung dịch Bảo Dạ Phương Y Nam hỗ trợ giảm acid dịch vị, bảo vệ niêm mạc dạ dày (15 gói x 15ml)","Dạ dày, tá tràng",Dung dịch,92000.0,Phương Y Nam,Việt Nam,Việt Nam,5.0
"Bột hòa tan Soki Deli cải thiện tình trạng biếng ăn, tăng cường tiêu hóa và hấp thu (18 gói x 4g)",Hỗ trợ trao đổi chất,Dạng bột,360000.0,Soki,Việt Nam,Việt Nam,5.0
Dung dịch Feginic bổ sung sắt cho người thiếu máu do thiếu sắt (4 vỉ x 5 ống x 5ml),Bổ sung Sắt & Axit Folic,Dung dịch,108000.0,GINIC,Việt Nam,Việt Nam,4.9
Siro Ginkid GINIC thanh nhiệt mát gan (4 vỉ x 5 ống x 10ml),Chức năng gan,Dung dịch,92000.0,,Việt Nam,Việt Nam,5.0
"Siro Ginkid GINIC nhuận tràng, bổ sung chất xơ (3 vỉ x 5 ống x 10ml)",Táo bón,Siro,100000.0,,Việt Nam,Việt Nam,5.0
"Siro Ginkid ZinC bổ sung kẽm, hỗ trợ tăng sức đề kháng (4 vỉ x 5 ống x 5ml)","Tăng sức đề kháng, miễn dịch",Siro,89000.0,,Việt Nam,Việt Nam,5.0
"Siro Ginkid Ho Cam NEW 80ml hỗ trợ bổ phế, giảm ho, nhuận phế","Hô hấp, ho, xoang",Siro,59000.0,,Việt Nam,Việt Nam,5.0
"Dung dịch LiveSpo Clausy bổ sung lợi khuẩn, giúp cân bằng hệ vi sinh đường ruột (25 ống x 5ml)",Vi sinh - Probiotic,Dung dịch,159000.0,Livespo,Việt Nam,Việt Nam,5.0
"Viên uống Si-Liver Naga Vesta giúp tăng cường miễn dịch, phục hồi và bảo vệ gan (60 viên)",Chức năng gan,Viên nang,225000.0,Vesta,Việt Nam,Việt Nam,5.0
"Viên uống Multivitamin +Zn +D3 Royal Care hỗ trợ tăng cường sức khỏe, nâng cao sức đề kháng (60 viên)",Vitamin tổng hợp,Viên nang cứng,175000.0,Royal Care,Việt Nam,Việt Nam,4.9
Viên uống LéAna Ocavill hỗ trợ cân bằng nội tiết tố (60 viên),Cân bằng nội tiết tố,Viên nang mềm,680000.0,OCAVILL,Bulgaria,Bulgaria,4.9
Viên uống Dr. Caci Ocavill giúp xương và răng chắc khỏe (60 viên),Vitamin tổng hợp,Viên nang cứng,570000.0,OCAVILL,Bulgaria,Pháp,4.9
"Xịt họng Xuyên Tâm Liên Hải Thượng Vương hỗ trợ giảm ho, giảm đờm, giảm đau rát họng, khàn tiếng (30ml)","Hô hấp, ho, xoang",Dung dịch,106000.0,Hải Thượng Vương,Việt Nam,Việt Nam,5.0
"Xịt họng Propolis Ivy Royal Care giảm ho, đờm, đau rát họng, khản tiếng do viêm họng, viêm phế quản (20ml)","Hô hấp, ho, xoang",Dung dịch,77000.0,Royal Care,Việt Nam,Việt Nam,5.0
Viên sủi Optimax Immunity Booster Vid-Fighter tăng cường sức đề kháng cho cơ thể (20 viên),"Tăng sức đề kháng, miễn dịch",Viên sủi,118000.0,Optimax,Hoa Kỳ,Hoa Kỳ,4.9
"Bột Nước Mát Herbal Drink Powder Datino thanh nhiệt, giải độc, mát gan, lợi tiểu (10 gói x 8g)",Chức năng gan,,33600.0,Datino,Việt Nam,Việt Nam,5.0
"Siro Datadu Kingphar hỗ trợ hạn chế đau đầu, sốt, ho (4 vỉ x 5 ống x 10ml)","Hô hấp, ho, xoang",Siro,82000.0,Kingphar,Việt Nam,Việt Nam,5.0
"Siro Nopanho Kingphar giúp bổ phố, hạn chế ho nhiều (125ml)","Hô hấp, ho, xoang",Siro,37000.0,Kingphar,Việt Nam,Việt Nam,5.0
Viên uống Bifido Plus Jpanwell bổ sung các lợi khuẩn tăng cường sức khỏe đại tràng (30 viên),Đại tràng,Viên nang,990000.0,Jpanwell,Nhật Bản,Nhật Bản,5.0
"Cốm lợi sữa TT.Galac Traphaco hỗ trợ lợi sữa, tăng tiết sữa, giảm nguy cơ tắc tuyến sữa (20 gói x 3g)",Cải thiện tăng cường chức năng,Cốm,128000.0,Traphaco,Việt Nam,Việt Nam,5.0
"Viên uống Bye Tree Royal Care hỗ trợ tăng sức bền thành mạch, giảm nguy cơ bị trĩ (60 viên)",Hỗ trợ điều trị trĩ,Viên nang,250000.0,Royal Care,Việt Nam,Việt Nam,5.0
Viên uống Tố Nữ Vương Royal Care hỗ trợ cải thiện nội tiết tố nữ (30 viên),Sinh lý nữ,Viên nang cứng,145000.0,Royal Care,Việt Nam,Việt Nam,4.9
"Viên uống B Complex Vitamin Royal Care hỗ trợ giảm mệt mỏi, căng thẳng (60 viên)",Vitamin tổng hợp,Viên nang cứng,160000.0,Royal Care,Việt Nam,Việt Nam,4.9
"Viên bổ thận Kidney Plus Jpanwell hỗ trợ bổ thận, duy trì đường tiết niệu khỏe mạnh (60 viên)","Thận, tiền liệt tuyến",Viên nang,990000.0,Jpanwell,Nhật Bản,Nhật Bản,5.0
"Viên uống Dr. Liver Jpanwell bổ gan, tăng cường giải độc gan (60 viên)",Chức năng gan,Viên nang,990000.0,Jpanwell,Nhật Bản,Nhật Bản,4.9
Viên uống Glucosamine And Chondroitin Jpanwell hỗ trợ bổ sung chất nhờn dịch khớp (120 viên),Cơ xương khớp,Viên nang,912000.0,Jpanwell,Nhật Bản,Nhật Bản,5.0
"Viên uống Gaba Jpanwell giảm các triệu chứng mất ngủ, khó ngủ, giấc ngủ không sâu (60 viên)",Hỗ trợ giấc ngủ ngon,Viên nang,768000.0,Jpanwell,Nhật Bản,Nhật Bản,5.0
Viên Sáng Mắt Hải Thượng Vương hỗ trợ tăng cường thị lực (60 viên),"Bổ mắt, bảo vệ mắt",Viên nang mềm,180000.0,Hải Thượng Vương,Việt Nam,Việt Nam,5.0
"Viên uống Blood Care Jpanwell hỗ trợ bổ máu, giảm nguy cơ thiếu máu do thiếu sắt (60 viên)",Cải thiện tăng cường chức năng,Viên nang cứng,995000.0,Jpanwell,Nhật Bản,Nhật Bản,5.0
"Viên nang cứng Vương Nữ Khang Royal Care hỗ trợ hạn chế sự phát triển u xơ tử cung, u vú lành tính (60 viên)",Cân bằng nội tiết tố,Viên nang cứng,195000.0,Royal Care,Việt Nam,Việt Nam,5.0
Viên nén Multi Vitas Lab Well bổ sung vitamin và khoáng chất cho cơ thể (60 viên),Vitamin tổng hợp,Viên nén,340000.0,Lab Well,Hoa Kỳ,Hoa Kỳ,4.8
"Viên uống Kotimogin Thành Công tăng cường sức khỏe, hạn chế sự lão hóa (20 vỉ x 3 viên)","Tăng sức đề kháng, miễn dịch",Viên nang mềm,280000.0,Thành Công,Việt Nam,Việt Nam,4.7
"Siro Healthy New Kids bổ sung vitamin, lysine, taurin, hỗ trợ kích thích tiêu hóa (120ml)","Tăng sức đề kháng, miễn dịch",Siro,89000.0,Dolexphar,Việt Nam,Việt Nam,5.0
Viên uống Teens Active Vitamins For Life bổ sung vitamin và khoáng chất cho thanh thiếu niên (60 viên),Vitamin tổng hợp,Viên nén,350000.0,Vitamins For Life,Hoa Kỳ,Hoa Kỳ,5.0
"Viên uống NattocereBest 1000-Q10 Navi hỗ trợ làm tan huyết khối, giảm nguy cơ tai biến mạch máu não (3 vỉ x 10 viên)",Tuần hoàn máu,Viên nang,140000.0,NAVI,Việt Nam,Việt Nam,4.8
Viên uống Cholesterol Aid Vitamins For Life hỗ trợ giảm cholesterol (60 viên),Giảm Cholesterol,Viên nang cứng,390000.0,Vitamins For Life,Hoa Kỳ,Hoa Kỳ,4.8
"Viên uống Collagen Hydrolyzed with vitamin C chống oxy hóa, giảm lão hóa da (90 viên)",Da,Viên nén,500000.0,Nature's Bounty,Hoa Kỳ,Hoa Kỳ,5.0
"Viên uống Ultra Brain Lab Well hỗ trợ bổ sung DHA, EPA cho cơ thể (60 viên)",Bổ não - cải thiện trí nhớ,Viên nang mềm,225000.0,Lab Well,Mỹ,Hoa Kỳ,4.9
"Viên uống Gasso Max Vitamins For Life bổ sung enzyme và các thảo mộc, hỗ trợ tiêu hóa tốt (30 viên)","Dạ dày, tá tràng",Viên nang,335000.0,Vitamins For Life,Hoa Kỳ,Hoa Kỳ,4.8
"Viên uống Milk Thistle Nature's Bounty hỗ trợ tăng cường chức năng gan, bảo vệ gan (50 viên)",Chức năng gan,Viên nang mềm,256000.0,Nature's Bounty,Hoa Kỳ,Hoa Kỳ,5.0
Viên uống Echina Kingphar hỗ trợ tăng cường sức đề kháng (30 viên),"Tăng sức đề kháng, miễn dịch",Viên nén bao phim,57000.0,Kingphar,Việt Nam,Việt Nam,5.0
Viên uống Omega 3-6-9 Pharmekal hỗ trợ giảm nguy cơ xơ vữa động mạch (100 viên),"Dầu cá, Omega 3, DHA",Viên nang mềm,290000.0,Pharmekal,Hoa Kỳ,Hoa Kỳ,5.0
Viên uống Lutein Nature's Bounty giúp tăng cường thị lực cho mắt (30 viên),"Bổ mắt, bảo vệ mắt",Viên nang mềm,232000.0,Nature's Bounty,Hoa Kỳ,Hoa Kỳ,4.9
"Viên uống Hair Volume New Nordic giúp tóc chắc khỏe, đẹp tóc, hạn chế rụng tóc (30 viên)",Tóc,Viên nén,504000.0,NEW NORDIC,Thụy Điển,Thụy Điển,4.6
Viên uống Gout Aid Vitamins For Life hỗ trợ giảm triệu chứng ở người bị gout (30 viên),Hỗ trợ điều trị,Viên nang,380000.0,Vitamins For Life,Hoa Kỳ,Hoa Kỳ,4.8
"Viên uống Colon Care Vitamins For Life giúp nhuận tràng, giảm táo bón (60 viên)",Hỗ trợ tiêu hóa,Viên nang,390000.0,Vitamins For Life,Hoa Kỳ,Hoa Kỳ,5.0
"Viên uống LiverWell Navi hỗ trợ thanh nhiệt, mát gan, giải độc (12 vỉ x 5 viên)",Chức năng gan,Viên nang mềm,140000.0,NAVI,Việt Nam,Việt Nam,4.9
Viên uống Co Enzyme Q10 & Evening primrose Thành Công hỗ trợ chức năng tim mạch (30 viên),Sức khoẻ tim mạch,Viên nang mềm,141000.0,Thành Công,Việt Nam,Việt Nam,5.0
"Viên uống Sâm Nhung Bổ Thận NV Dolexpharm hỗ trợ tráng dương, tăng cường sinh lực (30 viên)",Sinh lý nam,Viên nang,125000.0,Dolexphar,Việt Nam,Việt Nam,4.9
"Ống uống Men Tiêu Hóa Kingphar hỗ trợ giảm đầy bụng, ợ hơi, khó tiêu (10 ống x 5ml)",Khó tiêu,Dung dịch,29000.0,Kingphar,Việt Nam,Việt Nam,5.0
Viên uống Ginkgo Biloba 60mg Nature's Bounty hỗ trợ tăng cường tuần hoàn não (60 viên),Bổ não - cải thiện trí nhớ,Viên nén,207000.0,Nature's Bounty,Hoa Kỳ,Hoa Kỳ,5.0
"Viên uống Nanocurcumin Tam Thất Xạ Đen Plus giảm viêm loét dạ dày, tá tràng (3 vỉ x 10 viên)",Hỗ trợ tiêu hóa,Viên nang cứng,312000.0,HVQY,Việt Nam,Việt Nam,5.0
"Siro bổ phế Bối Mẫu Forte Mom And Baby Tất Thành hỗ trợ bổ phổi ích phế, giảm ho (125ml)","Hô hấp, ho, xoang",Siro,55000.0,Tất Thành,Việt Nam,Việt Nam,4.6
"Viên uống Super Chromium 250mcg NatureCare cân bằng đường huyết, giảm cholesterol (90 viên)",Hỗ trợ điều trị tiểu đường,Viên nang,455000.0,Naturecare,Hoa Kỳ,Hoa Kỳ,5.0
Viên uống Natural Vitamin E 400IU Naturecare cải thiện sức khỏe da và phục hồi da (60 viên),Vitamin E các loại,Viên nang mềm,235000.0,Naturecare,Hoa Kỳ,Hoa Kỳ,4.9
"Viên uống Ăn Ngon Ngủ Ngon Tất Thành hỗ trợ ăn ngon, ngủ ngon (30 viên)",Hỗ trợ giấc ngủ ngon,Viên nang mềm,115000.0,Tất Thành,Việt Nam,Việt Nam,5.0
"Viên uống Blue Berry Plus Ojenvitamin bổ sung dưỡng chất cho mắt, hỗ trợ cải thiện thị lực (40 viên)","Bổ mắt, bảo vệ mắt",Viên nén,425000.0,NEW NORDIC,Thụy Điển,Thụy Điển,4.2
"Dung dịch Ăn Ngon - Bé Khỏe BBear hỗ trợ tăng cường tiêu hóa, giúp ăn ngon (4 vỉ x 5 ống)",Hỗ trợ trao đổi chất,Dung dịch uống,88000.0,Thành Công,Việt Nam,Việt Nam,5.0
Viên uống Active Legs hỗ trợ điều trị suy giãn tĩnh mạch chân (15 viên),Sức khoẻ tim mạch,Viên nén,340000.0,NEW NORDIC,Thụy Điển,Thụy Điển,5.0
"Viên uống Bamogin Thành Công tăng cường tuần hoàn não, cải thiện trí nhớ (6 vỉ x 10 viên)",Tuần hoàn máu,Viên nang,160000.0,Thành Công,Việt Nam,Việt Nam,4.5
"Viên uống Mega-Cal 1000 Vitamins For Life giúp bổ sung canxi, chống loãng xương (60 viên)",Bổ sung Canxi & Vitamin D,Viên nén,320000.0,Vitamins For Life,Hoa Kỳ,Hoa Kỳ,5.0
Bào tử lợi khuẩn LiveSpo PREG-MOM bổ sung lợi khuẩn đường ruột (20 ống x 5ml),Vi sinh - Probiotic,Dung dịch uống,324000.0,Livespo,Việt Nam,Việt Nam,5.0
"Dung dịch LiveSpo Colon bổ sung vi sinh vật có lợi, kích thích và tăng cường tiêu hóa (20 ống x 5ml)",Vi sinh - Probiotic,Dung dịch uống,324000.0,Livespo,Việt Nam,Việt Nam,5.0
"Viên uống Prenatal One Vitamins For Life cung cấp DHA, Vitamin và khoáng chất thiết yếu (30 viên)","Dầu cá, Omega 3, DHA",Viên nang mềm,365000.0,Vitamins For Life,Hoa Kỳ,Hoa Kỳ,5.0
Viên uống Shark Cartilage NatureCare hỗ trợ tăng cường khả năng vận động linh hoạt và bôi trơn khớp (Hộp 60 viên),Cơ xương khớp,Viên nang,350000.0,Naturecare,Hoa Kỳ,Hoa Kỳ,5.0
"Viên uống Glutasi hỗ trợ làm đẹp da, chống lão hóa (60 viên)",Chống lão hóa,Viên nang,930000.0,OCAVILL,Pháp,Pháp,4.6
"Viên uống Plus Min New Phytextra hỗ trợ xương khớp khỏe mạnh, giảm đau do viêm khớp (100 viên)",Cơ xương khớp,Viên nén,645000.0,OCAVILL,Pháp,Pháp,5.0
"Siro Special Kid Zinc Eric Favre Wellness bổ sung kẽm, hỗ trợ tăng sức đề kháng cho trẻ (125ml)",Bổ sung Kẽm & Magie,Siro,239000.0,ERIC FAVRE® WELLNESS,Pháp,Pháp,4.8
Viên uống Uricare Jpanwell giúp giảm axit uric trong máu (60 viên),Hỗ trợ điều trị gout,Viên nang cứng,995000.0,Jpanwell,Nhật Bản,Nhật Bản,4.3
Viên uống Best King Jpanwell hỗ trợ tăng cường sinh lý và khả năng sinh sản ở nam giới (60 viên),Sức khoẻ tình dục,Viên nang,1300000.0,Jpanwell,Nhật Bản,Nhật Bản,5.0
Viên uống Happy Mom Jpanwell bổ sung vitamin và khoáng chất (60 viên),Vitamin tổng hợp,Viên nén,815000.0,Jpanwell,Nhật Bản,Nhật Bản,4.9
Viên uống Anica Ocavill bổ sung Canxi và Vitamin D3 (60 viên),Bổ sung Canxi & Vitamin D,Viên nang cứng,532000.0,OCAVILL,Pháp,Pháp,4.9
"Viên uống Tràng Bát Vị-Codanbe Kingphar dùng cho người bị đại tràng co thắt, viêm đại tràng (60 viên)",Đại tràng,Viên nén,181000.0,Kingphar,Việt Nam,Việt Nam,5.0
"Dung dịch xịt họng Sedagol Pro-Bio hỗ trợ bảo vệ vùng họng, giảm ho, viêm họng, dịu họng (30ml)","Hô hấp, ho, xoang",Dung dịch,169000.0,Probio,Ý,Ý,4.7
"Viên uống Omexxel Calk2 Excelife bổ sung Canxi, Vitamin D3 (3 vỉ x 10 viên)",Bổ sung Canxi & Vitamin D,Viên nang,342000.0,OMEXXEL,Hoa Kỳ,Hoa Kỳ,5.0
"Viên uống Valena Kingphar giúp an thần, hỗ trợ dễ ngủ (4 vỉ x 10 viên)",Hỗ trợ giấc ngủ ngon,Viên nén,86000.0,Kingphar,Việt Nam,Việt Nam,4.9
"Viên uống Ấn Thủy Vương Kingphar bổ thận, giảm tiêu đêm, tiểu ngày nhiều lần (4 vỉ x 10 viên)","Thận, tiền liệt tuyến",Viên nén bao phim,105000.0,Kingphar,Việt Nam,Việt Nam,4.8
"Viên uống Omexxel 3-6-9 Excelife tốt cho trí não, giúp bổ mắt (100 viên)",Vitamin & Khoáng chất,Viên nang mềm,302400.0,OMEXXEL,Hoa Kỳ,Hoa Kỳ,5.0
Viên uống Super Liver Detox Vitatree hỗ trợ góp phần giải độc gan (100 viên),Chức năng gan,Viên nang cứng,745000.0,Vitatree,Úc,Úc,5.0
"Viên uống Liverwell Nutrimed hỗ trợ giải độc gan giúp hỗ trợ giải độc gan, bảo vệ tế bào gan (60 viên)",Cải thiện tăng cường chức năng,Viên nén,460000.0,NUTRIMED,Hoa Kỳ,Hoa Kỳ,5.0
"Viên uống MacaF Female hỗ trợ tăng cường nội tiết tố nữ, tăng khả năng sinh lý (60 viên)",Sinh lý nữ,Viên nang,660000.0,Nature's Supplements,Hoa Kỳ,Hoa Kỳ,5.0
"Viên uống Maca M Male Power hỗ trợ bổ thận, tráng dương (60 viên)",Sinh lý nam,Viên nang,660000.0,Nature's Supplements,Hoa Kỳ,Hoa Kỳ,4.9
"Dung dịch Vitamin D3+ DHA Hatro Pharvina tăng sức đề kháng, giảm nguy cơ còi xương (20ml)","Dầu cá, Omega 3, DHA",Dung dịch,320000.0,Hatro,Việt Nam,Việt Nam,4.8
"Viên uống Euro Ginko Gold HD Pharma hỗ trợ hoạt huyết, tăng cường tuần hoàn máu não (100 viên)",Hỗ trợ giấc ngủ ngon,Viên nang mềm,185000.0,Hdpharma,Việt Nam,Việt Nam,5.0
"Viên uống Lipitas Jpanwell giúp giảm mỡ, cholesterol và triglyceride trong máu (60 viên)",Giảm Cholesterol,Viên nang cứng,995000.0,Jpanwell,Nhật Bản,Nhật Bản,4.8
"Dung dịch MorningKids Good Appetite tăng cường tiêu hóa, giúp ăn ngon miệng (150ml)",Hỗ trợ trao đổi chất,Siro,295000.0,Morningkids,Ý,Ý,5.0
Siro Morningkids Multivitamin Bổ sung Vitamin và khoáng chất (150ml),Vitamin tổng hợp,Siro,275000.0,Morningkids,Ý,Ý,4.6
Viên uống Slim Body hỗ trợ tăng cường chuyển hóa và giảm hấp thu chất béo (100 viên),Hỗ trợ giảm cân,Viên nang,407000.0,HVQY,Việt Nam,Việt Nam,4.9
"Viên uống Omega-3 For Kids Nutrimed giúp trẻ phát triển trí não, thị lực (100 viên)",Vitamin & Khoáng chất,Viên nang mềm,450000.0,NUTRIMED,Hoa Kỳ,Hoa Kỳ,4.7
"Viên uống Active Lung New Nordic hỗ trợ thông khí phổi, viêm phế quản, hen suyễn (2 vỉ x 15 viên)","Hô hấp, ho, xoang",Viên nén bao phim,415000.0,NEW NORDIC,Thụy Điển,Thụy Điển,4.7
Cốm Lacto Biomin Gold hỗ trợ cải thiện hệ vi khuẩn đường ruột (20 gói),Vi sinh - Probiotic,Cốm,135000.0,Hdpharma,Việt Nam,Việt Nam,5.0
"Viên uống Bawod Calcium Plus bổ sung canxi, vitamin D3 giúp răng, xương chắc khỏe (60 viên)",Cơ xương khớp,Viên nang mềm,125000.0,Hdpharma,Việt Nam,Việt Nam,5.0
Viên uống Vitatree Glucosamine 1500 Plus Shark Cartilage hỗ trợ duy trì chức năng của khớp (100 viên),Cơ xương khớp,Viên nén,514400.0,Vitatree,Úc,Úc,4.9
Viên uống Hoạt Huyết Thông Mạch Hoàng Gia Royal Care tăng cường tuần hoàn não (3 vỉ x 10 viên),Bổ não - cải thiện trí nhớ,Viên nén bao phim,95000.0,Royal Care,Việt Nam,Việt Nam,5.0
"Viên uống Omexxel Ginkgo 120 Excelife hỗ trợ tăng cường tuần hoàn máu não, tốt cho tim mạch (2 vỉ x 15 viên)",Thần kinh não,Viên nang mềm,364000.0,OMEXXEL,Hoa Kỳ,Hoa Kỳ,5.0
"Viên uống Dạ Dày Hải Thượng Vương hỗ trợ giảm acid dịch vị, bảo vệ niêm mạc dạ dày (30 viên)","Dạ dày, tá tràng",Viên nang cứng,315000.0,Hải Thượng Vương,Việt Nam,Việt Nam,5.0
"Viên uống Trùng Thảo Gold Thành Công hỗ trợ dễ ngủ, ngủ sâu giấc (30 viên)",Hỗ trợ giấc ngủ ngon,Viên nang,148000.0,Thành Công,Việt Nam,Việt Nam,5.0
"Viên uống KenKan Nattokinase 2400FU giảm nguy cơ hình thành huyết khối, tăng cường lưu thông máu (60 viên)",Sức khoẻ tim mạch,Viên nang,515000.0,KenKan,Nhật Bản,Nhật Bản,5.0
Viên uống Calcium Magnesium Zinc Nature's Bounty hỗ trợ duy trì sức khoẻ hệ xương (100 viên),Bổ sung Kẽm & Magie,Viên nén bao phim,232750.0,Nature's Bounty,Hoa Kỳ,Hoa Kỳ,4.5
"Viên uống Calci K2 Dao Nordic Health bổ sung canxi, chống loãng xương (60 viên)",Bổ sung Canxi & Vitamin D,Viên nén,346750.0,DAO Nordic Health,Đan Mạch,Đan Mạch,5.0
"Viên uống Alisha Biotic For Women Happy Life bổ sung lợi khuẩn, hỗ trợ sức khoẻ nữ giới (3 vỉ x 10 viên)",Sinh lý - Nội tiết tố,Viên nang cứng,183200.0,,Việt Nam,Việt Nam,
"Viên nang mềm NatureCare Omega 369 bổ sung Omega, giảm nguy cơ xơ vữa động mạch (6 vỉ x 20 viên)","Dầu cá, Omega 3, DHA",Viên nang mềm,570000.0,Naturecare,Hoa Kỳ,Ba Lan,5.0
Viên uống proMUM DHA Alg bổ sung DHA cho phụ nữ có thai và cho con bú (3 vỉ x 10 viên),"Dầu cá, Omega 3, DHA",Viên nang mềm,399200.0,proMUM,Ba Lan,Ba Lan,5.0
Viên uống proMUM New Live bổ sung các chất dinh dưỡng cho phụ nữ mang thai và cho con bú (2 vỉ x 15 viên),Vitamin & Khoáng chất,Viên nang cứng,255200.0,proMUM,Ba Lan,Ba Lan,4.8
"Viên uống Precare Mama Diamond cung cấp các vitamin, khoáng chất cho phụ nữ mang thai (30 viên)",Vitamin & Khoáng chất,Viên nang mềm,185000.0,TC Pharma,Việt Nam,Việt Nam,4.7
Siro Fer + Multi Hatro bổ sung sắt và Vitamin nhóm B cho cơ thể (120ml),Vitamin & Khoáng chất,Siro,150000.0,Hatro,Việt Nam,Việt Nam,5.0
"Siro Multi Vitamin Hatro hỗ trợ tăng cường sức khỏe, nâng cao sức đề kháng (120ml)","Tăng sức đề kháng, miễn dịch",Siro,150000.0,Hatro,Việt Nam,Việt Nam,5.0
"Viên uống Ocavill hỗ trợ tăng cường chức năng gan, giải độc gan, bảo vệ gan (4 vỉ x 15 viên)",Chức năng gan,Viên nang cứng,550000.0,OCAVILL,,Pháp,5.0
Viên uống Liver Tonic 17500 GoodHealth hỗ trợ giải độc gan (60 viên),Chức năng gan,Viên nang cứng,590400.0,Good Health,New Zealand,New Zealand,5.0
Nước uống Hana Colla Q10 Collagen Jpanwell chống oxi hóa cho cơ thể (10 chai x 50ml),Hỗ trợ làm đẹp,Dung dịch uống,970000.0,Jpanwell,Nhật Bản,Nhật Bản,4.4
"Viên uống Milk Thistle Pharma World hỗ trợ chống oxy hóa, giải độc gan (60 viên)",Chức năng gan,Viên nang,356000.0,Pharma World,Mỹ,Hoa Kỳ,5.0
Viên uống Brain Support Pharma World hỗ trợ sức khỏe cho não (60 viên),Bổ não - cải thiện trí nhớ,Viên nang cứng,425000.0,Pharma World,Mỹ,Hoa Kỳ,5.0
"Bột hòa tan Soki Tium Baby hỗ trợ giúp ngủ ngon, tăng cường tiêu hóa (12 gói x 3g)",Hỗ trợ giấc ngủ ngon,Dạng bột,380000.0,Soki,Việt Nam,Việt Nam,5.0
"Viên uống Lung Care+ Jpanwell hỗ trợ hệ hô hấp, giúp phổi khỏe mạnh (60 viên)","Hô hấp, ho, xoang",Viên nang,796000.0,Jpanwell,Nhật Bản,Nhật Bản,5.0
"Viên uống Thymo-Glucan Kingphar nâng cao sức đề kháng, giúp cơ thể khỏe mạnh (3 vỉ x 10 viên)","Tăng sức đề kháng, miễn dịch",Viên nang mềm,100000.0,Kingphar,Việt Nam,Việt Nam,5.0
"Viên uống Kidney Cleanser Support chống oxy hóa, giảm nguy cơ viêm đường tiết niệu (30 viên)","Thận, tiền liệt tuyến",Viên nang cứng,415000.0,Vitamins For Life,Hoa Kỳ,Hoa Kỳ,5.0
"Viên uống Hato Gold Jpanwell cải thiện tim mạch, giảm khó thở, mệt mỏi, đau tức ngực (60 viên)",Sức khoẻ tim mạch,Viên nang,796000.0,Jpanwell,Nhật Bản,Nhật Bản,5.0
Viên uống hỗ trợ dạ dày Dr.Sto Jpanwell (60 viên),"Dạ dày, tá tràng",Viên nang,990000.0,Jpanwell,Nhật Bản,Nhật Bản,4.8
Viên uống Okinawa Fucoidan +++ Jpanwell hỗ trợ tăng cường sức để kháng và trung hòa các gốc tự do (30 viên),"Tăng sức đề kháng, miễn dịch",Viên nang,796000.0,Jpanwell,Nhật Bản,Nhật Bản,4.9
"Viên uống Vitatree Kidney Tonic hỗ trợ bổ thận, tăng cường chức năng thận (100 viên)","Thận, tiền liệt tuyến",Viên nén,808000.0,Vitatree,Úc,Úc,5.0
Viên uống Pure Cordyceps Pharmekal giúp tăng cường sức đề kháng của cơ thể (60 viên),"Tăng sức đề kháng, miễn dịch",Viên nang,495000.0,Pharmekal,Hoa Kỳ,Hoa Kỳ,5.0
"Viên uống Free Flex DAO Nordic Health hỗ trợ hạn chế thoái hóa khớp, chống viêm ở khớp (90 viên)",Hỗ trợ điều trị,Viên nén,356000.0,DAO Nordic Health,Đan Mạch,Đan Mạch,5.0
"Viên nang cứng Triple Care Gold Vitamins For Life Hỗ trợ tăng tiết dịch khớp, giảm thoái hóa khớp (60 viên)",Cơ xương khớp,Viên nén,617500.0,Vitamins For Life,Hoa Kỳ,Hoa Kỳ,5.0
Siro Special Kid Multivitamines bổ sung Vitamin và khoáng chất giúp tăng cường sức đề kháng (125ml),Vitamin tổng hợp,Siro,239000.0,ERIC FAVRE® WELLNESS,Pháp,Pháp,5.0
"Siro Special Kid Appeti+ bổ sung các vitamin và khoáng chất, hỗ trợ tiêu hóa tốt (125ml)",Vitamin tổng hợp,Siro,239000.0,ERIC FAVRE® WELLNESS,Pháp,Pháp,5.0
"Viên uống Perfect White Jpanwell hỗ trợ làm đẹp da, giúp da trắng sáng (60 viên)",Da,Viên nang cứng,1432000.0,Jpanwell,Nhật Bản,Nhật Bản,5.0
"Viên uống Agera Extra Kingphar hỗ trợ giảm ngạt mũi, hắt hơi (60 viên)","Hô hấp, ho, xoang",Viên nén bao phim,144000.0,Kingphar,Việt Nam,Việt Nam,4.6
Siro Ginkid Ăn Ngon 11X Gold GINIC hỗ trợ kích thích tiêu hóa (125ml),Hỗ trợ trao đổi chất,Siro,100000.0,,Việt Nam,Việt Nam,5.0
"Viên uống Diệp Hạ Châu Kingphar hỗ trợ bảo vệ gan, tăng cường chức năng gan (60 viên)",Chức năng gan,Viên nén,81000.0,Kingphar,Việt Nam,Việt Nam,4.3
"Viên uống Herba Hair Kingphar bổ huyết, hỗ trợ làm đen tóc (60 viên)",Tóc,Viên nén bao phim,172000.0,Kingphar,Việt Nam,Việt Nam,4.7
"Viên uống Cường Gân Cốt - Vai Gáy Kingphar hỗ trợ bổ thận, mạnh gân cốt (60 viên)",Cơ xương khớp,Viên nén bao phim,181000.0,Kingphar,Việt Nam,Việt Nam,5.0
Viên uống T.Đ Kingphar dùng cho người bị tiểu đường (60 viên),Hỗ trợ điều trị tiểu đường,Viên nén bao phim,150000.0,Kingphar,Việt Nam,Việt Nam,5.0
"Viên dạ dày An Dạ Khang Naga Vesta giúp bảo vệ niêm mạc dạ dày, tá tràng (3 vỉ x 10 viên)","Dạ dày, tá tràng",Viên nang cứng,154000.0,Vesta,Việt Nam,Việt Nam,4.6
"Siro Special Kid Vitamine D3 hỗ trợ hấp thu Calci, phát triển xương và răng ở trẻ (20ml)",Vitamin & Khoáng chất,Siro,239000.0,ERIC FAVRE® WELLNESS,Pháp,Pháp,5.0
"Viên uống Medsulin Gold Jpanwell giúp hạ đường huyết, hỗ trợ chuyển hóa đường (60 viên)",Hỗ trợ điều trị tiểu đường,Viên nang cứng,995000.0,Jpanwell,Nhật Bản,Nhật Bản,5.0
Viên uống Lacto Biomin Gold New HD Pharma hỗ trợ cải thiện hệ vi sinh đường ruột (5 vỉ x 10 viên),Vi sinh - Probiotic,Viên nang cứng,113000.0,Hdpharma,Việt Nam,Việt Nam,5.0
"Viên uống C 500mg Nature's Bounty bổ sung vitamin C, tăng cường sức đề kháng (100 viên)",Vitamin C các loại,Viên nén,296000.0,Nature's Bounty,Hoa Kỳ,Hoa Kỳ,5.0
"Viên uống Phế Khang Hải Thượng Vương Vesta hỗ trợ giảm đau rát họng, khản tiếng do ho kéo dài (3 vỉ x 10 viên)","Hô hấp, ho, xoang",Viên nang,108000.0,Hải Thượng Vương,Việt Nam,Việt Nam,4.7
Viên uống Sinus Nose Vitamins For Life hỗ trợ tăng cường sức khỏe đường hô hấp (60 viên),"Hô hấp, ho, xoang",Viên nang,540000.0,Vitamins For Life,Hoa Kỳ,Hoa Kỳ,5.0
Viên uống Sinus Nose Vitamins For Life hỗ trợ tăng cường sức khỏe đường hô hấp (30 viên),"Hô hấp, ho, xoang",Viên nang,290000.0,Vitamins For Life,Hoa Kỳ,Hoa Kỳ,5.0
"Viên uống Drlife Natural Herb Cordyceps 1500mg Arnet Pharmaceutical bổ phổi, bổ thận (60 viên)","Tăng sức đề kháng, miễn dịch",Viên nang,585000.0,Arnet Pharmaceutical,Hoa Kỳ,Hoa Kỳ,5.0
Bổ Não Ích Trí Gold Tất Thành tăng cường tuần hoàn não (60 viên),Bổ não - cải thiện trí nhớ,Viên nang,210000.0,Tất Thành,Việt Nam,Việt Nam,
"Dung dịch D3 Drops 10ml Dao Nordic Health bổ sung vitamin D3, hỗ trợ phát triển của xương","Tăng sức đề kháng, miễn dịch",Dung dịch,270000.0,DAO Nordic Health,Đan Mạch,Đan Mạch,
"Dung dịch Bio Plus 15g Kenko bổ sung vi khuẩn có lợi cho hệ tiêu hóa, cân bằng đường ruột (10 gói)","Dạ dày, tá tràng",Dung dịch,560000.0,KENKO,Nhật Bản,Nhật Bản,
"Viên uống Relax Plus Jpanwell hỗ trợ giảm đau khớp, khó vận động do viêm khớp (60 viên)",Cơ xương khớp,Viên nang cứng,990000.0,Jpanwell,Nhật Bản,Nhật Bản,5.0
Dung dịch Grow Plus+ Makishokuhin hỗ trợ giúp trẻ phát triển thể lực và tăng cường sức đề kháng (30 gói),"Tăng sức đề kháng, miễn dịch",Dung dịch,1290000.0,Makishokuhin,Nhật Bản,Nhật Bản,5.0
"Viên uống NutriGrow Nutrimed bổ sung canxi, vitamin D3, vitamin K2, hấp thu canxi (60 viên)",Bổ sung Canxi & Vitamin D,Viên nén,480000.0,NUTRIMED,Hoa Kỳ,Hoa Kỳ,5.0
"Viên uống Immuvita Easylife bổ sung vitamin và khoáng chất cho cơ thể, tăng sức khỏe (100 viên)",Vitamin tổng hợp,Viên nén,390000.0,,,Đức,5.0
Viên uống Đông Trùng Hạ Thảo Pharma World Cordyceps 1500mg hỗ trợ tốt cho phổi và thận (60 viên),"Tăng sức đề kháng, miễn dịch",Viên nang cứng,595000.0,Pharma World,Mỹ,Hoa Kỳ,5.0
"Viên uống Ultra Liver Cleanser Vitamins For Life hỗ trợ giải độc gan, giúp bảo vệ gan (30 viên)",Chức năng gan,Viên nang cứng,390000.0,Vitamins For Life,Hoa Kỳ,Hoa Kỳ,5.0
Viên uống King Fucoidan Jpanwell tăng cường sức khỏe và trung hòa gốc tự do (120 viên),"Tăng sức đề kháng, miễn dịch",Viên nang cứng,5440000.0,Jpanwell,Nhật Bản,Nhật Bản,5.0
"Thực phẩm bảo vệ sức khỏe SIRO G+ Kenko hỗ trợ tăng đề kháng, giảm các triệu chứng trên đường hô hấp trên (100ml)","Tăng sức đề kháng, miễn dịch",Siro,320000.0,KENKO,Nhật Bản,Nhật Bản,
Thực phẩm bảo vệ sức khỏe SIRO Q+ KenKo hỗ trợ đường hô hấp (100ml),"Tăng sức đề kháng, miễn dịch",Siro,320000.0,KENKO,Nhật Bản,Nhật Bản,5.0
Viên uống bổ xương khớp Premium Omexxel Bone Health (60 viên),Cơ xương khớp,Viên nang cứng,539000.0,OMEXXEL,Hoa Kỳ,Hoa Kỳ,
"Viên uống Omexxel Collagen làm chậm quá trình lão hóa da, tăng độ đàn hồi cho da (3 vỉ x 10 viên)",Da,Viên nang mềm,380000.0,OMEXXEL,Hoa Kỳ,Hoa Kỳ,
"Viên uống Premium Omexxel Colon Health bổ sung lợi khuẩn, hỗ trợ giảm rối loạn tiêu hóa (60 viên)",Hỗ trợ tiêu hóa,Viên nang cứng,454300.0,OMEXXEL,Hoa Kỳ,Hoa Kỳ,5.0
Viên uống Premium Omexxel Blood Sugar Health hỗ trợ ổn định đường huyết (60 viên),Hỗ trợ điều trị tiểu đường,Viên nang cứng,416500.0,OMEXXEL,Hoa Kỳ,Hoa Kỳ,
Viên uống Premium Omexxel Strong Hepa hỗ trợ bảo vệ gan (60 viên),Chức năng gan,Viên nang cứng,416500.0,OMEXXEL,Hoa Kỳ,Hoa Kỳ,
"Viên uống Premium Omexxel Skin, Hair And Nails Health bổ sung Collagen, giúp làm đẹp da, tóc, móng (60 viên)",Da,Viên nang cứng,595000.0,OMEXXEL,Hoa Kỳ,Hoa Kỳ,
Viên uống Premium Omexxel Memory Health hỗ trợ tốt cho não bộ (60 viên),Bổ não - cải thiện trí nhớ,Viên nang cứng,539000.0,OMEXXEL,Hoa Kỳ,Hoa Kỳ,
Thực phẩm bảo vệ sức khỏe G-TEEN Kenko hỗ trợ phát triển cho bé gái giai đoạn dậy thì (30 gói x 15g),Vitamin tổng hợp,Dung dịch,1550000.0,KENKO,Nhật Bản,Nhật Bản,5.0
Thực phẩm bảo vệ sức khỏe B-TEEN Kenko hỗ trợ phát triển cho bé trai giai đoạn dậy thì (30 gói x 15g),Vitamin tổng hợp,Dung dịch,1550000.0,KENKO,Nhật Bản,Nhật Bản,5.0
Viên nang cứng Hemor Gold Jpanwell hỗ trợ tốt cho người bị trĩ (60 viên),Hỗ trợ điều trị trĩ,Viên nang cứng,920000.0,Jpanwell,Nhật Bản,Nhật Bản,5.0
Viên nang mềm Omexxel Cordy hỗ trợ tăng sức đề kháng (3 vỉ x 10 viên),"Tăng sức đề kháng, miễn dịch",Viên nang mềm,330000.0,OMEXXEL,Hoa Kỳ,Hoa Kỳ,5.0
"Viên nang mềm Omexxel E400 hỗ trợ chống oxy hóa, tốt cho da (3 vỉ x 10 viên)","Dầu cá, Omega 3, DHA",Viên nang mềm,330000.0,OMEXXEL,Hoa Kỳ,Hoa Kỳ,5.0
"Viên nang mềm Omexxel Arthri hỗ trợ tăng tiết dịch khớp, giảm đau do lão hóa khớp (3 vỉ x 10 viên)",Cơ xương khớp,Viên nang mềm,380000.0,OMEXXEL,Hoa Kỳ,Hoa Kỳ,
Viên uống Premium Omexxel Curcumin C3 Complex W/Bioperine hỗ trợ cải thiện tiêu hóa (60 viên),"Dạ dày, tá tràng",Viên nén,539000.0,OMEXXEL,Hoa Kỳ,Hoa Kỳ,5.0
"Viên uống proMUM Vomarin hỗ trợ giảm buồn nôn cho phụ nữ mang thai, tăng tiết sữa mẹ (2 vỉ x 15 viên)",Vitamin & Khoáng chất,Viên nang cứng,279200.0,proMUM,Ba Lan,Ba Lan,5.0
Viên uống proMUM New Start bổ sung vitamin và khoáng chất cho phụ nữ có kế hoạch mang thai (2 vỉ x 15 viên),Vitamin & Khoáng chất,Viên nang cứng,263200.0,proMUM,Ba Lan,Ba Lan,5.0
"Siro Canxi + D3K2 Hatro bổ sung canxi giúp xương, răng chắc khỏe (120ml)",Bổ sung Canxi & Vitamin D,Siro,180000.0,Hatro,Việt Nam,Việt Nam,5.0
"Siro ZinC + Lysin Hatro bổ sung kẽm, hỗ trợ tăng sức đề kháng cho trẻ (120ml)",Vitamin & Khoáng chất,Siro,150000.0,Hatro,Việt Nam,Việt Nam,5.0
"Viên uống Mind Plus Vitamins For Life tăng cường tuần hoàn não, cải thiện trí nhớ (30 viên)",Bổ não - cải thiện trí nhớ,Viên nang,316000.0,Vitamins For Life,Hoa Kỳ,Hoa Kỳ,4.9
Viên uống VwhiteSkin Ocavill hỗ trợ duy trì độ ẩm cho da (30 viên),Da,Viên nang cứng,392000.0,OCAVILL,,Pháp,5.0
"Viên uống Vita Ear New Nordic tăng cường tuần hoàn não, cải thiện lưu thông máu đến tai, giảm ù tai (15 viên)",Cải thiện tăng cường chức năng,Viên nén,340000.0,NEW NORDIC,Thụy Điển,Thụy Điển,5.0
"Thực phẩm bảo vệ sức khỏe JP Natural Organic Jpanwell bổ sung chất xơ, chống táo bón và tăng đề kháng (120 viên)",Táo bón,Viên nang,780000.0,Jpanwell,Nhật Bản,Nhật Bản,5.0
"Thực phẩm bảo vệ sức khỏe Prenatal One Vitamins For Life cung cấp DHA, vitamin và khoáng chất",Bổ sung Canxi & Vitamin D,Viên nang mềm,660000.0,Vitamins For Life,Hoa Kỳ,Hoa Kỳ,5.0
Viên nang cứng Naturenz Gold DHG Pharma hỗ trợ giảm các triệu chứng của viêm gan (100 viên),Chức năng gan,Viên nang cứng,280000.0,DHG Pharma,Việt Nam,Việt Nam,
Viên uống Calci K-2 Pharma World hỗ trợ giảm nguy cơ loãng xương (60 viên),Bổ sung Canxi & Vitamin D,Viên nén,376000.0,Pharma World,Mỹ,Hoa Kỳ,5.0
Viên uống NMN 21600 Premium giúp cho cơ thể và thể chất chống lại được sự lão hóa (60 viên),Da,Viên nang cứng,5785000.0,Jpanwell,Nhật Bản,Nhật Bản,4.9
Thực phẩm bảo vệ sức khỏe TENNEN Jpanwell hỗ trợ tăng cường sức khỏe (6 vỉ x 10 viên),"Tăng sức đề kháng, miễn dịch",Viên nang cứng,1390000.0,Jpanwell,Nhật Bản,Nhật Bản,4.6
Viên uống Kaki Ekisu Tohchukasou Kenkan hỗ trợ tăng cường sinh lý nam giới (60 viên),Sinh lý nam,Viên nang mềm,412000.0,KenKan,Nhật Bản,Nhật Bản,4.8
Viên uống Triple Strength Glucosamine 1500mg Pharmekal bổ sung dưỡng chất cho khớp (200 viên),Cơ xương khớp,Viên nén,806000.0,Pharmekal,Hoa Kỳ,Hoa Kỳ,5.0
Viên uống Kenkan Seishun Primrose cải thiện các triệu chứng của phụ nữ tiền mãn kinh (60 viên),Hỗ trợ mãn kinh,Viên nang mềm,515000.0,KenKan,Nhật Bản,Nhật Bản,5.0
Viên uống Celery 12000 GoodHealth hỗ trợ giảm acid uric cho người bị gout (60 viên),Hỗ trợ điều trị,Viên nang cứng,764000.0,Good Health,New Zealand,New Zealand,4.0
"Viên uống Kiện Cốt Vương hỗ trợ giảm triệu chứng đau nhức khớp do viêm khớp, thoái hóa khớp (45 viên)",Cơ xương khớp,Viên nang cứng,295000.0,CVI Pharma,Việt Nam,Việt Nam,5.0
"Bột hòa tan Soki Miter giúp hỗ trợ tăng cường tiêu hóa, giảm đầy bụng (20 gói)",Hỗ trợ tiêu hóa,Dạng bột,276000.0,Soki,Việt Nam,Việt Nam,5.0
"Bột hòa tan Soki Novo hỗ trợ tăng cường tiêu hóa, giúp giảm chướng bụng (18 gói x 3g)",Khó tiêu,Dạng bột,292000.0,Soki,Việt Nam,Việt Nam,5.0
Men Tiêu Hoá Ginkid GINIC bổ sung vi khuẩn có ích ở đường ruột (4 vỉ x 5 ống x 5ml),Hỗ trợ tiêu hóa,Hỗn dịch,105000.0,,Việt Nam,Việt Nam,5.0
Viên uống Ironmen Ocavill hỗ trợ tăng cường sinh lý nam giới (60 viên),Sinh lý nam,Viên nang mềm,615000.0,OCAVILL,Bulgaria,Bulgaria,4.9
Viên nang cứng Naturenz Gold DHG Pharma hỗ trợ giảm các triệu chứng của viêm gan (3 vỉ x 10 viên),Chức năng gan,Viên nang cứng,96000.0,DHG Pharma,Việt Nam,Việt Nam,5.0
"Trà nhân sâm KO Ginseng Royal Tea tăng cường sức khỏe, nâng cao sức đề kháng (10 hộp lẻ x 10 gói x 400g)","Tăng sức đề kháng, miễn dịch",Dạng bột,175000.0,TC Pharma,Việt Nam,Việt Nam,5.0
Viên uống JP Lady Jpanwell cung cấp vitamin hỗ trợ phụ nữ giai đoạn tiền mãn kinh (60 viên),Hỗ trợ mãn kinh,Viên nang,1040000.0,Jpanwell,Nhật Bản,Nhật Bản,5.0
Viên uống Premom Gold Jpanwell hỗ trợ phụ nữ trước giai đoạn mang thai (60 viên),Vitamin tổng hợp,Viên nang,1300000.0,Jpanwell,Nhật Bản,Nhật Bản,5.0
"Viên uống SkillMax OCAVILL hỗ trợ tăng cường thị lực, cải thiện các triệu chứng khô mắt (3 vỉ x 10 viên)","Bổ mắt, bảo vệ mắt",Viên nang mềm,536000.0,OCAVILL,,Bulgaria,5.0
Viên uống Oyster Extract Vitatree hỗ trợ duy trì sức khỏe sinh sản cho nam giới (90 viên),Sinh lý nam,Viên nang cứng,660000.0,Vitatree,Úc,Úc,4.9
"Viên uống Essence Of Kangaroo 40000 Max Vitatree bổ sung các acid amin, hỗ trợ cải thiện sức khỏe (100 viên)",Sinh lý nam,Viên nang,715000.0,Vitatree,Úc,Úc,5.0
"Cốm ăn ngon trẻ em TT KIDS Traphaco hỗ trợ tăng hấp thu dinh dưỡng, tăng cường sức khỏe (20 gói x 3g)",Hỗ trợ trao đổi chất,Cốm,84000.0,Traphaco,Việt Nam,Việt Nam,5.0
"Viên uống Omega Plus 10 Vitamins For Life chống oxy hóa, hỗ trợ tốt cho tim mạch (Hộp 60 viên)",Sức khoẻ tim mạch,Viên nang mềm,650000.0,Vitamins For Life,Mỹ,Hoa Kỳ,5.0
"Viên uống Heart Ace Support Vitamins For Life hỗ trợ sức khỏe tim mạch, điều hòa nhịp tim (Hộp 30 viên)",Sức khoẻ tim mạch,Viên nang mềm,415000.0,Vitamins For Life,Mỹ,Hoa Kỳ,5.0
Viên uống Blood Pressure+++ Jpanwell hỗ trợ huyết áp (60 viên),Huyết áp,Viên nén,768000.0,Jpanwell,Nhật Bản,Nhật Bản,5.0
Viên nang cứng Xương Khớp Hải Thượng Vương hỗ trợ giảm nguy cơ thoái hóa xương khớp (30 viên),Cơ xương khớp,Viên nang cứng,152000.0,Hải Thượng Vương,Việt Nam,Việt Nam,5.0
"Viên uống Onagre Cevrai hỗ trợ làm giảm triệu chứng tiền kinh nguyệt, tiền mãn kinh và mãn kinh (60 viên)",Hỗ trợ mãn kinh,Viên nang mềm,520000.0,CEVRAI,Pháp,Pháp,4.8
"Viên uống Via Him Lab Well bồi bổ sức khỏe, tăng cường sinh lực và khả năng sinh lý ở nam giới (30 viên)",Sinh lý nam,Viên nén,291000.0,Lab Well,Hoa Kỳ,Hoa Kỳ,4.6
"Viên uống Vitamin E 400IU Nature's Bounty hỗ trợ chống oxy hóa, làm chậm quá trình lão hóa da (30 viên)",Vitamin E các loại,Viên nang mềm,150000.0,Nature's Bounty,,Hoa Kỳ,5.0
"Viên uống CoQ10 30mg Pharmekal giảm quá trình oxy hóa, hỗ trợ sức khỏe cho tim (30 viên)",Sức khoẻ tim mạch,Viên nang mềm,169000.0,Pharmekal,,Hoa Kỳ,5.0
"Viên uống Skin Care Pigment Clear New Nordic giảm các vết thâm nám, sạm, tàn nhang (60 viên)",Da,Viên nén,704000.0,NEW NORDIC,Thụy Điển,Thụy Điển,4.7
Viên uống Vit Hair Men Galien hỗ trợ giảm rụng tóc dành cho nam giới (4 vỉ x 15 viên),Tóc,Viên nén,490000.0,Galien,Pháp,Hoa Kỳ,5.0
"Bột hòa tan Soki-Tium giúp ngủ ngon, tăng sức đề kháng (12 gói x 3g)",Hỗ trợ giấc ngủ ngon,Dạng bột,330000.0,Soki,Việt Nam,Việt Nam,4.9
"Cốm thảo mộc Thanh Nhiệt Plus Kingphar thanh nhiệt, mát gan (6 gói x 7g)",Chức năng gan,Cốm,15600.0,Kingphar,Việt Nam,Việt Nam,
Viên uống Blood Sugar Control Vitamins For Life hỗ trợ ổn định đường huyết (60 viên),Hỗ trợ điều trị,Viên nang,380000.0,Vitamins For Life,Hoa Kỳ,Hoa Kỳ,5.0
Viên uống Vit Hair Women Galien hỗ trợ giảm rụng tóc dành cho nữ giới (4 vỉ x 15 viên),Tóc,Viên nén bao phim,460000.0,Galien,Pháp,Hoa Kỳ,4.6
"Siro Special Kid Soulag'Doux hỗ trợ nhuận tràng, giúp kích thích tiêu hóa (125ml)",Táo bón,Siro,239000.0,ERIC FAVRE® WELLNESS,Pháp,Pháp,
"Siro Special Kid Calcium Vitamine D bổ sung Calci và Vitamin D giúp xương, răng chắc khỏe (125ml)",Bổ sung Canxi & Vitamin D,Dung dịch,239000.0,ERIC FAVRE® WELLNESS,Pháp,Pháp,5.0
"Viên uống Vitatree Mega Omega 3,6,9 Plus Q10 hỗ trợ duy trì sức khỏe của hệ tim mạch (120 viên)","Dầu cá, Omega 3, DHA",Viên nang,332000.0,Vitatree,Úc,Úc,4.5
Viên uống Ginkgo Plus 6000 With Q10 50mg Vitatree hỗ trợ cải thiện trí nhớ (60 viên),Bổ não - cải thiện trí nhớ,Viên nang,480000.0,Vitatree,Úc,Úc,5.0
"Dung dịch MorningKids Good Appetite tăng cường tiêu hóa, giúp ăn ngon miệng (125ml)",Hỗ trợ tiêu hóa,Dung dịch,182000.0,Morningkids,Ý,Ý,4.3
"Viên uống Qee Tree Kingphar tăng độ bền thành mạch, nhuận tràng, chống táo bón (60 viên)",Hỗ trợ điều trị trĩ,Viên nén bao phim,212000.0,Kingphar,Việt Nam,Việt Nam,5.0
"Viên uống Bài Thạch Kingphar lợi tiểu, hỗ trợ giảm nguy cơ viêm đường tiết niệu (60 viên)","Thận, tiền liệt tuyến",Viên nén bao phim,138000.0,Kingphar,Việt Nam,Việt Nam,4.5
"Bổ não Ích Trí Gold hỗ trợ giảm triệu chứng suy giảm tuần hoàn não, đau nửa đầu (60 viên)",Bổ não - cải thiện trí nhớ,Viên nang,210000.0,Tất Thành,Việt Nam,Việt Nam,5.0
"Viên uống Gai Xương Kingphar hoạt huyết, tăng cường lưu thông khí huyết (60 viên)",Cơ xương khớp,Viên bao,203000.0,Kingphar,Việt Nam,Việt Nam,4.5
"Hỗn dịch Canxi Vitamin D3 KingPhar bổ sung canxi, vitamin D3, hỗ trợ xương răng chắc khỏe (30 ống x 5ml)",Bổ sung Canxi & Vitamin D,Hỗn dịch,105000.0,Kingphar,Việt Nam,Việt Nam,4.9
"Viên Xương Khớp Kingphar New giúp dưỡng khớp, hỗ trợ làm chậm thoái hóa khớp (60 viên)",Cơ xương khớp,Viên nén,196000.0,Kingphar,Việt Nam,Việt Nam,5.0
"Viên uống An Dạ Kingphar hỗ trợ giảm chứng đau rát vùng thượng vị, xung huyết hang vị (60 viên)","Dạ dày, tá tràng",Viên nén,181000.0,Kingphar,Việt Nam,Việt Nam,5.0
"Viên uống Vitamin E Kingphar hỗ trợ tăng cường chống oxy hóa, hạn chế lão hóa da (4 vỉ x 10 viên)",Vitamin E các loại,Viên nang mềm,105000.0,Kingphar,Việt Nam,Việt Nam,5.0
"Viên uống Khang Bảo Bì Kingphar hỗ trợ giảm chứng mày đay, Eczema, mụn nhọt (60 viên)",Chức năng gan,Viên nén,166000.0,Kingphar,Việt Nam,Việt Nam,5.0
"Viên uống Omega 3-6-9 NatureCare giảm nguy cơ xơ vữa động mạch, bảo vệ sức khỏe tim mạch (3 vỉ x 20 viên)","Dầu cá, Omega 3, DHA",Viên nang mềm,300000.0,Naturecare,Hoa Kỳ,Ba Lan,4.7
"Viên uống Vững Mạch Chi Kingphar hỗ trợ tăng tính bền thành mạch, giảm nguy cơ suy tĩnh mạch (6 vỉ x 10 viên)",Suy giãn tĩnh mạch,Viên nén,306000.0,Kingphar,Việt Nam,Việt Nam,5.0
"Viên uống Evening Primrose Oil (EPO) 1000mg Good Health cải thiện nội tiết tố nữ, làm đẹp da (70 viên)",Cân bằng nội tiết tố,Viên nang,403200.0,Good Health,New Zealand,New Zealand,4.9
"Viên uống Toàn Lộc Bổ Phế Kingphar giúp thanh nhiệt, nhuận phế (60 viên)","Hô hấp, ho, xoang",Viên nén bao phim,193000.0,Kingphar,Việt Nam,Việt Nam,
"Siro Special Kid Anti-Allergies giúp giảm dị ứng, tăng cường sức đề kháng (125ml)",Hỗ trợ điều trị,Dung dịch,239000.0,ERIC FAVRE® WELLNESS,Pháp,Pháp,5.0
"Viên uống Mind Energy Jpanwell hỗ trợ cải thiện trí nhớ, bổ não (60 viên)",Bổ não - cải thiện trí nhớ,Viên nang cứng,2300000.0,Jpanwell,Nhật Bản,Nhật Bản,5.0
"Viên uống Queenmax Naga Extra Vesta bổ sung Collagen, một số Vitamin và khoáng chất (30 viên)",Da,Viên nang,225000.0,Vesta,Việt Nam,Việt Nam,5.0
"Dung dịch MorningKids Increase Height bổ sung vitamin, tăng chiều cao cho trẻ (150ml)",Vitamin & Khoáng chất,Dung dịch,276000.0,Morningkids,Ý,Ý,5.0
Viên uống Prostate Fort Vitamins For Life hỗ trợ sức khỏe tuyến tiền liệt nam giới (30 viên),Hỗ trợ điều trị,Viên nang mềm,435000.0,Vitamins For Life,Hoa Kỳ,Hoa Kỳ,5.0
"Viên uống MaxPremum Naga Plus Vesta hỗ trợ tăng sức khỏe, đề kháng cho thai phụ (30 viên)","Tăng sức đề kháng, miễn dịch",Viên nang mềm,175000.0,Vesta,Việt Nam,Việt Nam,5.0
Viên uống Pygeum Tiền Liệt Tuyến Kingphar hỗ trợ cải thiện rối loạn tiểu tiện (4 vỉ x 10 viên),"Thận, tiền liệt tuyến",Viên nén bao phim,204000.0,Kingphar,Việt Nam,Việt Nam,
"Viên uống Golex Ocevin bổ thận, tăng cường sức khỏe cho nam giới (30 viên)","Thận, tiền liệt tuyến",Viên nang,396000.0,Phytextra,Tây Ban Nha,Tây Ban Nha,
"Siro Special Kid Vision Eric Favre bổ sung các dưỡng chất cần thiết, có ích cho thị giác (125ml)","Bổ mắt, bảo vệ mắt",Dung dịch,239000.0,ERIC FAVRE® WELLNESS,Pháp,Pháp,5.0
Viên uống Omexxel Cardio Excelife hỗ trợ duy trì sức khỏe tim mạch (2 vỉ x 15 viên),Sức khoẻ tim mạch,Viên nang mềm,243000.0,OMEXXEL,Hoa Kỳ,Hoa Kỳ,5.0
"Viên uống Đại Tràng Hải Thượng Vương hỗ trợ kiện tỳ vị, giảm triệu chứng rối loạn tiêu hóa (2 vỉ x 10 viên)",Hỗ trợ tiêu hóa,Viên nang,160000.0,Hải Thượng Vương,Việt Nam,Việt Nam,5.0
"Viên nén Xuyên Tâm Liên Plus Echinacea Kingphar hỗ trợ giảm ho, giảm đờm, giảm đau rát họng (60 viên)","Hô hấp, ho, xoang",Viên nén bao phim,172000.0,Kingphar,Việt Nam,Việt Nam,5.0
"Siro Top Grow Jpanwell bổ sung các vitamin, hỗ trợ tăng cường sức khỏe (10 chai x 30ml)","Tăng sức đề kháng, miễn dịch",Siro,712000.0,Jpanwell,Nhật Bản,Nhật Bản,5.0
Viên dầu tỏi đen Garlics Oil VTV hỗ trợ tăng cường sức đề kháng (60 viên),Cải thiện tăng cường chức năng,Viên nang mềm,60000.0,VTV,Việt Nam,Việt Nam,5.0
"Siro Special Kid Sommeil hỗ trợ an thần kinh, giúp trẻ ngủ ngon giấc (125ml)",Hỗ trợ giấc ngủ ngon,Siro,239000.0,ERIC FAVRE® WELLNESS,Pháp,Pháp,5.0
Viên uống Bone Builder Drlife bổ sung canxi và vitamin cho xương (60 viên),Vitamin & Khoáng chất,Viên nén,327000.0,Dr.life,Hoa Kỳ,Hoa Kỳ,5.0
Viên nam lực Bang Cevrai cải thiện chức năng sinh lý nam giới (60 viên),Sinh lý nam,Viên nang,530000.0,CEVRAI,Pháp,Pháp,4.8
"Viên uống NMN PQQ KenKo bổ sung NMN, PQQ và một số vitamin, chống oxy hóa, chống lão hóa (60 viên)",Vitamin tổng hợp,Viên nang cứng,6675000.0,KENKO,Nhật Bản,Nhật Bản,
Viên uống hỗ trợ tăng cường tuần hoàn máu não Memoren 1200 Max Kingphar (Hộp 30 viên),Tuần hoàn máu,Viên nén bao phim,98000.0,Kingphar,Việt Nam,Việt Nam,5.0
Viên uống Đông Trùng Hạ Thảo Tennen Jpanwell hỗ trợ tăng cường sức khỏe (120 viên),"Tăng sức đề kháng, miễn dịch",Viên nang cứng,2275000.0,Jpanwell,Nhật Bản,Nhật Bản,5.0
"Nhụy hoa nghệ tây Sasagold Saffron bổ sung Vitamin và chất chống oxy hóa, hỗ trợ làm đẹp da (0.5g)",Cải thiện tăng cường chức năng,Dạng sợi,234000.0,Tarvand Saffron,Iran,Iran,
Sữa Nutifood Varna Colostrum 237ml hỗ trợ tăng cường sức đề kháng (24 chai),Sữa,Dung dịch,31500.0,,Việt Nam,Việt Nam,
"Sữa Nutifood Varna Diabetes 237ml Nutifood ổn định đường huyết, tốt cho tim mạch (24 chai)",Sữa,Dung dịch,31500.0,,Việt Nam,Việt Nam,5.0
Cốm pha hỗn dịch uống Probio Imexpharm cân bằng hệ vi sinh đường ruột (14 gói),"Dạ dày, tá tràng",Cốm pha hỗn dịch uống,21000.0,Imexpharm,Việt Nam,Việt Nam,
"Sữa Ensure Gold StrengthPro hương vani 237ml Abbott tăng cường sức khỏe, tăng cường miễn dịch",Sữa,Dung dịch,58000.0,Abbott,Hoa Kỳ,Hoa Kỳ,5.0
"Thực phẩm bảo vệ sức khỏe Condition hỗ trợ giải độc gan, giải rượu (100ml)","Giải rượu, cai rượu",Dung dịch,46750.0,Kolmar,Hàn Quốc,Hàn Quốc,5.0
Thực phẩm bảo vệ sức khỏe Antibio Pro hỗ trợ bổ sung lợi khuẩn lactobacillus (20 gói x 1g),"Dạ dày, tá tràng",Dạng bột,5400.0,Bayer,Đức,Hàn Quốc,5.0
Thực phẩm bảo vệ sức khỏe Carbo Nam Việt giảm triệu chứng đầy hơi (100 viên),Hỗ trợ tiêu hóa,Viên nén,9000.0,Nam Việt,Việt Nam,Việt Nam,
"Viên nén Orihiro Glucosamine 900 hỗ trợ làm trơn ổ khớp, hạn chế lão hóa khớp (900 viên)",Cơ xương khớp,Viên nén,451500.0,ORIHIRO,Nhật Bản,Nhật Bản,5.0
"Sữa bột Ensure Gold StrengthPro Abbott hương vani tăng cường sức khỏe khối cơ, tăng miễn dịch (800g)",Sữa,Dạng bột,853000.0,Abbott,Hoa Kỳ,Singapore,5.0
"Sữa bột Ensure Gold StrengthPro Abbott hương vani tăng cường sức khỏe khối cơ, tăng miễn dịch (380g)",Sữa,Dạng bột,397000.0,Abbott,Hoa Kỳ,Singapore,5.0
"Sắt Ferrolip Uga hỗ trợ tạo hồng cầu, giúp giảm nguy cơ thiếu máu do thiếu sắt (20 gói)",Bổ sung Sắt & Axit Folic,Dạng bột,360000.0,U.G.A. Nutraceuticals,Ý,Ý,5.0
Siro Wellbaby Multi-Vitamin Liquid Vitabiotics bổ sung vitamin và khoáng chất cho trẻ (150ml),Vitamin & Khoáng chất,Siro,412000.0,Vitabiotics,Anh,Anh,5.0
Kẹo con vịt Vitamin C 10mg hỗ trợ tăng cường đề kháng cho cơ thể,Vitamin C các loại,Viên nén,5500.0,Domesco,Việt Nam,Việt Nam,5.0
"Dung dịch Feroglobin B12 Vitabiotics hỗ trợ tăng khả năng tạo máu, tăng cường sức khỏe (200ml)",Vitamin & Khoáng chất,Dung dịch uống,358000.0,Vitabiotics,Anh,Anh,5.0
"Sữa Ensure Original 237ml Abbott hương vani, bổ sung dinh dưỡng, hỗ trợ tiêu hóa (4 lốc x 6 chai)",Sữa,Dung dịch uống,38000.0,Abbott,Hoa Kỳ,Hoa Kỳ,4.8
"Dung dịch Ferrolip Baby InPharma SpA bổ sung sắt, giảm nguy cơ thiếu máu (30ml)",Vitamin & Khoáng chất,Dung dịch,295000.0,U.G.A. Nutraceuticals,Ý,Ý,5.0
"Viên uống Khương Thảo Đan Gold Thái Minh giảm đau, làm trơn khớp và phục hồi sụn khớp (120 viên)",Cơ xương khớp,Viên nang,615000.0,Thái Minh,Việt Nam,Việt Nam,5.0
"Viên uống Khương Thảo Đan Gold Thái Minh giảm đau, làm trơn khớp và phục hồi sụn khớp (30 viên)",Cơ xương khớp,Viên nang cứng,173000.0,Thái Minh,Việt Nam,Việt Nam,5.0
Viên uống Optibac For Women Optibac Probiotics bổ sung lợi khuẩn hỗ trợ sức khỏe nữ giới (90 viên),Sinh lý - Nội tiết tố,Viên nang cứng,990000.0,,Anh,Đan Mạch,5.0
"Sữa bột Gluvita Gold Vitadairy bổ sung dinh dưỡng cho người đái tháo đường, tiền đái tháo đường (900g)",Dinh dưỡng,Dạng bột,498000.0,VITADAIRY,Việt Nam,Việt Nam,5.0
"Viên uống DHC Zinc bổ sung kẽm cho cơ thể, hỗ trợ duy trì sức khỏe (30 viên)",Bổ sung Kẽm & Magie,Viên nang cứng,95000.0,DHC,Nhật Bản,Nhật Bản,5.0
"Viên uống Lavima Biotic bổ sung lợi khuẩn, hỗ trợ tăng sức đề kháng (2 vỉ x 10 viên)",Sinh lý - Nội tiết tố,Viên nang,173000.0,Lavima,,Việt Nam,4.9
Viên bổ mắt cao cấp Phúc Nhãn Khang hỗ trợ giúp tăng cường thị lực (1 lọ x 30 viên),Vitamin tổng hợp,Viên nang mềm,220000.0,Phúc Khang,,Việt Nam,5.0
Viên uống Optibac Intimate Flora For Women bổ sung lợi khuẩn hỗ trợ sức khỏe nữ giới (30 viên),Sinh lý - Nội tiết tố,Viên nang,445500.0,,Anh,Đan Mạch,5.0
Sữa Anlene Gold 5X hương vani tăng cường sức khỏe cơ-xương-khớp dành cho người trên 40 tuổi (800g),Sữa,Dạng bột,448000.0,Anlene,New Zealand,Malaysia,5.0
Siro Gadopax Forte hỗ trợ tăng sức đề kháng của cơ thể (100ml),Vitamin & Khoáng chất,Siro,279000.0,VALENS,Slovenia,Slovenia,5.0
"Viên uống Tuệ Linh Plus hỗ trợ giải độc gan, tăng cường chức năng gan (60 viên)",Chức năng gan,Viên nén bao phim,198000.0,Tuệ Linh,Việt Nam,Việt Nam,4.9
"Siro Brauer Baby & Kids Liquid Zinc bổ sung kẽm, tăng sức đề kháng cho trẻ (200ml)","Tăng sức đề kháng, miễn dịch",Dung dịch uống,380000.0,Brauer,,Úc,5.0
"Cốm râu ngô Auvina giúp lợi tiểu, mát gan, thanh nhiệt giải độc (150g)",Chức năng gan,Cốm,12000.0,,Úc,Việt Nam,5.0
"Viên uống Brauer Baby & Kids Ultra Pure DHA hỗ trợ phát triển não bộ, sức khỏe cho mắt (60 viên)","Dầu cá, Omega 3, DHA",Viên nang mềm,340200.0,Brauer,Úc,Úc,4.9
"Viên sủi Thanh Nhiệt Livecool Nam Dược hương chanh giải độc, mát gan, tăng cường sức đề kháng (16 viên)",Chức năng gan,Viên sủi,40000.0,Nam Dược,Việt Nam,Việt Nam,5.0
Viên nhai Nature's Way Kids Smart Vita Gummies Omega-3 DHA Fish Oil hỗ trợ tăng cường sức khỏe (60 viên),"Dầu cá, Omega 3, DHA",Viên nhai,250750.0,Nature's way,Úc,Úc,5.0
"Xịt Họng Kingphar dùng cho người bị ho, ho có đờm, đau rát họng, khàn tiếng do viêm họng, viêm phế quản (30ml)","Hô hấp, ho, xoang",Dạng xịt,70000.0,Kingphar,Việt Nam,Việt Nam,5.0
"Viên uống Elevit Bayer hỗ trợ tăng cường sức khỏe, nâng cao sức đề kháng cho thai kỳ (3 vỉ x 10 viên)",Vitamin tổng hợp,Viên nén bao phim,274500.0,Bayer,Đức,Pháp,4.8
"Viên uống Bình Vị Thái Minh hỗ trợ giảm acid dịch vị, giúp bảo vệ niêm mạc dạ dày (80 viên)","Dạ dày, tá tràng",Viên nén,595000.0,Thái Minh,Việt Nam,Việt Nam,5.0
"Xịt keo ong Vitatree Super Propolis Spray Complex With Honey hỗ trợ chống oxy hóa, giảm đau rát họng (30ml)","Tăng sức đề kháng, miễn dịch",Dạng xịt,135000.0,Vitatree,Úc,Úc,4.9
"Sữa bột CaloSure gold Vitadairy ít đường, tăng cường sức khỏe tim mạch, hồi phục sức khỏe (900g)",Sữa,Dạng bột,459000.0,VITADAIRY,Việt Nam,Việt Nam,5.0
Viên uống CumarGold Nano Curcumin New CVI Pharma hỗ trợ bảo vệ niêm mạc dạ dày (4 vỉ x 10 viên),"Dạ dày, tá tràng",Viên nang mềm,360000.0,CVI Pharma,Việt Nam,Việt Nam,5.0
"Viên sủi Thanh Nhiệt Livecool Nam Dược hương dưa gang giải độc, mát gan, tăng cường sức đề kháng (16 viên)",Chức năng gan,Viên sủi,40000.0,Nam Dược,Việt Nam,Việt Nam,
"Viên uống sâm Angela Gold Ecogreen làn da căng sáng, tăng cường sinh lý nữ (60 viên)",Sinh lý nữ,Viên nang,720000.0,Ecogreen,Hoa Kỳ,Hoa Kỳ,5.0
Viên uống BoniVein Botania hỗ trợ tăng sức bền của tĩnh mạch (30 viên),Hỗ trợ điều trị trĩ,Viên nang,250000.0,Botania,Hoa Kỳ,Canada,5.0
"Viên uống Rocket 1h Thái Dương giúp bổ thận dương, tăng cường sinh lực (6 viên)",Sinh lý nam,Viên nang cứng,300000.0,Sao Thái Dương,Việt Nam,Việt Nam,4.9
Dầu gấc viên nang Vinaga giúp tăng cường chống oxy hóa (100 viên),Cải thiện tăng cường chức năng,Viên nang,68000.0,Vinaga,Việt Nam,Việt Nam,
"Cốm vi sinh Bioacimin Gold Meracine cân bằng hệ vi sinh đường ruột, giảm nguy cơ rối loạn tiêu hóa (30 gói)",Hỗ trợ tiêu hóa,Cốm pha dung dịch uống,145000.0,,Việt Nam,Việt Nam,4.8
"Cốm Probiotics Lactomin Plus Novarex bổ sung vi khuẩn có ích, giúp cân bằng hệ vi sinh đường ruột (30 gói)",Vi sinh - Probiotic,Cốm,174000.0,Novarex,Hàn Quốc,Hàn Quốc,4.8
"Cốm lợi sữa Mum Milk GOD HEALTH tăng tiết sữa, tăng chất lượng sữa (20 gói x 3g)",Vitamin & Khoáng chất,Cốm pha dung dịch uống,43000.0,GOD HEALTH,Việt Nam,Việt Nam,5.0
"Viên uống Bảo Xuân Gold Nam Dược bổ sung phytoestrogen, cân bằng nội tiết tố nữ (3 vỉ x 10 viên)",Cân bằng nội tiết tố,Viên nang,120000.0,Nam Dược,Việt Nam,Việt Nam,4.8
Viên uống Đại Tràng Tâm Bình hỗ trợ giảm các triệu chứng của viêm đại tràng cấp và mãn tính (5 vỉ x 12 viên),Đại tràng,Viên nang cứng,95000.0,Tâm Bình,Việt Nam,Việt Nam,4.7
Viên uống Trinh Nữ Hoàng Cung Dolexphar hỗ trợ giảm sự tiến triển của u xơ tử cung (60 viên),Hỗ trợ điều trị,Viên nang,71000.0,Dolexphar,Việt Nam,Việt Nam,4.8
"Viên uống Diabetna Nam Dược hỗ trợ giảm đường huyết, giảm HbA1c (4 vỉ x 10 viên)",Hỗ trợ điều trị tiểu đường,Viên nang,108000.0,Nam Dược,Việt Nam,Việt Nam,
"Niệm Từ Am Hiếu Tử Xuyên Bồi Tỳ Bà Cao bổ phế, thanh giọng, giảm ho, tiêu đờm (300ml)","Hô hấp, ho, xoang",Dung dịch,170000.0,Nin Jiom Pei Pa Koa,Hồng Kông,Hồng Kông,5.0
"Viên uống Ích Thận Vương Á Âu bổ thận, lợi tiểu (3 vỉ x 10 viên)","Thận, tiền liệt tuyến",Viên nén,210000.0,Á Âu,Việt Nam,Việt Nam,5.0
Viên giải rượu ME-21 Á Châu điều hóa chuyển hóa rượu (1 vỉ x 4 viên),"Giải rượu, cai rượu",Viên nang,11000.0,Á Châu,Việt Nam,Việt Nam,5.0
"Viên uống Cà Gai Leo Tuệ Linh bảo vệ và phục hồi tế bào gan, giải độc gan (60 viên)",Chức năng gan,Viên nén bao phim,130000.0,Tuệ Linh,Việt Nam,Việt Nam,5.0
Viên uống Tràng Phục Linh Plus Thái Minh hỗ trợ giảm các triệu chứng của hội chứng ruột (2 vỉ x 10 viên),Đại tràng,Viên nén,185000.0,Thái Minh,Việt Nam,Việt Nam,5.0
Sữa bột Glucerna Abbott bổ sung dinh dưỡng đặc biệt cho người đái tháo đường (800g),Sữa,Dạng bột,826260.0,Abbott,Hoa Kỳ,Singapore,4.9
"Viên uống Ích Tâm Khang Hồng Bàng hỗ trợ giảm triệu chứng khó thở, phù do suy tim (3 vỉ x 10 viên)",Sức khoẻ tim mạch,Viên nén,195000.0,Hồng Bàng,Việt Nam,Việt Nam,5.0
"Viên uống Acnacare Mega We Care bổ sung chất chống oxy hóa, ngăn ngừa mụn (3 vỉ x 10 viên)",Da,Viên nang mềm,118000.0,MEGA We care,Thái Lan,Thái Lan,5.0
Viên uống Tiêu Khiết Thanh Á Âu hỗ trợ thanh nhiệt giải độc cho cơ thể (3 vỉ x 10 viên),"Hô hấp, ho, xoang",Viên nén,160000.0,Á Âu,Việt Nam,Việt Nam,
"Viên khớp Tâm Bình hỗ trợ giảm các triệu chứng của thoái hóa khớp, viêm khớp (60 viên)",Cơ xương khớp,Viên nang cứng,96000.0,Tâm Bình,Việt Nam,Việt Nam,
"Bột Vương Não Khang IMC hoạt huyết, tăng cường vi chất cho não, cải thiện giấc ngủ (30 gói)",Bổ não - cải thiện trí nhớ,Dạng bột,215000.0,IMC,Việt Nam,Việt Nam,4.8
Dung dịch uống Neopeptine F Drops Raptakos hỗ trợ tăng cường tiêu hóa và hấp thu thức ăn (15ml),Khó tiêu,Dung dịch uống,56000.0,,Ấn Độ,Ấn Độ,5.0
"Dung dịch Thiên Môn Bổ Phổi Bình Đông giúp giảm ho, bổ phổi (280ml)","Hô hấp, ho, xoang",Dung dịch,67000.0,Bình Đông,Việt Nam,Việt Nam,5.0
Viên sủi MyVita Multi SPM vị cam bổ sung Vitamin và khoáng chất (20 viên),Vitamin tổng hợp,Viên nén sủi bọt,25000.0,S.P.M,Việt Nam,Việt Nam,4.0
"Viên sủi Dizzo Reliv hỗ trợ tiêu hóa, giảm triệu chứng đầy hơi, ợ hơi, khó tiêu (12 vỉ x 4 viên)",Khó tiêu,Viên sủi,170000.0,,Ấn Độ,Ấn Độ,5.0
Sữa bột Nepro 1 Gold VitaDairy bổ sung dinh dưỡng giảm protein dành cho người bệnh đái tháo đường (400g),Sữa,Dạng bột,218000.0,VITADAIRY,Việt Nam,Việt Nam,5.0
"Siro ho cảm Ích Nhi Nam Dược hỗ trợ giải cảm, giảm ho, tiêu đờm (30 gói x 5ml)","Hô hấp, ho, xoang",Siro,90000.0,Nam Dược,Việt Nam,Việt Nam,5.0
Sữa Prosure Abbott hương vani bổ sung dinh dưỡng chuyên biệt cho người đang sụt cân (380g),Sữa,Dạng bột,493000.0,Abbott,Hoa Kỳ,Tây Ban Nha,5.0
Dung dịch Alcofree Rohto giảm các triệu chứng khó chịu do uống rượu bia (50ml),"Giải rượu, cai rượu",Dung dịch,33970.0,Rohto,Nhật Bản,Việt Nam,5.0
Viên uống Vương Bảo Thái Minh dùng cho nam giới bị u xơ tiền liệt tuyến (80 viên),"Thận, tiền liệt tuyến",Viên nén,485000.0,Thái Minh,Việt Nam,Việt Nam,5.0
"Viên uống Cevinton Forte giúp bổ sung dưỡng chất cho não, tăng cường lưu thông máu (30 viên)",Thần kinh não,Viên nang mềm,47000.0,Usa pharma,Việt Nam,Việt Nam,5.0
"Viên uống Gastosic CVI Pharma giúp tiêu hóa tốt, bảo vệ niêm mạc dạ dày (3 vỉ x 10 viên)","Dạ dày, tá tràng",Viên nang cứng,275000.0,CVI Pharma,Việt Nam,Việt Nam,4.7
"Sữa Peptamen Nestlé cải thiện việc hấp thu đạm, không gây tiêu chảy (400g)",Sữa,Dạng bột,519000.0,Nestlé,Thụy Sĩ,Thụy Sĩ,4.9
Sữa bột Glucerna Abbott bổ sung dinh dưỡng đặc biệt cho người đái tháo đường (380g),Sữa,Dạng bột,389000.0,Abbott,Hoa Kỳ,Tây Ban Nha,5.0
"Siro ho cảm Ích Nhi Nam Dược hỗ trợ giải cảm, giảm ho, tiêu đờm (90ml)","Hô hấp, ho, xoang",Siro,55000.0,Nam Dược,Việt Nam,Việt Nam,5.0
"Siro ho Ong Vàng Thảo Dược Việt hỗ trợ làm ấm và sạch họng, giảm ho (30 gói x 5ml)","Hô hấp, ho, xoang",Siro,42000.0,Thảo dược việt,Việt Nam,Việt Nam,5.0
Bột sủi Sensa Cools Enesis giúp thanh nhiệt cơ thể và tăng cường sức đề kháng (6 gói x 7g),Chức năng gan,Dạng bột,23000.0,Enesis,Indonesia,Indonesia,4.9
Viên sủi Plusssz Gold Max vị cam bổ sung vitamin và khoáng chất cho cơ thể (20 viên),Vitamin tổng hợp,Viên sủi,35000.0,NP Pharma,Ba Lan,Ba Lan,5.0
"Dung dịch Antot IQ Traphaco hỗ trợ sự phát triển não bộ, giúp trẻ ăn ngon miệng (20 ống x 10ml)",Hỗ trợ trao đổi chất,Dung dịch,49000.0,Traphaco,Việt Nam,Việt Nam,5.0
Viên uống Cốt Thoái Vương Á Âu hỗ trợ giảm triệu chứng viêm thoái hóa khớp (3 vỉ x 10 viên),Cơ xương khớp,Viên nén,160000.0,Á Âu,Việt Nam,Việt Nam,5.0
Sữa bột Nepro 1 VitaDairy bổ sung dinh dưỡng giảm protein dành cho người bệnh thận (400g),Sữa,Dạng bột,211000.0,VITADAIRY,Việt Nam,Việt Nam,5.0
Viên uống Ginkgo Natto With Coenzym Q10 360mg USA giúp tăng cường lưu thông máu (100 viên),Bổ não - cải thiện trí nhớ,Viên nang mềm,56000.0,Usa pharma,Việt Nam,Việt Nam,5.0
"Siro Ích nhi 3+ Nam Dược giúp giảm ho, đờm, sổ mũi (90ml)","Hô hấp, ho, xoang",Siro,55000.0,Nam Dược,,Việt Nam,
Viên uống Tendoactive Bioiberica bổ sung dưỡng chất nuôi dưỡng gân và dây chằng (2 vỉ x 15 viên),Hỗ trợ điều trị,Viên nang mềm,382000.0,Laboratorio Reig Jofre,Tây Ban Nha,Tây Ban Nha,4.7
Men vi sinh BioGaia Protectis Baby Drops bổ sung lợi khuẩn cho đường tiêu hóa (5ml),Vi sinh - Probiotic,Dung dịch uống,415000.0,Biogaia,Thụy Điển,Thụy Điển,4.9
"Siro Heviho Thái Minh giảm đau rát họng, giảm ho, long đờm (100ml)","Hô hấp, ho, xoang",Dung dịch uống,140000.0,Thái Minh,Việt Nam,Việt Nam,5.0
"Bột sủi Thanh Nhiệt Livecool Nam Dược hương dưa gang hỗ trợ giải độc, mát gan (10 gói x 7g)",Chức năng gan,Dạng bột,40000.0,Nam Dược,Việt Nam,Việt Nam,5.0
Viên uống Blackmores Pregnancy & Breast - Feeding Gold cung cấp vitamin và khoáng chất (60 viên),Vitamin & Khoáng chất,Viên nang mềm,625000.0,Blackmores,Úc,Úc,5.0
Dung dịch LineaBon K2+D3 ErgoPharm hỗ trợ bổ sung Vitamin (10ml),Bổ sung Canxi & Vitamin D,Dung dịch,295000.0,Ergopharm,Úc,Slovenia,4.8
"Viên uống Blackmores Evening Primrose Oil hỗ trợ làn da khỏe mạnh, dưỡng ẩm da (190 viên)",Sinh lý - Nội tiết tố,Viên nang mềm,629850.0,Blackmores,Úc,Úc,4.8
"Viên uống Feroglobin B12 Vitabiotics hỗ trợ tăng khả năng tạo máu, tăng cường sức khỏe (30 viên)",Vitamin & Khoáng chất,Viên nang,363000.0,Vitabiotics,Anh,Anh,4.9
"Viên sủi không đường Immune++ Tất Thành tăng cường sức khỏe, nâng cao sức đề kháng cho cơ thể (20 viên)",Vitamin tổng hợp,Viên sủi,45000.0,Tất Thành,Việt Nam,Việt Nam,4.5
"Dung dịch uống Philatop New tăng sức đề kháng, bồi bổ cơ thể, trẻ biếng ăn, bổ sung acid amin (4 vỉ x 5 ống x 10ml)","Tăng sức đề kháng, miễn dịch",Dung dịch,22000.0,Đại Uy,Việt Nam,Việt Nam,5.0
Viên nén Sâm Nhung Tố Nữ Tuệ Linh hỗ trợ tăng cường nội tiết tố nữ (Hộp 30 viên),Cân bằng nội tiết tố,Viên nén,250000.0,Tuệ Linh,Việt Nam,Việt Nam,5.0
Syrup Kan Imunoglukan P4H Pleuran hỗ trợ tăng cường đề kháng ở trẻ em (120ml),"Tăng sức đề kháng, miễn dịch",Siro,325000.0,Pleuran,Slovakia,Slovakia,4.9
"Viên uống Vitamin B1-Tm 2.5mg Đại Y bổ sung vitamin B1, tăng cường sức đề kháng (100 viên)",Vitamin & Khoáng chất,Viên nén,30.0,Đại Y,Việt Nam,Việt Nam,
Viên uống Pregnacare Breast Feeding Vitabiotics bổ sung vitamin và khoáng chất cho phụ nữ cho con bú (6 vỉ x 14 viên),Vitamin & Khoáng chất,Viên nén,712000.0,Vitabiotics,Anh,Anh,4.9
"Viên uống Migrin Plus CVI Pharma hỗ trợ hoạt huyết, tăng cường tuần hoàn máu não (2 vỉ x 10 viên)",Bổ não - cải thiện trí nhớ,Viên nang mềm,170000.0,CVI Pharma,Việt Nam,Việt Nam,4.7
Sữa Peptamen Junior Nestlé bổ sung dinh dưỡng chuyên biệt cho bệnh nhi suy yếu trên 1 tuổi (400g),Sữa,Dạng bột,472000.0,Nestlé,Thụy Sĩ,Thụy Sĩ,5.0
"Viên uống Mỡ Máu Tâm Bình hỗ trợ giảm mỡ máu, giảm mỡ gan (5 vỉ x 12 viên)",Giảm Cholesterol,Viên nang cứng,200000.0,Tâm Bình,Việt Nam,Việt Nam,5.0
"Dung dịch Bioamicus Complete 10ml hỗ trợ cải thiện hệ vi sinh đường ruột, giảm rối loạn tiêu hóa (10ml)",Hỗ trợ tiêu hóa,Dung dịch uống,480000.0,BIOAMICUS,Canada,Canada,5.0
Sữa Nutramigen A+ LGG Mead Johnson bổ sung dinh dưỡng cho trẻ dị ứng với đạm sữa (400g),Sữa,Dạng bột,550000.0,MEAD JOHNSON,Hoa Kỳ,Hà Lan,5.0
"Viên uống Cotripro Thái Minh hỗ trợ tăng sức bền thành mạch, giảm triệu chứng của trĩ (2 vỉ x 10 viên)",Hỗ trợ điều trị trĩ,Viên nén,133000.0,Thái Minh,Việt Nam,Việt Nam,5.0
"Viên uống Jex Ecogreen hỗ trợ giảm đau trong thoái hoá khớp, viêm khớp (60 viên)",Cơ xương khớp,Viên nang,630000.0,Ecogreen,Hoa Kỳ,Hoa Kỳ,5.0
"Viên uống Pharmaton Energy hỗn hợp vitamin và khoáng chất giúp tỉnh táo, hỗ trợ giảm mệt mỏi (30 viên)",Vitamin tổng hợp,Viên nén,194650.0,Advance Pharma GmbH,Đức,Đức,4.9
Sữa bột Nutren Junior 800g Nestlé bổ sung hoặc thay thế bữa ăn hàng ngày cho trẻ suy dinh dưỡng,Sữa,Dạng bột,550000.0,Nestlé,Thụy Sĩ,Thụy Sĩ,5.0
Dung dịch mật ong nghệ Kingdom bảo vệ niêm mạc dạ dày (15 gói x 10ml),"Dạ dày, tá tràng",Dung dịch,95000.0,HGSG PHARMA,Việt Nam,Việt Nam,5.0
Viên uống Orihiro Fish Oil hỗ trợ tốt cho não bộ và thị lực (180 viên),"Dầu cá, Omega 3, DHA",Viên nang mềm,267220.0,ORIHIRO,Nhật Bản,Nhật Bản,4.9
"Sữa Anlene Total 10 hương vani bổ sung hệ dưỡng chất cho vận động, tiêu hóa cho người trên 40 tuổi (800g)",Sữa,Dạng bột,597000.0,Anlene,New Zealand,Malaysia,5.0
"Sữa bột Ensure Gold StrengthPro Abbott hương vani, ít ngọt, tăng cường sức khỏe khối cơ, tăng miễn dịch (800g)",Sữa,Dạng bột,853000.0,Abbott,Hoa Kỳ,Singapore,5.0
"Sữa bột Ensure Gold StrengthPro Abbott hương vani, ít ngọt, tăng cường sức khỏe khối cơ, tăng miễn dịch (380g)",Sữa,Dạng bột,409000.0,Abbott,Hoa Kỳ,Singapore,5.0
"Yến sào Kid Nest Tâm Sen Good Health bổi bổ sức khỏe, tăng thể trạng cho trẻ (150ml)",Hỗ trợ giấc ngủ ngon,Dung dịch uống,52000.0,GOD HEALTH,Việt Nam,Việt Nam,5.0
Siro Kids Smart Drops DHA 20ml Nature's Way thúc đẩy sự phát triển của não bộ và hệ thần kinh ở trẻ nhỏ,Bổ não - cải thiện trí nhớ,Dung dịch,297500.0,Nature's way,Úc,Úc,5.0
"Hoạt Huyết Thông Mạch Foripharm hỗ trợ hoạt huyết, thông mạch, cải thiện tuần hoàn máu não (3 vỉ x 10 viên)",Hoạt huyết,Viên nang,95000.0,Foripharm,Việt Nam,Việt Nam,5.0
Viên uống OTiV Ecogreen giúp tăng cường dưỡng chất cho não (60 viên),Bổ não - cải thiện trí nhớ,Viên nang,590000.0,Ecogreen,Hoa Kỳ,Hoa Kỳ,5.0
"Viên Vai Gáy Thái Dương tăng lưu thông khí huyết, giảm triệu chứng đau mỏi vai gáy (2 vỉ x 15 viên)",Hỗ trợ điều trị,Viên nang cứng,108000.0,Sao Thái Dương,Việt Nam,Việt Nam,
Viên uống Men’s Ginseng Alipas Ecogreen cải thiện rối loạn cương dương (60 viên),Sinh lý - Nội tiết tố,Viên nang,1400000.0,Ecogreen,Hoa Kỳ,Hoa Kỳ,4.7
Viên nang mềm Eganin DongKwang hỗ trợ giải độc và bảo vệ gan (12 vỉ x 5 viên),Chức năng gan,Viên nang mềm,205000.0,DongKwang,,Hàn Quốc,
Viên uống Pikolin Ocavill hỗ trợ tăng tuần hoàn máu não (3 vỉ x 10 viên),Bổ não - cải thiện trí nhớ,Viên nang mềm,615000.0,OCAVILL,,Bulgaria,5.0
"Dung dịch Osteocare Liquid Vitabiotics bổ sung canxi, magiê, vitamin D, kẽm giúp xương chắc khỏe (200ml)",Vitamin & Khoáng chất,Dung dịch,311000.0,Vitabiotics,Anh,Anh,5.0
"Cốm vi sinh Bio-acimin Fiber Meracine bổ sung chất sơ hòa tan, giảm tình trạng táo bón (30 gói)",Táo bón,Cốm pha dung dịch uống,150000.0,,Việt Nam,Việt Nam,5.0
Viên uống Bảo Xuân Tuổi 50+ Nam Dược bổ sung và hỗ trợ cân bằng nội tiết tố nữ Estrogen (3 vỉ x 10 viên),Cân bằng nội tiết tố,Viên nang,150000.0,Nam Dược,Việt Nam,Việt Nam,5.0
Cốm Natufib Hulipha hỗ trợ cải thiện tình trạng táo bón (20 gói x 3g),Táo bón,Cốm pha dung dịch uống,61000.0,Hulipha,Việt Nam,Việt Nam,5.0
Viên uống Nga Phụ Khang Dược Quốc Tế hỗ trợ giảm sự tiến triển của u nang buồng trứng (60 viên),Hỗ trợ điều trị,Viên nang,220000.0,,Việt Nam,Việt Nam,5.0
"Viên uống Melatonin Nature's Bounty giúp điều hòa giấc ngủ, giúp ngủ sâu giấc (60 viên)",Hỗ trợ giấc ngủ ngon,Viên nang mềm,190000.0,Nature's Bounty,Hoa Kỳ,Hoa Kỳ,5.0
Viên uống Ích Giáp Vương Á Âu hỗ trợ giảm sự tiến triển của bướu cổ lành tính (3 vỉ x 10 viên),Hỗ trợ điều trị,Viên nén,210000.0,Á Âu,Việt Nam,Việt Nam,5.0
Viên uống Maxxhair New Thái Minh hỗ trợ tóc mọc chắc khỏe và giảm nguy cơ rụng tóc (3 vỉ x 10 viên),Tóc,Viên nén,200000.0,Thái Minh,Việt Nam,Việt Nam,4.6
"Viên uống An Trĩ Vương Vinh Gia thanh nhiệt, giải độc, tăng sức bền thành mạch (3 vỉ x 10 viên)",Hỗ trợ điều trị trĩ,Viên nén,175000.0,Vinh Gia,Việt Nam,Việt Nam,5.0
Viên uống CumarGold Kare CVI Pharma hỗ trợ giảm nguy cơ mắc ung bướu (3 vỉ x 10 viên),Hỗ trợ điều trị ung thư,Viên nang,370000.0,CVI Pharma,Việt Nam,Việt Nam,4.0
Viên uống OTiV Ecogreen giúp tăng cường dưỡng chất cho não (30 viên),Bổ não - cải thiện trí nhớ,Viên nang,330000.0,Ecogreen,Hoa Kỳ,Hoa Kỳ,4.4
Viên uống Nattospes Á Âu hỗ trợ giảm nguy cơ hình thành và làm tan cục máu đông (3 vỉ x 10 viên),Bổ não - cải thiện trí nhớ,Viên nang,160000.0,Á Âu,Việt Nam,Việt Nam,5.0
Sữa bột Nepro 2 Gold VitaDairy bổ sung dinh dưỡng cho người bệnh suy thận (400g),Sữa,Dạng bột,218000.0,VITADAIRY,Việt Nam,Việt Nam,5.0
"Viên uống Cebrium Ever Pharma hỗ trợ tăng khả năng tập trung, cải thiện trí nhớ (3 vỉ x 10 viên)",Bổ não - cải thiện trí nhớ,Viên nang cứng,439000.0,Ever pharma,Áo,Áo,5.0
Bột hòa tan Infogos 3g IAP chứa chất xơ hỗ trợ chống táo bón (30 gói),Táo bón,Dạng bột,117000.0,IAP,Việt Nam,Việt Nam,4.9
"Cốm Egaruta Hồng Bàng dưỡng tâm, an thần (30 gói)",Bổ não - cải thiện trí nhớ,Cốm pha dung dịch uống,180000.0,Hồng Bàng,Việt Nam,Việt Nam,4.7
"Siro Pediakid Vitamin D3 bổ sung Vitamin D cho cơ thể, tăng hấp thụ canxi (20ml)",Bổ sung Canxi & Vitamin D,Dung dịch,205800.0,Pediakid,Pháp,Pháp,5.0
Siro Pediakid 22 Vitamines bổ sung Vitamin và khoáng chất (125ml),Vitamin tổng hợp,Dung dịch,216000.0,Pediakid,Pháp,Pháp,5.0
"Men vi sinh Bifina R Health Aid bổ sung lợi khuẩn cho tiêu hóa, giảm rối loạn tiêu hóa, đại tràng (20 gói)",Vi sinh - Probiotic,Cốm,348000.0,Health Aid,Nhật Bản,Nhật Bản,5.0
Viên uống Kim Đởm Khang Hồng Bàng hỗ trợ cho người bị sỏi mật (3 vỉ x 10 viên),Hỗ trợ điều trị,Viên nang,160000.0,Hồng Bàng,Việt Nam,Việt Nam,5.0
Viên uống Hòa Hãn Linh hỗ trợ làm giảm chứng ra mồ hôi nhiều (3 vỉ x 10 viên),Sinh lý - Nội tiết tố,Viên nén,160000.0,Hồng Bàng,Việt Nam,Việt Nam,5.0
Dung dịch Fitobimbi Sonno Pharmalife hỗ trợ cải thiện giấc ngủ (30ml),Hỗ trợ giấc ngủ ngon,Dung dịch,345000.0,FITOBIMBI,Ý,Ý,4.8
Viên sủi Scurma Fizzy Nano Curcumin hỗ trợ giảm các triệu chứng trào ngược dạ dày thực quản (2 tuýt x 10 viên),"Dạ dày, tá tràng",Viên sủi,295000.0,Elepharma,,Việt Nam,5.0
"Viên uống Hà Thủ Ô TW3 hỗ trợ giảm nguy cơ tóc bạc sớm, gãy rụng tóc (30 viên)",Hỗ trợ làm đẹp,Viên nang cứng,99000.0,Tw3,Việt Nam,Việt Nam,4.7
"Viên uống Heposal hỗ trợ tăng cường chức năng gan, bảo vệ và phục hồi tế bào gan (3 vỉ x 10 viên)",Chức năng gan,Viên nang,280000.0,CVI Pharma,Việt Nam,Việt Nam,5.0
"Xịt họng thảo dược Eugica Mega We Care giảm các triệu chứng viêm họng, ho, viêm đường hô hấp trên (10ml)","Hô hấp, ho, xoang",Dung dịch,51000.0,MEGA We care,Thái Lan,Việt Nam,5.0
Dung dịch MorningKids Increase Height hỗ trợ duy trì sự phát triển bình thường của xương và răng (125ml),Vitamin tổng hợp,Dung dịch,238000.0,Morningkids,Ý,Ý,5.0
Đạm ống Philatop hỗ trợ bồi bổ sức khỏe (20 ống x 10ml),"Tăng sức đề kháng, miễn dịch",Dung dịch,800.0,Đại Y,Việt Nam,Việt Nam,4.7
"Viên uống Blackmores Bio C 1000mg bổ sung vitamin C, tăng cường sức khỏe (31 viên)",Vitamin C các loại,Viên nén,269600.0,Blackmores,Úc,Úc,5.0
Men vi sinh BioGaia Protectis Tablets bổ sung lợi khuẩn cho đường tiêu hóa (10 viên),Vi sinh - Probiotic,Viên nén,148000.0,Biogaia,Thụy Điển,Thụy Điển,5.0
Viên nhai Kids Smart Vita Gummies bổ sung Vitamin C và kẽm giúp tăng cường sức đề kháng(60 viên),Vitamin & Khoáng chất,Viên nhai,250750.0,Nature's way,Úc,Úc,3.5
Viên uống Men’s Ginseng Alipas Ecogreen tăng cường sinh lực phái mạnh (30 viên),Sinh lý nam,Viên nang,750000.0,Ecogreen,Hoa Kỳ,Hoa Kỳ,4.7
Bột sủi bọt Edoz DHG hỗ trợ trung hòa acid dạ dày (24 gói x 2g),Khó tiêu,Bột sủi bọt,30000.0,Dhg,Việt Nam,Việt Nam,5.0
Viên uống Tràng Phục Linh Plus Thái Minh hỗ trợ giảm các triệu chứng của hội chứng ruột kích thích (80 viên),Đại tràng,Viên nén,670000.0,Thái Minh,Việt Nam,Việt Nam,
"Viên uống Jex Natural Ecogreen hỗ trợ giảm đau trong thoái hoá khớp, viêm khớp (30 viên)",Cơ xương khớp,Viên nang cứng,350000.0,Ecogreen,Hoa Kỳ,Hoa Kỳ,5.0
"Viên uống Bình Vị Thái Minh hỗ trợ giảm acid dịch vị, giúp bảo vệ niêm mạc dạ dày (2 vỉ x 10 viên)","Dạ dày, tá tràng",Viên nén,163000.0,Thái Minh,Việt Nam,Việt Nam,5.0
Viên sủi Active Vitamins And Minerals Dr. Frei Active + Lycopene bổ sung vitamin và khoáng chất cho cơ thể (20 viên),Vitamin tổng hợp,Viên sủi,209000.0,Dr.Frei,Thụy Sĩ,Đức,5.0
Viên uống Pregnacare Max Omega 3 DHA Vitabiotics cung cấp vitamin và khoáng chất cho phụ nữ mang thai (84 viên),Vitamin & Khoáng chất,Viên nang,550000.0,Vitabiotics,Anh,Anh,5.0
Viên sủi Magnesium + B Complex Dr. Frei hỗ trợ giảm căng thẳng (20 viên),Bổ sung Kẽm & Magie,Viên sủi,149000.0,Dr.Frei,Thụy Sĩ,Đức,5.0
Viên uống 5-MTHF Plus bổ sung một số vitamin và khoáng chất cho cơ thể (3 vỉ x 10 viên),Vitamin tổng hợp,Viên nang cứng,450000.0,,Hoa Kỳ,Hoa Kỳ,5.0
Viên uống 5-MTHF Plus Quatrefolic bổ sung một số vitamin và khoáng chất cho cơ thể (6 vỉ x 10 viên),Vitamin tổng hợp,Viên nang cứng,900000.0,,Hoa Kỳ,Hoa Kỳ,5.0
"Viên uống Living Healthy Lung Care hỗ trợ tăng cường sức khỏe, bổ phổi (60 viên)","Hô hấp, ho, xoang",Viên nén bao phim,326400.0,LIVING HEALTHY,Úc,Úc,
Viên uống hỗ trợ giảm viêm khớp Living Healthy Glucosamine Sulphate 1500mg Complex (60 viên),Cơ xương khớp,Viên nén,438400.0,LIVING HEALTHY,Úc,Úc,
"Viên uống Bilberry 10g Plus Soft Gel Capsules hỗ trợ tăng cường thị lực, chống oxy hóa (60 viên)","Bổ mắt, bảo vệ mắt",Viên nang mềm,520000.0,LIVING HEALTHY,Úc,Úc,
"Viên uống Living Healthy CoQ10 150mg hỗ trợ tim mạch, tuần hoàn máu (60 viên)",Sức khoẻ tim mạch,Viên nang mềm,600000.0,LIVING HEALTHY,Úc,Úc,
Viên uống Living Healthy 5-Loxin Boswellia Serrata Extract + Curcumin hỗ trợ giảm viêm khớp (60 viên),Cơ xương khớp,Viên nang cứng,600000.0,LIVING HEALTHY,Úc,Úc,
"Viên uống Suvéal Magne-Fer Densmore bổ sung magie, vitamin B6 và sắt cho cơ thể (2 vỉ x 15 viên)",Vitamin & Khoáng chất,Viên nang cứng,297000.0,Densmore,Pháp,Pháp,
"Viên uống Orihiro Glucosamine and Spirulna hỗ trợ tăng tiết dịch khớp, giảm thoái hóa khớp (900 viên)",Cơ xương khớp,Viên nén,575400.0,ORIHIRO,Nhật Bản,Nhật Bản,5.0
"Viên uống Omega 3 Power DAO Nordic Health hỗ trợ tăng cường sức khoẻ tim mạch, giảm mỡ máu (120 viên)",Giảm Cholesterol,Viên nang mềm,330000.0,DAO Nordic Health,Đan Mạch,Đan Mạch,
"Viên uống Diatema Tuệ Linh hỗ trợ hạ đường huyết, giảm mỡ máu (60 viên)",Hỗ trợ điều trị tiểu đường,Viên nén bao phim,120000.0,Tuệ Linh,Việt Nam,Việt Nam,
Viên nhai Nature's Way Kids Smart Bursts DHA 300mg Triple Strength hỗ trợ phát triển não bộ (50 viên),Bổ não - cải thiện trí nhớ,Viên nang mềm,382500.0,Nature's way,Úc,Úc,
Viên uống BiogastroIBS BiovaGen bổ sung vi khuẩn có lợi giúp cân bằng hệ vi sinh đường ruột (30 viên),Vi sinh - Probiotic,Viên nang,524000.0,,,Canada,5.0
"Thực phẩm bảo vệ sức khỏe Condition BComplex Kolmar hỗ trợ cung cấp năng lượng, giúp cơ thể hồi phục khi mệt mỏi (90 viên)",Vitamin & Khoáng chất,Viên nén,331500.0,Kolmar,Hàn Quốc,Hàn Quốc,5.0
"Viên uống Visionace Original Vitabiotics bổ sung vitamin, khoáng chất, lutein, hỗ trợ cải thiện thị lực (2 vỉ x 15 viên)","Bổ mắt, bảo vệ mắt",Viên nén bao phim,432000.0,Vitabiotics,Anh,Anh,5.0
"Thực phẩm bảo vệ sức khỏe Ích Can Thanh Hoa Linh hỗ trợ thải độc gan, tăng cường chức năng gan (6 lọ x 10ml)",Chức năng gan,Dung dịch uống,120000.0,Hoa Linh,Việt Nam,Việt Nam,
"Viên uống An Thần Ngủ Ngon Tâm Bình hỗ trợ an thần, giúp dễ ngủ, ngủ ngon, giảm chứng mất ngủ (2 vỉ x 10 viên)",Bổ não - cải thiện trí nhớ,Viên nén bao phim,90000.0,Tâm Bình,Việt Nam,Việt Nam,5.0
Thực phẩm bảo vệ sức khỏe Probiotics Tribacilus HGSG Pharma hỗ trợ bổ sung lợi khuẩn đường ruột (20 ống x 10ml),Hỗ trợ tiêu hóa,Dung dịch uống,180000.0,HGSG PHARMA,Việt Nam,Việt Nam,5.0
Sữa tăng cân Appeton Weight Gain hương Vani giúp tăng cân hiệu quả và khỏe mạnh (450g),Sữa,Dạng bột,493000.0,Appeton,Malaysia,Pháp,5.0
Sữa tăng cân Appeton Weight Gain hương Vani giúp tăng cân hiệu quả và khỏe mạnh (900g),Sữa,Dạng bột,1025000.0,Appeton,Malaysia,Pháp,5.0
"Siro Omega Vit Plus+ Botafarma hỗ trợ tăng khả năng chống oxy hóa, tốt cho não bộ và mắt (100ml)",Bổ não - cải thiện trí nhớ,Siro,245000.0,,Thổ Nhĩ Kỳ,Thổ Nhĩ Kỳ,5.0
"Men vi sinh Optibac Every Day bổ sung lợi khuẩn, hổ trợ tiêu hóa (30 viên)",Hỗ trợ tiêu hóa,Viên nang cứng,336000.0,,Anh,Canada,
"Men vi sinh Yunpro strawberry 2g DHG Pharma bổ sung lợi khuẩn bổ sung lợi khuẩn, giúp tăng cường hệ vi sinh đường ruột (20 gói)",Vi sinh - Probiotic,Dạng bột,120000.0,Dhg,Việt Nam,Hàn Quốc,5.0
"Sữa Anlene Gold 3X hương vani, ít béo giúp cơ khỏe, xương chắc, khớp linh hoạt (400g)",Sữa,Dạng bột,203000.0,Anlene,New Zealand,Malaysia,
"Viên uống Optibac Pregnancy bổ sung lợi khuẩn cho đường ruột, hỗ trợ tiêu hóa (30 viên)","Dạ dày, tá tràng",Viên nang cứng,423200.0,,Anh,Anh,5.0
Viên uống Khớp Phong hỗ trợ tăng cường dịch khớp (30 viên),Cơ xương khớp,Viên nén,156000.0,HGSG PHARMA,Việt Nam,Việt Nam,5.0
Thực phẩm bảo vệ sức khỏe Bioamicus Omega-3 hỗ trợ tốt cho mắt và não (30ml),Vitamin tổng hợp,Dung dịch,385000.0,BIOAMICUS,Canada,Canada,
Dung dịch uống B12 Energy Max Italy bổ sung acid amin và vitamin B12 cho cơ thể (10 lọ x 10ml),"Tăng sức đề kháng, miễn dịch",Dung dịch,392000.0,S.I.I.T. Srl,Ý,Ý,
Thực phẩm bảo vệ sức khoẻ Pregnacare Original giúp bổ sung vitamin và khoáng chất cho phụ nữ mang thai và cho con bú (2 vỉ x 15 viên),Vitamin & Khoáng chất,Viên nén,293600.0,Vitabiotics,Anh,Anh,5.0
"Viên uống Liveril Vitabiotics hỗ trợ tăng cường chức năng gan, tăng cường đề kháng (5 vỉ x 6 viên)",Chức năng gan,Viên nén,441000.0,Vitabiotics,Anh,Anh,5.0
Xịt họng Dimao Pro Oral Spray D3 + K2 hỗ trợ bổ sung vitamin D và vitamin K2 cho cơ thể (25ml),Vitamin & Khoáng chất,Dung dịch xịt,352000.0,VALENS,Slovenia,Slovenia,5.0
"Thực phẩm bảo vệ sức khỏe Condition Liver Kolmar giúp mát gan, bảo vệ gan (90 viên)",Chức năng gan,Viên nén,467500.0,Kolmar,Hàn Quốc,Hàn Quốc,
"Cốm Orihiro Condense hỗ trợ bảo vệ, tăng cường chức năng gan (20 gói)",Chức năng gan,Cốm,97500.0,ORIHIRO,Nhật Bản,Nhật Bản,5.0
Viên nang Orihiro Nattokinase hỗ trợ giảm nguy cơ huyết khối (60 viên),Thần kinh não,Viên nang mềm,309000.0,ORIHIRO,Nhật Bản,Nhật Bản,5.0
Viên nén Orihiro New Oyster Extract tăng cường sinh lý cho nam giới (120 viên),Sinh lý nam,Viên nén,280800.0,ORIHIRO,Nhật Bản,Nhật Bản,5.0
Viên uống Orihiro Deep Sea Shark Extract Capsule Moral Purpose hỗ trợ chống oxy hóa (360 viên),Cải thiện tăng cường chức năng,Viên nang mềm,371200.0,ORIHIRO,Nhật Bản,Nhật Bản,5.0
"Dung dịch uống Novolax Novocare bổ sung chất xơ giúp nhuận tràng, giảm táo bón (4 vỉ x 5 ống)",Táo bón,Dung dịch,140000.0,NOVOCARE,Việt Nam,Việt Nam,5.0
"Viên uống Lado Care Vân Mộc Hương giảm các triệu chứng đau bụng, đầy bụng, khó tiêu (80 viên)",Khó tiêu,Viên nén,22000.0,Ladophar,Việt Nam,Việt Nam,5.0
"Sữa bột Neomil Nano Nafaco 900g bổ sung dưỡng chất cho người sau phẫu thuật, dưỡng bệnh (900g)",Sữa,Dạng bột,750000.0,,Việt Nam,Việt Nam,
"Sữa bột Ensure Gold StrengthPro Abbott hương lúa mạch tăng cường sức khỏe khối cơ, tăng miễn dịch (800g)",Sữa,Dạng bột,876000.0,Abbott,Hoa Kỳ,Singapore,
"Thực phẩm bảo vệ sức khỏe Perfectil Vitabiotics bổ sung vi chất làm đẹp da, móng, tóc (2 vỉ x 15 viên)",Vitamin tổng hợp,Viên nén,544000.0,Vitabiotics,Anh,Anh,5.0
"Thực phẩm bảo vệ sức khỏe Condition Probio Cumin bổ sung lợi khuẩn, hỗ trợ tăng cường tiêu hóa (30 gói x 2g)",Hỗ trợ tiêu hóa,Dạng bột,204000.0,Kolmar,Hàn Quốc,Hàn Quốc,5.0
"Dung dịch Biomicus For Infants And Children Vitamin K2 And D3 hỗ trợ tốt cho xương, răng của bé (10ml)",Bổ sung Canxi & Vitamin D,Dung dịch uống,330000.0,BIOAMICUS,Canada,Canada,5.0
Thực phẩm bảo vệ sức khỏe Condition EYE Berry Kolmar hỗ trợ tăng cường thị lực cho mắt (6 vỉ x 10 viên),"Bổ mắt, bảo vệ mắt",Viên nang mềm,246500.0,Kolmar,Hàn Quốc,Hàn Quốc,
"Dung dịch uống Novothym Novocare tăng sức đề kháng, giảm cảm cúm, viêm họng (2 vỉ x 5 ống)","Hô hấp, ho, xoang",Dung dịch uống,90000.0,NOVOCARE,Việt Nam,Việt Nam,
"Thực phẩm bảo vệ sức khỏe Novagel Dân Khang hỗ trợ giảm acid dịch vị, bảo vệ niêm mạc dạ dày (Hộp 20 gói x 10ml)","Dạ dày, tá tràng",Dung dịch,110000.0,DÂN KHANG,Việt Nam,Việt Nam,5.0
"Viên Tuần Hoàn Não Migrin Plus CVI hỗ trợ hoạt huyết, tăng cường tuần hoàn máu não (6 Vỉ x 10 Viên)",Tuần hoàn máu,Viên nang mềm,470000.0,CVI Pharma,Việt Nam,Việt Nam,5.0
Siro Biolizin tăng cường sức đề kháng cho cơ thể (50ml),Bổ sung Kẽm & Magie,Siro,295000.0,,Tây Ban Nha,Tây Ban Nha,5.0
Thực phẩm bảo vệ sức khỏe Condition Ginkgo Kolmar hỗ trợ tăng bổ não cải thiện trí nhớ (60 viên),Bổ não - cải thiện trí nhớ,Viên nén,331500.0,Kolmar,Hàn Quốc,Hàn Quốc,
"Thực phẩm bảo vệ sức khỏe Omega Vit Botafarma hỗ trợ tăng khả năng chống oxy hóa, tốt cho não bộ và mắt (100ml)",Bổ não - cải thiện trí nhớ,Dung dịch,330000.0,,Thổ Nhĩ Kỳ,Thổ Nhĩ Kỳ,5.0
"Dung dịch uống AB-Kolicare Digest 10ml AB-Biotics bổ sung lợi khuẩn, hỗ trợ cải thiện hệ vi sinh đường ruột",Vi sinh - Probiotic,Dung dịch,528000.0,AB-BIOTICS,Ý,Ý,5.0
Sữa bột Similac Isomil Abbott bổ sung dinh dưỡng cho trẻ 0 - 12 tháng (400g),Sữa,Dạng bột,315000.0,Abbott,Hoa Kỳ,Hà Lan,5.0
"Siro WellKid Multi-Vitamin Liquid bổ sung vitamin, khoáng chất cho trẻ em (150ml)","Tăng sức đề kháng, miễn dịch",Siro,402000.0,Vitabiotics,Anh,Anh,5.0
"Dung dịch Bestical 120ml Ergo Pharma bổ sung canxi, vitamin D3 và vitamin K2",Bổ sung Canxi & Vitamin D,Dung dịch uống,290000.0,Ergopharm,Úc,Slovenia,5.0
"Viên thảo dược Dạ Minh Châu giúp ôn bổ thận dương, cố tinh (2 vỉ x 15 viên)","Thận, tiền liệt tuyến",Viên nang,120000.0,Sao Thái Dương,Việt Nam,Việt Nam,5.0
"Viên uống Folio Forte Steripharm Export bổ sung acid folic, iốt và dinh dưỡng cho phụ nữ mang thai (30 viên)",Vitamin & Khoáng chất,Viên nén,250000.0,STERIPHARM EXPORT,Đức,Đức,5.0
Viên uống Boganic Premium Traphaco hỗ trợ bảo vệ và tăng cường chức năng gan (30 viên),Chức năng gan,Viên nang mềm,240000.0,Traphaco,Việt Nam,Việt Nam,5.0
"Viên uống Dưỡng Não Thái Minh hỗ trợ hoạt huyết, tăng cường lưu thông máu não (80 viên)",Hoạt huyết,Viên nang,375000.0,Thái Minh,Việt Nam,Việt Nam,5.0
Sữa bột Enfamil A+ Neuro Pro GentleCare Mead Johnson cho trẻ 0-12 tháng (350g),Sữa,Dạng bột,325000.0,MEAD JOHNSON,Hoa Kỳ,Thái Lan,
"Viên uống Emmats TW3 hỗ trợ giảm nguy cơ lão hóa, cải thiện suy giảm nội tiết tố (2 vỉ x 10 viên)",Cân bằng nội tiết tố,Viên nén bao phim,165000.0,,Việt Nam,Việt Nam,
Thực phẩm bảo vệ sức khỏe Bounavit Baby bổ sung vitamin cho trẻ (20ml),Vitamin tổng hợp,Dung dịch uống,225000.0,Buona,Ý,Ý,5.0
"Viên uống Ixantin Sucs bổ sung astaxanthin và vitamin B1, B6, B12 giúp cải thiện thị lực (3 vỉ x 10 viên)",Vitamin tổng hợp,Viên nang mềm,175000.0,SUCS,Việt Nam,Việt Nam,5.0
Siro Brauer Kids Liquid Multivitamin With Iron bổ sung vitamin và khoáng chất cho trẻ (200ml),"Tăng sức đề kháng, miễn dịch",Dung dịch uống,427500.0,Brauer,Úc,Úc,5.0
Siro Brauer Baby & Kids Liquid Multivitamin For Toddlers bổ sung một số vitamin và khoáng chất (100ml),"Tăng sức đề kháng, miễn dịch",Dung dịch uống,371200.0,Brauer,Úc,Úc,5.0
"Viên uống Bổ gan Tâm Bình tăng cường chức năng gan, thanh nhiệt, giải độc (60 viên)",Chức năng gan,Viên nang cứng,180000.0,Tâm Bình,Việt Nam,Việt Nam,5.0
"Viên uống Blackmores Multivitamin For Men cung cấp vitamin, khoáng chất (50 viên)",Vitamin & Khoáng chất,Viên nén,448800.0,Blackmores,Úc,Úc,4.9
Viên uống Blackmores Brain Active hỗ trợ tỉnh táo và cải thiện trí nhớ (30 viên),Bổ não - cải thiện trí nhớ,Viên nang,418460.0,Blackmores,Úc,Úc,5.0
Viên uống Blackmores Omega Double High Strength Fish Oil bổ sung omega (90 viên),"Bổ mắt, bảo vệ mắt",Viên nang mềm,551650.0,Blackmores,Úc,Úc,5.0
"Viên uống DHC Vitamin C Hard bổ sung vitamin C, vitamin B2 cho cơ thể (60 viên)",Vitamin C các loại,Viên nang,95000.0,DHC,Nhật Bản,Nhật Bản,5.0
Sữa bột Fohepta Vitadairy dinh dưỡng dành cho bệnh nhân gan (400g),Sữa,Dạng bột,218000.0,VITADAIRY,Việt Nam,Việt Nam,5.0
Viên uống Nubest Tall 10+ bổ sung Canxi và vitamin D (60 viên),Bổ sung Canxi & Vitamin D,Viên nang cứng,990000.0,Nubest,Hoa Kỳ,Hoa Kỳ,
"Viên uống Dưỡng Não Thái Minh hỗ trợ hoạt huyết, tăng cường lưu thông máu não (2 vỉ x 10 viên)",Hoạt huyết,Viên nang,103000.0,Thái Minh,Việt Nam,Việt Nam,5.0
"Viên uống DHC Multi Vitamins (New) bổ sung các vitamin cho cơ thể, hỗ trợ bồi bổ sức khỏe (30 viên)",Vitamin tổng hợp,Viên nang mềm,112000.0,DHC,Nhật Bản,Nhật Bản,5.0
"Viên uống DHC Perfect Vegetable - Premium Japanese Harvest bổ sung rau, củ, vitamin E, lợi khuẩn hỗ trợ tăng cường tiêu hóa (120 viên)",Hỗ trợ tiêu hóa,Viên nén,220000.0,DHC,Nhật Bản,Nhật Bản,5.0
Viên uống DHC Sustained Release Biotin bổ sung biotin cung cấp dưỡng chất cho da và tóc (30 viên),Da,Viên nén,125000.0,DHC,Nhật Bản,Nhật Bản,5.0
"Viên uống DHC Vitamin B Mix bổ sung biotin, inositol, acid folic và một số vitamin nhóm B (60 viên)",Vitamin tổng hợp,Viên nén,92000.0,DHC,Nhật Bản,Nhật Bản,5.0
"Viên uống DHC DHA bổ sung DHA, EPA, hỗ trợ giảm mỡ máu (120 viên)","Dầu cá, Omega 3, DHA",Viên nang mềm,201500.0,DHC,Nhật Bản,Nhật Bản,5.0
"Viên uống DHC Lutein Blue Light Protection bổ sung lutein, anthocyanin hỗ trợ hạn chế lão hóa mắt (30 viên)","Bổ mắt, bảo vệ mắt",Viên nang mềm,181000.0,DHC,Nhật Bản,Nhật Bản,
Viên uống DHC Liver Essence + Ornithine hỗ trợ tăng cường chức năng gan (90 viên),Chức năng gan,Viên nang cứng,201500.0,DHC,Nhật Bản,Nhật Bản,4.0
"Viên uống DHC Concentrated Turmeric hỗ trợ chống oxy hóa, giải độc gan (60 viên)",Chức năng gan,Viên nang mềm,155500.0,DHC,Nhật Bản,Nhật Bản,
Viên uống DHC Calcium + CBP bổ sung canxi giúp hệ xương răng chắc khỏe (120 viên),Cơ xương khớp,Viên nén,173000.0,DHC,Nhật Bản,Nhật Bản,5.0
Thực phẩm bảo vệ sức khỏe Buona Circadiem hỗ trợ giúp ngủ ngon (20ml),Hỗ trợ giấc ngủ ngon,Dung dịch,250000.0,Buona,Ý,Ý,5.0
"Dung dịch uống Kid-Calcium Gold 5ml Home Health Vina bổ sung calci giúp xương, răng chắc khỏe (4 vỉ x 5 ống)",Bổ sung Canxi & Vitamin D,Dung dịch uống,198000.0,,,Việt Nam,5.0
"Viên nang WIT For Your Eyes Ecogreen tăng cường thị lực, giảm mờ và nhòe mắt (60 viên)","Bổ mắt, bảo vệ mắt",Viên nang,590000.0,Ecogreen,,Hoa Kỳ,5.0
Thực phẩm bảo vệ sức khỏe Simbiosistem Bouna bổ sung chất xơ (20 gói x 2g),Hỗ trợ tiêu hóa,Dạng bột,325000.0,Buona,Ý,Ý,
"Siro Smartbibi Zinc GRICAR bổ sung kẽm, vitamin C giúp tăng sức đề kháng, cải thiện tình trạng biếng ăn (30ml)",Vitamin & Khoáng chất,Dung dịch uống,275000.0,GRICAR ,Ý,Ý,5.0
Viên uống EnzymaxDuo Biotics MHD bổ sung lợi khuẩn và enzyme tiêu hóa cho cơ thể (2 vỉ x 10 viên),"Dạ dày, tá tràng",Viên nang,500000.0,,Tây Ban Nha,Tây Ban Nha,5.0
"Bột nước mát Herbal Cool Extra thanh nhiệt, mát gan, lợi tiểu (10 gói)",Chức năng gan,Dạng bột,39000.0,Herbal 5,Việt Nam,Việt Nam,5.0
"Viên uống Biocystine chống oxy hóa, hạn chế quá trình lão hóa (3 vỉ x 10 viên)",Chống lão hóa,,130000.0,,,,5.0
"Dung dịch uống Fogyma Plus VNP bổ sung sắt cho cơ thể, hỗ trợ giảm thiếu máu do thiếu sắt (4 vỉ x 5 ống)",Bổ sung Sắt & Axit Folic,Dung dịch uống,168000.0,,Việt Nam,Việt Nam,5.0
Sữa bột Nutren Junior Nestlé hỗ trợ hệ tiêu hóa cho trẻ từ 1 đến 12 tuổi (850g),Sữa,Dạng bột,600000.0,Nestlé,Thụy Sĩ,Thụy Sĩ,5.0
"Men sống Bạch Mai bổ sung lợi khuẩn đường tiêu hóa và kẽm, tăng cường tiêu hóa (20 ống x 10ml)",Vi sinh - Probiotic,Dung dịch uống,150000.0,,Việt Nam,Việt Nam,5.0
"Viên uống KingsUp Thái Minh bổ thận, tráng dương, hỗ trợ tăng cường khả năng sinh lý nam (30 viên)",Sinh lý nam,Viên nén,305000.0,Thái Minh,Việt Nam,Việt Nam,5.0
Viên nén Vistamin B6 Đại Uy bổ sung vitamin B6 cho cơ thể (100 viên),Vitamin & Khoáng chất,Viên nén,3000.0,Đại Uy,Việt Nam,Việt Nam,
"Dung dịch uống Fitobimbi D3 + K2 Delap bổ sung vitamin D3 và vitamin K2, hỗ trợ hấp thu canxi cho cơ thể (30ml)",Bổ sung Canxi & Vitamin D,Siro,290000.0,FITOBIMBI,Ý,Ý,5.0
"Dung dịch Ferrodue 15ml Buona bổ sung sắt cho cơ thể, giảm nguy cơ thiếu máu",Bổ sung Sắt & Axit Folic,Siro,215000.0,Buona,Ý,Ý,5.0
"Thực phẩm bảo vệ sức khỏe Gastifix EW Nutrition hỗ trợ giảm acid dịch vị, triệu chứng trào ngược dạ dày thực quản (30 gói x 1.2g)","Dạ dày, tá tràng",Dạng bột,601000.0,EW Nutrition,Nhật Bản,Nhật Bản,5.0
"Viên uống Neurocard Max Luca Pharma hỗ trợ chức năng hệ tim mạch, tuần hoàn máu (6 vỉ x 10 viên)",Tuần hoàn máu,Viên nang mềm,640000.0,,Úc,Úc,5.0
Viên ngậm First Up 1 Hour hỗ trợ tăng cường sinh lực cho nam giới (2 vỉ x 4 viên),Sinh lý nam,Viên nén,343000.0,Đắk Tín,Việt Nam,Việt Nam,4.9
"Dung dịch Thymosol CPC1HN tăng sức đề kháng của cơ thể, giảm nguy cơ mắc bệnh đường hô hấp",Vitamin tổng hợp,Dung dịch,410000.0,CPC1HN,Việt Nam,Việt Nam,5.0
Siro Brauer Baby & Child Immunity Support hỗ trợ bổ sung betacaroten và vitamin D3 cho trẻ (100ml),Bổ sung Canxi & Vitamin D,Dung dịch,301500.0,Brauer,Úc,Úc,5.0
"Siro Brauer Baby Kids Liquid Calcium With Magnesium And Zinc 200ml hỗ trợ xương, răng chắc khỏe",Bổ sung Canxi & Vitamin D,Dung dịch,416000.0,Brauer,Úc,Úc,4.4
"Siro Methorphan Bee Traphaco hỗ trợ giảm ho, giảm đờm, viêm họng (100ml)","Hô hấp, ho, xoang",Siro,46000.0,Traphaco,Việt Nam,Việt Nam,4.6
"Bột sủi Thanh Nhiệt Livecool Nam Dược hương chanh hỗ trợ giải độc, mát gan (10 gói x 7g)",Chức năng gan,Dạng bột,40000.0,Nam Dược,Việt Nam,Việt Nam,
Viên nhai Kids Smart DHA 300mg Triple Strength Nature's Way hỗ trợ sức khỏe não bộ (50 viên),"Dầu cá, Omega 3, DHA",Viên nhai,382500.0,Nature's way,Úc,Úc,5.0
Sữa Boost Glucose Control Nestlé bổ sung dinh dưỡng cho người tiểu đường (400g),Sữa,Dạng bột,389000.0,Nestlé,Thụy Sĩ,Thụy Sĩ,5.0
"Viên uống Ích Tâm Khang Hồng Bàng hỗ trợ giảm cholesterol, giảm hình thành huyết khối (180 viên)",Sức khoẻ tim mạch,Viên nén,1100000.0,Đông Tây,Việt Nam,Việt Nam,5.0
"Siro Brauer Baby Kids Liquid Vitamin D 400IU bổ sung vitamin D3, tăng cường hấp thụ canxi (10ml)",Bổ sung Canxi & Vitamin D,Dung dịch,378000.0,Brauer,Úc,Úc,5.0
"Siro Ích Nhi Plus Nam Dược bổ sung kẽm, seien và lysin giúp trẻ ăn ngon (4 vỉ x 5 ống x 10ml)","Tăng sức đề kháng, miễn dịch",Siro,115000.0,Nam Dược,Việt Nam,Việt Nam,5.0
"Viên uống Boplate Santex hỗ trợ tăng cường tái tạo tiểu cầu, giảm nguy cơ thiếu tiểu cầu (2 vỉ x 10 viên)",Cải thiện tăng cường chức năng,Viên nén,572000.0,,Việt Nam,Việt Nam,5.0
Sữa Anlene Gold 5X hương vani tăng cường sức khỏe cơ-xương-khớp dành cho người trên 40 tuổi (400g),Sữa,Dạng bột,260000.0,Anlene,New Zealand,Malaysia,5.0
"Sữa Anlene Gold 3X hương vani hỗ trợ cơ khỏe, xương chắc, khớp linh hoạt (400g)",Sữa,Dạng bột,203000.0,Anlene,New Zealand,Malaysia,
"Viên sủi Redoxon Triple Action Bayer bổ sung vitamin C, D và kẽm giúp nâng cao sức đề kháng (10 viên)","Tăng sức đề kháng, miễn dịch",Viên sủi,50150.0,Bayer,Đức,Indonesia,5.0
Viên uống Viganam Tâm Bình hỗ trợ bổ thận tráng dương (5 vỉ x 12 viên),Sinh lý nam,Viên nang cứng,290000.0,Tâm Bình,Việt Nam,Việt Nam,4.8
Viên uống OVAQ Plus TW Mediplantex bổ sung dinh dưỡng cho phụ nữ trước khi mang thai (30 Viên),Vitamin & Khoáng chất,Viên nang cứng,337000.0,OvaQ,Việt Nam,Việt Nam,4.5
Viên uống Vital Pregna Doppelherz Aktiv giúp tăng cường sức khỏe và thể chất (30 viên),Vitamin & Khoáng chất,Viên nang cứng,324000.0,Doppelherz,Đức,Đức,5.0
"Viên uống Hewel Ecogreen hỗ trợ tăng khả năng thải độc, bảo vệ gan (30 viên)",Chức năng gan,Viên nang,240000.0,Ecogreen,Hoa Kỳ,Hoa Kỳ,
"Viên uống BoniSeal Botania tăng cường sức khỏe tinh hoàn, suy giảm ham muốn tình dục ở nam giới (60 viên)",Sinh lý nam,Viên nang,565000.0,Botania,Hoa Kỳ,Hoa Kỳ,5.0
"Viên uống Bonisleep Botania giúp an thần, giảm căng thẳng thần kinh (30 viên)",Hỗ trợ giấc ngủ ngon,Viên nang,405000.0,Botania,Hoa Kỳ,Canada,
"Viên uống BoniGut Botania giảm nồng độ acid uric trong máu, hỗ trợ điều trị bệnh gout (60 viên)",Hỗ trợ điều trị gout,Viên nang cứng,405000.0,Botania,Hoa Kỳ,Canada,5.0
"Viên uống BoniHappy Botania hỗ trợ điều trị mất ngủ, cải thiện và phục hồi sức khỏe (60 viên)",Hỗ trợ giấc ngủ ngon,Viên nang,405000.0,Botania,Hoa Kỳ,Canada,5.0
"Viên nang WIT For Your Eyes Ecogreen tăng cường thị lực, giảm mờ và nhòe mắt (30 viên)","Bổ mắt, bảo vệ mắt",Viên nang,330000.0,Ecogreen,Hoa Kỳ,Hoa Kỳ,5.0
"Viên nang Xích Linh Chi Mikei tăng cường hệ miễn dịch, hạn chế quá trình lão hóa, bảo vệ gan (6 vỉ x 10 viên)",Cải thiện tăng cường chức năng,Viên nang,1714000.0,Mikei,Nhật Bản,Nhật Bản,5.0
"Viên uống Ninh Tâm Vương Hồng Bàng dùng cho người hồi hộp, trống ngực, tim đập nhanh (3 vỉ x 10 viên)",Sức khoẻ tim mạch,Viên nén,180000.0,Hồng Bàng,Việt Nam,Việt Nam,5.0
"Viên uống Spivital Nutri DHG bổ sung dưỡng chất, tăng cường sức khỏe (10 vỉ x 10 viên)",Cải thiện tăng cường chức năng,Viên nang,168000.0,Dhg,Việt Nam,Việt Nam,
Viên uống Tảo Spirulina Nhật Bản Algae ngăn chặn quá trình lão hóa (600 viên),Cải thiện tăng cường chức năng,Viên nén,357000.0,Algae,Nhật Bản,Nhật Bản,5.0
"Viên uống Dưỡng Can Linh Meracine bổ gan, tăng cường bảo vệ gan (40 viên)",Chức năng gan,Viên nang cứng,45000.0,,Việt Nam,Việt Nam,5.0
"Viên uống Phụ Lạc Cao EX Hồng Bàng hỗ trợ lưu thông khí huyết, bổ huyết (3 vỉ x 10 viên)",Cân bằng nội tiết tố,Viên nén,210000.0,Hồng Bàng,Việt Nam,Việt Nam,
"Viên uống Rocket Sao Thái Dương giúp bổ khí huyết, bổ thận, tráng dương (30 gói)",Sức khoẻ tình dục,Hoàn cứng,300000.0,Sao Thái Dương,Việt Nam,Việt Nam,5.0
"Viên uống Senzation Double JointCare hỗ trợ mạnh gân xương, giảm đau xương khớp (30 viên)",Cơ xương khớp,Viên nang,760000.0,SENZATION,Singapore,Malaysia,5.0
"Viên uống Tiền Đình Khang Kigona Eloge hỗ trợ hoạt huyết, tăng cường tuần hoàn máu não (3 vỉ x 10 viên)",Tuần hoàn máu,Viên nén,66000.0,Eloge,Việt Nam,Việt Nam,5.0
"Cốm BigBB IMC hỗ trợ trẻ ăn ngon, tăng sức đề kháng (16 gói)",Hỗ trợ tiêu hóa,Cốm,140000.0,IMC,Việt Nam,Việt Nam,5.0
"Cốm Pre-Vipteen 2 Vinh Gia giúp tăng chiều cao, tăng sức đề kháng (20 gói x 2g)",Bổ sung Canxi & Vitamin D,Cốm,210000.0,Vinh Gia,Việt Nam,Việt Nam,5.0
Viên uống Thanh Quả Áo Đình hỗ trợ giảm cân (30 viên),Hỗ trợ giảm cân,Viên nang cứng,408000.0,,Việt Nam,Việt Nam,5.0
"Viên uống Lactomin Novarex bổ sung vi khuẩn có ích, giúp tái lập cân bằng hệ vi sinh đường ruột (6 vỉ x 10 viên)",Vi sinh - Probiotic,Viên nang,175000.0,Novarex,Hàn Quốc,Hàn Quốc,
Viên uống Vaso New Thiên Bình hỗ trợ giảm cholesterol máu (3 vỉ x 10 viên),Giảm Cholesterol,Viên nén,168000.0,Thiên Bình,Việt Nam,Việt Nam,5.0
Viên nén Ocuvite Lutein Bausch & Lomb hỗ trợ tăng cường thị lực (3 vỉ x 20 viên),"Bổ mắt, bảo vệ mắt",Viên nén,239000.0,Bausch & Lomb,Hoa Kỳ,Ý,5.0
"Viên uống Vindermen Plus Vinh Gia hỗ trợ hoạt huyết, tăng cường lưu thông máu não (3 vỉ x 10 viên)",Bổ não - cải thiện trí nhớ,Viên nén,163000.0,Vinh Gia,Việt Nam,Việt Nam,
"Viên nén Vương Tâm Thống Hồng Bàng hạ lipid máu, giảm triệu chứng đau thắt ngực, khó thở (3 vỉ x 10 viên)",Sức khoẻ tim mạch,Viên nén,180000.0,Hồng Bàng,Việt Nam,Việt Nam,5.0
"Viên uống Phục Linh New Lishou hỗ trợ giảm cân, giảm nguy cơ béo phì (3 vỉ x 8 viên)",Hỗ trợ giảm cân,Viên nang cứng,320000.0,Nang Phục Linh,Việt Nam,Việt Nam,5.0
"Viên uống FAZ Ecogreen hỗ trợ giảm cholesterol toàn phần, giảm LDL-c (30 viên)",Giảm Cholesterol,Viên nang,300000.0,Ecogreen,Hoa Kỳ,Hoa Kỳ,5.0
Viên uống Xoang Bach Phuc Thái Minh hỗ trợ giảm triệu chứng viêm xoang (2 vỉ x 10 viên),"Hô hấp, ho, xoang",Viên nén,130000.0,Lohha,Việt Nam,Việt Nam,
"Siro Jalkton Growth For Children Cho-A cung cấp vitamin, khoáng chất, axit amin (400ml)",Hỗ trợ trao đổi chất,Dung dịch,330000.0,CHO-A,Hàn Quốc,Hàn Quốc,5.0
"Viên uống Tỏi đen Sâm Ngọc Linh Học Viện Quân Y hỗ trợ tăng cường sức khỏe, chống oxy hóa (60 viên)",Cải thiện tăng cường chức năng,Viên nang mềm,204000.0,HVQY,Việt Nam,Việt Nam,
"Viên uống Giảo Cổ Lam Tuệ Linh hỗ trợ chuyển hóa đường, giảm nguy cơ đường huyết cao (60 viên)",Giảm Cholesterol,Viên bao,140000.0,Tuệ Linh,Việt Nam,Việt Nam,5.0
"Dầu Tỏi Tuệ Linh hỗ trợ giảm mỡ máu, giảm nguy cơ xơ vữa động mạch vành (100 viên)",Cải thiện tăng cường chức năng,Viên nang mềm,70000.0,Tuệ Linh,Việt Nam,Việt Nam,3.0
Viên uống Estromineral Meda hỗ trợ tăng cường nội tiết tố (3 vỉ x 10 viên),Hỗ trợ mãn kinh,Viên nén,345000.0,Meda,Ý,Ý,5.0
"Viên uống Hamega Nam Dược bảo vệ gan, giải độc gan do bia rượu (4 vỉ x 10 viên)",Chức năng gan,Viên nang,70000.0,Nam Dược,Việt Nam,Việt Nam,
Viên Gout Tâm Bình hỗ trợ giảm triệu chứng đau do gút (60 viên),Hỗ trợ điều trị gout,Viên nang cứng,160000.0,Tâm Bình,Việt Nam,Việt Nam,5.0
Viên uống Tiền Liệt Vương Tuệ Linh giúp hạn chế phát triển phì đại tiền liệt tuyến (60 viên),"Thận, tiền liệt tuyến",Viên nang mềm,180000.0,Tuệ Linh,Việt Nam,Việt Nam,
Viên uống S Prenatal bổ sung vitamin và khoáng chất (3 vỉ x 10 viên),Vitamin & Khoáng chất,Viên nang cứng,270000.0,Gmp,Hoa Kỳ,Hoa Kỳ,4.0
"Viên uống TraSleepy Traphaco dưỡng tâm an thần, hỗ trợ gây ngủ, giúp ngủ ngon (2 vỉ x 10 viên)",Hỗ trợ giấc ngủ ngon,Viên nén bao phim,46000.0,Traphaco,,Việt Nam,5.0
"Viên uống Đông Trùng Hạ Thảo Tenken hỗ trợ bồi bổ sức khỏe, tăng cường sinh lực (60 viên)",Cải thiện tăng cường chức năng,Viên nang,1867000.0,Tenken,Nhật Bản,Nhật Bản,5.0
Viên uống Lohha Trí Não Thái Minh điều trị và phòng ngừa các bệnh suy giảm trí tuệ (3 vỉ x 10 viên),Bổ não - cải thiện trí nhớ,Viên nén,245000.0,Thái Minh,Việt Nam,Việt Nam,4.5
"Viên uống Hộ Tạng Đường Hồng Bàng hỗ trợ hạ đường huyết, giảm cholesterol máu (3 vỉ x 10 viên)",Hỗ trợ điều trị tiểu đường,Viên nang,160000.0,Hồng Bàng,Việt Nam,Việt Nam,
"Viên uống Thuần Linh Chi Nissan hỗ trợ bồi bổ sức khỏe, giúp bảo vệ gan (50 gói)",Cải thiện tăng cường chức năng,Viên nén bao phim,2744000.0,Nissan,Nhật Bản,Nhật Bản,5.0
"Viên uống Oyster Plus Goodhealth hỗ trợ tăng cường sinh lực, tăng cường đề kháng cho nam giới (60 viên)",Sinh lý nam,Viên nang,422000.0,Good Health,New Zealand,New Zealand,4.9
Viên uống Venpoten Pro-life hỗ trợ làm tăng trương lực tĩnh mạch (30 viên),Suy giãn tĩnh mạch,Viên nang,224000.0,New Zealand Nutritionals,New Zealand,New Zealand,
Viên uống An Nữ Đan Dân Khang hỗ trợ giảm tiến triển u xơ tử cung ở nữ và u tiền liệt tuyến ở nam (60 viên),Cân bằng nội tiết tố,Viên nang,155000.0,DÂN KHANG,Việt Nam,Việt Nam,
"Tảo viên Spirulina vùng biển nước sâu tăng sức đề kháng, kích thích tiêu hóa (1500 viên)",Cải thiện tăng cường chức năng,Viên nén,733000.0,Algae,Nhật Bản,Nhật Bản,5.0
"Cốm Pre-Vipteen 3 Vinh Gia giúp tăng chiều cao, tăng sức đề kháng (20 gói x 2g)",Bổ sung Canxi & Vitamin D,Cốm,160000.0,Vinh Gia,Việt Nam,Việt Nam,5.0
"Viên uống Hạ Áp Ích Nhân Nam Dược hỗ trợ hạ huyết áp, giảm nguy cơ tai biến (4 vỉ x 10 viên)",Huyết áp,Viên nang cứng,112000.0,Nam Dược,Việt Nam,Việt Nam,5.0
"Viên uống NattoEnzym DHG hỗ trợ hoạt huyết, tăng tuần hoàn máu (3 vỉ x 10 viên)",Thần kinh não,Viên nang,135000.0,Dhg,Việt Nam,Việt Nam,5.0
"Viên uống Hoàng Tố Nữ Hose Hoa Sen bổ trung ích khí, sinh tân, chỉ khát (60 viên)",Cân bằng nội tiết tố,Viên nang,111000.0,Hoa sen,Việt Nam,Việt Nam,3.0
"Viên uống Ích Mẫu Lợi Nhi IMC hỗ trợ tăng tiết sữa, tăng lượng sữa mẹ (2 vỉ x 10 viên)",Cải thiện tăng cường chức năng,Viên nén,245000.0,IMC,Việt Nam,Việt Nam,4.6
"Viên uống BoniDiabet Botania hỗ trợ điều trị bệnh tiểu đường, làm giảm glucose máu (60 viên)",Hỗ trợ điều trị,Viên nang,405000.0,Botania,Hoa Kỳ,Hoa Kỳ,
Viên uống BoniAncol Botania giảm cảm giác thèm rượu và thói quen gây nghiện khác (60 viên),"Giải rượu, cai rượu",Viên nang,405000.0,Botania,Hoa Kỳ,Canada,5.0
Bột Proxeed Plus Sigma-tau hỗ trợ sức khỏe sinh sản nam giới (30 gói x 5g),Sinh lý nam,Dạng bột,1890000.0,Sigma-tau healthscience,Ý,Ý,5.0
"Linh Chi Nhất Long CG hỗ trợ làm ổn định huyết áp, ổn định đường huyết (30 gói)",Giảm Cholesterol,Túi lọc,171000.0,CG,Việt Nam,Việt Nam,
"Viên uống Minh Nhãn Khang Hồng Bàng hỗ trợ điều trị thoái hóa điểm vàng, đục thủy tinh thể (3 vỉ x 10 viên)","Bổ mắt, bảo vệ mắt",Viên nén,180000.0,Hồng Bàng,Việt Nam,Việt Nam,5.0
"Viên uống Bảo Khí Khang IMC hỗ trợ giảm ho, khạc đờm, khó thở, giảm tái phát hen suyễn (2 vỉ x 10 viên)","Hô hấp, ho, xoang",Viên nén,185000.0,IMC,Việt Nam,Việt Nam,
"Viên uống Bảo Khí Khang IMC hỗ trợ giảm ho, khạc đờm, khó thở (2 lọ)","Hô hấp, ho, xoang",Viên nén,995000.0,IMC,Việt Nam,Việt Nam,5.0
Viên uống Nhũ Đan Lohha hỗ trợ làm chậm sự phát triển của u xơ tuyến vú (2 vỉ x 10 viên),Hỗ trợ điều trị,Viên nén,210000.0,Lohha,Việt Nam,Việt Nam,
"Tinh Nghệ Nguyên Chất Vhoney hỗ trợ chức năng tiêu hóa, giảm tổn thương dạ dày và tá tràng (125g)","Dạ dày, tá tràng",Dạng bột,129000.0,Vhoney,Việt Nam,Việt Nam,5.0
Viên uống Đào Hồng Đơn Venus Nafaco hỗ trợ cải thiện thiếu hụt nội tiết tố nữ (60 viên),Cân bằng nội tiết tố,Viên nén,571000.0,,Việt Nam,Việt Nam,4.2
Viên uống Hoàng Thống Phong IMC hỗ trợ tăng cường chức năng gan thận (60 viên),Hỗ trợ điều trị gout,Viên nang cứng,220000.0,IMC,Việt Nam,Việt Nam,5.0
"Viên nén Nữ Vương Vinh Gia hỗ trợ làm giảm nguy cơ viêm âm đạo, cổ tử cung (3 vỉ x 10 viên)",Hỗ trợ điều trị,Viên nén,195000.0,Vinh Gia,Việt Nam,Việt Nam,3.6
"Viên uống Linh Tự Đan Hồng Bàng giúp tăng cường sinh lý nam, hỗ trợ giảm nguy cơ mãn dục nam (3 vỉ x 10 viên)",Sức khoẻ tình dục,Viên nang,190000.0,Hồng Bàng,Việt Nam,Việt Nam,5.0
"Viên uống Pregnacare Plus Omega-3 Vitabiotics bổ sung Vitamin, Omega-3 và khoáng chất (56 viên)",Vitamin tổng hợp,Viên nang mềm,584000.0,Vitabiotics,Anh,Anh,4.9
"Viên uống Phụ Bì Khang NPJ tăng cường sức đề kháng, giảm triệu chứng mề đay, mẩn ngứa (3 vỉ x 10 viên)",Hỗ trợ điều trị,Viên nén,185000.0,NPJ,Việt Nam,Việt Nam,5.0
"Viên uống Spacaps IMC giúp bổ huyết, tăng nội tiết tố nữ (3 vỉ x 10 viên)",Cân bằng nội tiết tố,Viên nang,215000.0,IMC,Việt Nam,Việt Nam,5.0
"Viên uống Thanh Phế Kim Thiên Bình giúp bổ phế, hỗ trợ giảm ho, tiêu đờm (3 vỉ x 10 viên)","Hô hấp, ho, xoang",Viên nang cứng,125000.0,Thiên Bình,Việt Nam,Việt Nam,5.0
Viên uống Thấp Diệu Nang Tâm Bình hỗ trợ điều trị bệnh phong thấp (60 viên),Cơ xương khớp,Viên bao,84000.0,Tâm Bình,Việt Nam,Việt Nam,
"Viên uống Trấn Kinh An IPHA giúp hoạt huyết hành khí, giảm các triệu chứng rối loạn thần kinh (3 vỉ x 10 viên)",Hỗ trợ giấc ngủ ngon,Viên nén,168000.0,IPHA,Việt Nam,Việt Nam,4.4
Viên uống Vương Bảo Thái Minh dùng cho nam giới bị u xơ tiền liệt tuyến (2 vỉ x 10 viên),"Thận, tiền liệt tuyến",Viên nén,140000.0,Thái Minh,Việt Nam,Việt Nam,
Viên uống Vương Lão Kiện Đông Tây hỗ trợ giảm triệu chứng run chân tay (3 vỉ x 10 viên),Cải thiện tăng cường chức năng,Viên nén,185000.0,Đông Tây,Việt Nam,Việt Nam,5.0
Viên uống Tràng Phục Linh Thái Minh dùng cho người bị viêm đại tràng cấp và mạn tính (2 vỉ x 10 viên),Đại tràng,Viên nang,105000.0,Thái Minh,Việt Nam,Việt Nam,
"Dung dịch Condition Heathcare hỗ trợ giải rượu, giải độc gan (75ml)","Giải rượu, cai rượu",Dung dịch,42500.0,HeathCare,Bangladesh,Hàn Quốc,5.0
"Siro ho Ong Vàng Thảo Dược Việt hỗ trợ làm ấm và sạch họng, giảm ho (100ml)","Hô hấp, ho, xoang",Dung dịch,28000.0,Thảo dược việt,Việt Nam,Việt Nam,5.0
"Dung dịch Mật Ong Chanh Đào VIP New Star hỗ trợ bổ khí, giảm ho, đau họng (100ml)","Hô hấp, ho, xoang",Dung dịch,24000.0,New Star,Việt Nam,Việt Nam,5.0
"Viên ngậm Zecuf Herbal Drops giúp ấm họng, nhuận phế, hỗ trợ giảm triệu chứng ho (5 vỉ x 4 viên)","Hô hấp, ho, xoang",Viên ngậm,40000.0,,Việt Nam,Ấn Độ,
Siro Cường Phế Lotus tăng cường chức năng hô hấp (10 ống x 10ml),"Hô hấp, ho, xoang",Dung dịch,153000.0,Lotus,Việt Nam,Việt Nam,
"Siro Tiêu Ban Thủy Hoa Sen giúp thanh nhiệt giải độc, hỗ trợ giảm dị ứng (150ml)",Chức năng gan,Dung dịch,44000.0,Hoa sen,Việt Nam,Việt Nam,5.0
Viên ngậm Sữa Ong Chúa Vitamin C Mekophar bổ sung vitamin C cho cơ thể (24 hộp lẻ x 30 viên),Vitamin C các loại,Viên ngậm,9167.0,Mekophar,Việt Nam,Việt Nam,
Viên uống Obimin Plus bổ sung các vitamin và khoáng chất (6 vỉ x 5 viên),Vitamin tổng hợp,Viên nang mềm,292000.0,Darya-Varia Laboratoria,Indonesia,Pháp,5.0
Viên uống Nat B điều trị thiếu Vitamin B và hỗ trợ chức năng duy trì sức khoẻ (3 vỉ x 10 viên),Vitamin tổng hợp,Viên nang mềm,136000.0,MEGA We care,Thái Lan,Việt Nam,5.0
"Viên uống Nat C 1000 cung cấp vitamin C cho cơ thể, tăng cường sức đề kháng (30 viên)",Vitamin C các loại,Viên nén bao phim,121500.0,MEGA We care,Thái Lan,Thái Lan,5.0
"Viên uống Hoạt Huyết Minh Não Khang hỗ trợ hoạt huyết, giảm đau đầu, chóng mặt, mất ngủ (3 vỉ x 10 viên)",Bổ não - cải thiện trí nhớ,Viên nang,69000.0,DÂN KHANG,Việt Nam,Việt Nam,5.0
"Viên hoàn mềm Hải Cẩu Hoàn Tiên Hưng bổ thận, tráng dương (10 viên x 6g)",Sinh lý nam,Hoàn mềm,355000.0,Tiên Hưng,Việt Nam,Việt Nam,5.0
"Dung dịch Donagen Gold Đông Nam Á ăn ngon, ngủ tốt, kích thích hệ tiêu hóa (20 ống x 10ml)",Hỗ trợ trao đổi chất,Dung dịch,117000.0,Đông Nam Á,Việt Nam,Việt Nam,4.5
"Siro Pediakid Fer + Vitamines B giúp bổ sung thảo mộc, Vitamin, khoảng chất (125ml)",Bổ sung Sắt & Axit Folic,Dung dịch,255000.0,Pediakid,Pháp,Pháp,5.0
"Siro Jalkton Growth For Children Cho-A cung cấp vitamin, khoáng chất, axit amin (100ml)",Vitamin tổng hợp,Dung dịch,122000.0,CHO-A,Hàn Quốc,Hàn Quốc,5.0
"Keo ong xanh Tracybee Propolis Mint & Honey vị bạc hà giúp giảm đau, viêm họng, ho do nhiễm khuẩn (30ml)","Hô hấp, ho, xoang",Dung dịch,270000.0,Tracybee,Việt Nam,Brasil,5.0
"Viên uống NattoEnzym DHG hỗ trợ hoạt huyết, tăng tuần hoàn máu (90 viên)",Hỗ trợ điều trị,Viên nang,367000.0,Dhg,Việt Nam,Việt Nam,5.0
Viên nghệ mật ong Vhoney tốt cho dạ dày (150g),Hỗ trợ tiêu hóa,Viên hoàn cứng,44000.0,Vhoney,Việt Nam,Việt Nam,5.0
Viên uống Nocid Kalbe bổ sung acid amin cho cơ thể (10 vỉ x 10 viên),"Thận, tiền liệt tuyến",Viên nén,1055000.0,KALBE,Indonesia,Indonesia,5.0
Viên nghệ mật ong Vhoney tốt cho dạ dày (50g),"Dạ dày, tá tràng",Viên hoàn cứng,22000.0,Vhoney,Việt Nam,Việt Nam,5.0
Viên uống Omega-3 Cardio New Zealand Nutritionals hỗ trợ giảm Triglycerid và Cholesterol dư trong máu (100 viên),"Dầu cá, Omega 3, DHA",Viên nang mềm,255000.0,New Zealand Nutritionals,New Zealand,New Zealand,5.0
Bột hòa tan Men Sterona hỗ trợ tăng chất lượng tinh trùng (30 gói),Sức khoẻ tình dục,Dạng bột,2150000.0,Natur Produkt Pharma,Ba Lan,Ba Lan,5.0
"Viên thìa canh Giảo Cổ Lam Đại Đức Mạnh giúp hạ đường huyết, giảm cholesterol và lipid trong máu cao (60 viên)",Giảm Cholesterol,Viên nang,165000.0,Đại Đức Mạnh,Việt Nam,Việt Nam,5.0
"Yến sào Kid's Nest Tâm Sen 120ml Good Health giúp an thần, tạo giác ngủ sâu tự nhiên",Hỗ trợ giấc ngủ ngon,Siro,52000.0,GOD HEALTH,Việt Nam,Việt Nam,4.6
"Cốm An Vị Khang Phú hỗ trợ giảm tổn thương dạ dày - tá tràng, ợ hơi, ợ chua (20 gói)","Dạ dày, tá tràng",Cốm,66000.0,Khang Phú,Việt Nam,Việt Nam,5.0
"Sữa Ensure Gold Vigor Abbott hương vani bổ sung dinh dưỡng, vitamin, khoáng chất cho cơ thể (237ml)",Sữa,Dung dịch,56083.0,Abbott,Hoa Kỳ,Hoa Kỳ,5.0
Bột pha uống Gastimun-HP Ovalgen hỗ trợ điều trị viêm loét dạ dày do H. pylori (10 gói x 4g),"Tăng sức đề kháng, miễn dịch",Dạng bột,395000.0,Ovalgen,,Nhật Bản,5.0
"Viên uống Nhũ Ngọc Thiên Bình hỗ trợ điều trị u vú, điều hòa kinh nguyệt (3 vỉ x 10 viên)",Cân bằng nội tiết tố,Viên nang,153000.0,Thiên Bình,Việt Nam,Việt Nam,
"Viên uống Kiều Xuân Vinh Gia hỗ trợ giảm nám, da sáng và căng mịn (2 vỉ x 10 viên)",Sinh lý nữ,Viên nén,240000.0,Vinh Gia,Việt Nam,Việt Nam,5.0
Viên uống BoniMen Botania điều trị bệnh phì đại tuyến tiền liệt (30 viên),"Thận, tiền liệt tuyến",Viên nang,250000.0,Botania,Hoa Kỳ,Canada,5.0
Bột Proxeed Women Sigma-tau HealthScience hỗ trợ sức khỏe sinh sản nữ giới (30 gói x 6g),Vitamin & Khoáng chất,Dạng bột,1700000.0,Sigma-tau healthscience,Ý,Hà Lan,5.0
Viên uống S DiCanxi USV Pharma hỗ trợ bổ sung canxi (3 vỉ x 10 viên),Bổ sung Canxi & Vitamin D,Viên nén,194000.0,Usv Pharma,Hoa Kỳ,Hoa Kỳ,4.8
Viên uống Vipteen Vinh Gia bổ sung canxi và dưỡng chất hỗ trợ phát triển chiều cao (2 vỉ x 10 viên),Bổ sung Canxi & Vitamin D,Viên nén,145000.0,Vinh Gia,Việt Nam,Việt Nam,5.0
"Siro Pediakid Immuno-Fort hỗ trợ tăng đề kháng, giúp bảo vệ sức khỏe (125ml)","Tăng sức đề kháng, miễn dịch",Dung dịch,223000.0,Pediakid,Pháp,Pháp,4.7
"Siro Pediakid Appétit Tonus hỗ trợ kích thích cảm giác thèm ăn, giảm mệt mỏi (125ml)",Vi sinh - Probiotic,Dung dịch,228000.0,Pediakid,Pháp,Pháp,5.0
"Men vi sinh Bifina R Health Aid bổ sung lợi khuẩn cho tiêu hóa, giảm rối loạn tiêu hóa, đại tràng (60 gói)",Vi sinh - Probiotic,Viên nang,1000000.0,Health Aid,,Nhật Bản,5.0
"Viên uống Heliocare Oral hạn chế lão hóa da, bảo vệ da và chống nắng (60 viên)",Da,Viên nang,989000.0,,,Việt Nam,5.0
"Viên uống Sỏi Mật Trái Sung usmedical hỗ trợ lợi tiểu, tăng bài tiết lắng cặn sỏi (3 vỉ x 10 viên)",Hỗ trợ điều trị,Viên nang,286000.0,usmedical,Việt Nam,Việt Nam,5.0
"Siro Zecuf Herbal Syrup hỗ trợ bổ phế, giảm ho, làm dịu mát cổ họng (100ml)","Hô hấp, ho, xoang",Dung dịch,50000.0,,Việt Nam,Ấn Độ,
Viên uống Venpoten Pro-life hỗ trợ làm tăng trương lực tĩnh mạch (100 viên),Suy giãn tĩnh mạch,Viên nang,632000.0,Pro-life,,New Zealand,5.0
Viên uống Naturen Z DHG hỗ trợ giải độc gan (10 vỉ x 10 viên),Chức năng gan,Viên nang cứng,215000.0,Dhg,Việt Nam,Việt Nam,
Viên uống Kim Thính Á Âu hỗ trợ tăng cường sức khỏe thính giác (3 vỉ x 10 viên),Cải thiện tăng cường chức năng,Viên nén,210000.0,Á Âu,Việt Nam,Việt Nam,
"Viên uống Kim Thần Khang Á Âu tăng cường lưu thông máu, giúp dưỡng tâm, an thần (3 vỉ x 10 viên)",Kiểm soát căng thẳng,Viên nén,210000.0,Á Âu,Việt Nam,Việt Nam,5.0
Viên uống Kim Miễn Khang IMC tăng cường năng lượng cho tế bào miễn dịch (3 vỉ x 10 viên),"Tăng sức đề kháng, miễn dịch",Viên nén,160000.0,IMC,Việt Nam,Việt Nam,5.0
"Viên uống Giảo Cổ Lam Tuệ Linh hỗ trợ chuyển hóa đường, giảm nguy cơ đường huyết cao (100 viên)",Giảm Cholesterol,Viên bao,225000.0,Tuệ Linh,Việt Nam,Việt Nam,
"Siro Fitobimbi Isilax Concentrato Fluido Pharmalife nhuận tràng, hỗ trợ giảm táo bón cho trẻ (200ml)",Táo bón,Dung dịch,330000.0,FITOBIMBI,Ý,Ý,
Viên uống BoniHair Botania bổ sung các chất nuôi dưỡng tóc (30 viên),Hỗ trợ làm đẹp,Viên nang,320000.0,Botania,Hoa Kỳ,Canada,5.0
Viên uống Venocap Global Pharm giúp cải thiện các triệu chứng suy giãn tính mạch (30 viên),Suy giãn tĩnh mạch,Viên nang,265000.0,Global Pharm,Hoa Kỳ,Hoa Kỳ,5.0
"Tinh chất hàu biển OB Phil Inter Pharma hỗ trợ tăng cường sinh lực, cải thiện sinh lý nam (30 viên)",Sức khoẻ tình dục,Viên nang mềm,329000.0,,,Việt Nam,4.9
"Viên uống Cholessen Decotra giảm cholesterol máu, giảm gan nhiễm mỡ (30 viên)",Giảm Cholesterol,Viên nang,104000.0,Decotra,Việt Nam,Việt Nam,5.0
"Viên uống Đại Lực Thần Đắk Tín hỗ trợ tăng cường sinh lực, bồi bổ nguyên khí (2 viên)",Sinh lý nam,Viên nang cứng,76000.0,Đắk Tín,Việt Nam,Việt Nam,5.0
"Dung dịch uống Alphavit giúp ăn ngon, ngủ tốt, tăng cường phát triển trí tuệ (4 vỉ x 5 ống)",Hỗ trợ trao đổi chất,Dung dịch,41000.0,Usa pharma,Việt Nam,Việt Nam,5.0
Dung dịch Fitobimbi Appetito hỗ trợ tăng cường tiêu hóa (200ml),Hỗ trợ trao đổi chất,Dung dịch,340000.0,FITOBIMBI,Ý,Ý,5.0
"Siro Dr.Sutsit Gia An giải cảm, giảm ho, giảm sổ mũi (30 gói x 5ml)","Hô hấp, ho, xoang",Dung dịch,50000.0,Gia An,Việt Nam,Việt Nam,5.0
Viên uống Nubest Tall bổ sung nano canxi và dưỡng chất phát triển chiều cao (60 viên),Bổ sung Canxi & Vitamin D,Viên nang cứng,784800.0,Nubest,Hoa Kỳ,Hoa Kỳ,5.0
Bột Calories - MD Dinh Dưỡng Việt bổ sung năng lượng (40 gói x 10g),Dinh dưỡng,Dạng bột,138000.0,Dinh dưỡng Việt,Việt Nam,Việt Nam,
"Viên uống Cardocorz NanoFrance tăng cường lưu thông máu, giảm nguy cơ huyết khổi (60 viên)",Sức khoẻ tim mạch,Viên nén,308000.0,NanoFrance,Pháp,Việt Nam,5.0
Sữa bột Nepro 2 VitaDairy bổ sung dinh dưỡng giàu protein dành cho người bệnh thận (400g),Sữa,Dạng bột,211000.0,VITADAIRY,Việt Nam,Việt Nam,5.0
"Keo ong xanh Tracybee Propolis Tutti Frutti & Honey vị trái cây giúp giảm đau, viêm họng, ho do nhiễm khuẩn (30ml)","Tăng sức đề kháng, miễn dịch",Dung dịch,270000.0,Tracybee,Việt Nam,Brasil,5.0
Viên uống Vitacap Mega We Care bổ sung Vitamin và khoáng chất cho cơ thể (5 vỉ x 10 viên),Vitamin tổng hợp,Viên nang mềm,153000.0,MEGA We care,Thái Lan,Thái Lan,4.8
"Viên uống OvaQ1 hỗ trợ bổ sung Myo Inositol, Acid folic và các chất cần thiết cho phụ nữ trước khi mang thai (3 vỉ x 10 viên)",Cân bằng nội tiết tố,Viên nang mềm,326000.0,Tây Âu,Việt Nam,Việt Nam,4.8
"Viên uống Thận An Plus giảm tiểu nhiều lần, bội phần thận khỏe (2 vỉ x 10 viên)","Thận, tiền liệt tuyến",Viên nén,160000.0,Thận An Plus,Việt Nam,Việt Nam,5.0
Sữa bột PediaSure 800g Abbott hương vani bổ sung dinh dưỡng cho bé từ 1-10 tuổi,Sữa,Dạng bột,627000.0,Abbott,Hoa Kỳ,Singapore,5.0
"Viên uống Mabio giúp lợi sữa, giảm nguy cơ tắc tuyến sữa (60 viên)",Vitamin & Khoáng chất,Viên nén,352000.0,Mabio,Việt Nam,Việt Nam,4.9
Viên uống BoniBaio Botania giúp cân bằng hệ vi khuẩn có ích đường ruột (30 viên),Hỗ trợ tiêu hóa,Viên nang,405000.0,Botania,Hoa Kỳ,Canada,1.0
"Viên uống Danzym 10mg giảm sưng, đau nhức xương khớp (10 vỉ x 10 viên)",Cơ xương khớp,Viên bao,45000.0,Usarichpharm,Việt Nam,Việt Nam,
Bột Dr.G Bifidus Bifido men vi sinh hỗ trợ cải thiện hệ tiêu hóa (2g x 30 gói),Vi sinh - Probiotic,Dạng bột,600000.0,BIFIDO,Hàn Quốc,Hàn Quốc,5.0
"Viên uống Skian Medisun giúp chống oxy hóa, tăng cường sức khỏe cho da (12 vỉ x 5 viên)",Da,Viên nang mềm,200000.0,Medisun,Việt Nam,Việt Nam,5.0
Viên uống Critta Trinh Nữ Hoàng Cung Phúc Vinh hỗ trợ hạn chế sự phát triển của u xơ lành tính (60 viên),Hỗ trợ điều trị,Viên nang mềm,59000.0,Phúc Vinh,Việt Nam,Việt Nam,
"Viên uống ArmoLipid Plus Rottapharm giảm cholesterol, triglycerid trong máu (20 viên)",Giảm Cholesterol,Viên nén,235000.0,Mylan,Ấn Độ,Ý,
Viên uống SpermQ Tây Âu tăng cường sức khỏe sinh sản cho nam giới (6 vỉ x 10 viên),Sinh lý nam,Viên nang cứng,870000.0,Tây Âu,Việt Nam,Việt Nam,5.0
"Viên uống Femifortil NP Pharma bổ sung Vitamin, khoáng chất và thảo dược cho phụ nữ mang thai (4 vỉ x 15 viên)",Vitamin & Khoáng chất,Viên nén,990000.0,NP Pharma,Ba Lan,Ba Lan,5.0
"Viên uống Qik Hair For Men Ecogreen giúp giảm rụng tóc, hối đầu ở nam giới (30 viên)",Tóc,Viên nén,275000.0,Ecogreen,Hoa Kỳ,Hoa Kỳ,4.6
"Viên uống Qik Hair For Women Ecogreen giúp giảm rụng tóc ở nữ giới, giúp tóc mọc nhanh (30 viên)",Tóc,Viên nén,275000.0,Ecogreen,Hoa Kỳ,Hoa Kỳ,5.0
Viên uống SpermQ Mediplantex tăng cường tổng hợp nội tiết tố hỗ trợ sinh sản ở nam giới (3 vỉ x 10 viên),Sức khoẻ tình dục,Viên nén,450000.0,Mediplantex,Việt Nam,Việt Nam,5.0
"Viên uống BP Golden Pine Bio Avenue tăng tuần hoàn máu, thông huyết mạch (100 viên)",Hỗ trợ điều trị,Viên nang,1100000.0,,Hàn Quốc,Hàn Quốc,5.0
"Cốm Lợi Sữa Medimom Medi Health hỗ trợ lợi sữa, thông tuyến sữa (20 gói x 3g)",Dinh dưỡng,Cốm,285000.0,Medi Health,Việt Nam,Việt Nam,5.0
"Viên uống Ích Niệu Khang Medistar hỗ trợ giảm tiểu đêm, tiểu nhiều lần (2 vỉ x 10 viên)","Thận, tiền liệt tuyến",Viên nén,155000.0,Medistar,Việt Nam,Việt Nam,
"Viên uống Ích Niệu Khang Medistar hỗ trợ giảm tiểu đêm, tiểu nhiều lần, tiểu són (80 viên)","Thận, tiền liệt tuyến",Viên nén,570000.0,Medistar,Việt Nam,Việt Nam,5.0
Viên uống Alltimes Care Platinum Weightloss hỗ trợ giảm béo (50 viên),Hỗ trợ giảm cân,Viên nang mềm,325000.0,Alltimes Care,Úc,Úc,4.7
"Dung dịch Bouna Energia Oro hỗ trợ bồi bổ sức khỏe, giúp tăng cường thể lực (10 lọ x 10ml)","Tăng sức đề kháng, miễn dịch",Dung dịch,290000.0,Buona,Ý,Ý,5.0
"Cốm Ybio DHG Pharma cân bằng hệ vi sinh đường ruột, tăng cường chức năng hệ tiêu hóa (24 gói)",Vi sinh - Probiotic,Cốm,43992.0,Dhg,Việt Nam,Việt Nam,5.0
Viên sủi Oresol Pluz Hadiphar giúp bù chất điện giải (10 viên),Hỗ trợ tiêu hóa,Viên sủi,18500.0,Hadiphar,Việt Nam,Việt Nam,5.0
Dung dịch 6Enzymes IP Mediphar USA giúp tăng cường tiêu hoá thức ăn (4 vỉ x 5 ống x 10ml),Khó tiêu,Dung dịch uống,160000.0,Mediphar USA,Việt Nam,Việt Nam,5.0
"Viên uống Heviho Thái Minh giảm đau rát họng, giảm ho, long đờm (2 vỉ x 10 viên)","Hô hấp, ho, xoang",Viên nén,190000.0,Thái Minh,Việt Nam,Việt Nam,5.0
"Viên uống giải độc gan Hamogan Tuệ Linh hỗ trợ giảm mỡ máu, mỡ gan (30 viên)",Chức năng gan,Viên nang mềm,176400.0,Tuệ Linh,Việt Nam,Việt Nam,
"Viên uống Phariton TVPharma hỗ trỡ tăng cường sức khỏe, nâng cao sức đề kháng (12 vỉ x 5 viên)",Vitamin tổng hợp,Viên nang mềm,70000.0,Tv.Pharm,Việt Nam,Việt Nam,5.0
Viên ngậm GS Imunostim Junior tăng cường chức năng hệ miễn dịch (2 vỉ x 10 viên),"Tăng sức đề kháng, miễn dịch",Viên nén,325000.0,Green Swan,,Cộng hòa Séc,5.0
Bột pha Calories - MCT 5g bổ sung năng lượng (40 gói),Cải thiện tăng cường chức năng,Dạng bột,220000.0,Dinh dưỡng Việt,Việt Nam,Việt Nam,
"Men vi sinh Yunpro 2g DHG Pharma cân bằng hệ vi sinh đường ruột, giảm rối loạn tiêu hóa (20 gói)",Vi sinh - Probiotic,Dạng bột,120000.0,Dhg,Việt Nam,Hàn Quốc,5.0
Bột muối NBCA Hoa Duoc 100g hỗ trợ giảm các triệu chứng đau dạ dày do thừa acid dịch vị,Hỗ trợ tiêu hóa,Dạng bột,6000.0,Hóa Dược,Việt Nam,Việt Nam,
"Viên uống Dầu Gấc Tuệ Linh hỗ trợ bảo vệ sức khỏe đôi mắt, tăng cường thị lực (60 viên)","Bổ mắt, bảo vệ mắt",Viên nang mềm,60000.0,Tuệ Linh,Việt Nam,Việt Nam,
Viên uống Ginkgo Natto With Coenzym Q10 120mg USA bổ sung dưỡng chất cho não (10 vỉ x 10 viên),Thần kinh não,Viên nang,53000.0,Usa pharma,Việt Nam,Việt Nam,5.0
Viên uống Blackmores CoQ10 150mg hỗ trợ chống oxy hóa và duy trì sức khỏe tim (30 viên),Sức khoẻ tim mạch,Viên nang mềm,436800.0,Blackmores,Úc,Úc,5.0
Viên uống Blackmores Ginkgo Forte hỗ trợ tuần hoàn máu não (40 viên),Tuần hoàn máu,Viên nén,360800.0,Blackmores,Úc,Úc,5.0
"Viên nén Osteocare Vitabiotics bổ sung canxi, khoáng chất cho xương chắc khoẻ (2 vỉ x 15 viên)",Bổ sung Canxi & Vitamin D,Viên nén,257000.0,Vitabiotics,Anh,Anh,5.0
"Dung dịch uống Conipa CPC1 Hà Nội bổ sung kẽm, tăng cường sức đề kháng cho cơ thể (4 vỉ x 5 ống x 5ml)",Bổ sung Kẽm & Magie,Dung dịch,64000.0,CPC1HN,Việt Nam,Việt Nam,5.0
Sữa bột PediaSure 380g Abbott hương vani bổ sung dinh dưỡng cho bé từ 1-10 tuổi,Sữa,Dạng bột,324000.0,Abbott,Hoa Kỳ,Singapore,5.0
Sữa ColosIgG 24h Vitadairy hỗ trợ tăng cường miễn dịch và tiêu hóa (60 gói x 1.5g),Sữa,Dung dịch,413100.0,VITADAIRY,Việt Nam,Việt Nam,4.9
"Viên xương khớp Bách Niên Kiện FOBIC hỗ trợ giảm nguy cơ viêm khớp, thoái hóa khớp (2 vỉ x 10 viên)",Cơ xương khớp,Viên bao,185000.0,FOBIC,Việt Nam,Việt Nam,
Viên nhai Kids Smart Nature's Way Vita Gummies Multi-vitamin Vegies bổ sung một số vitamin và tăng sức khỏe  (60 viên),Cải thiện tăng cường chức năng,Viên nhai,250750.0,Nature's way,Úc,Úc,
Dung dịch Simbiosistem Gocce 10ml Buona bổ sung lợi khuẩn đường ruột,Vi sinh - Probiotic,Dung dịch,325000.0,Buona,Ý,Ý,5.0
"Viên xương khớp Bách Niên Kiện FOBIC hỗ trợ giảm nguy cơ viêm khớp, thoái hóa khớp (80 viên)",Cơ xương khớp,Viên bao,699000.0,FOBIC,Việt Nam,Việt Nam,
Sữa non ColosBaby Gold VitaDairy bổ sung kháng thể IgG tự nhiên cho trẻ từ 0 - 12 tháng (800g),Sữa,Dạng bột,558000.0,VITADAIRY,Việt Nam,Việt Nam,5.0
Sữa non ColosBaby Gold VitaDairy bổ sung kháng thể IgG tự nhiên cho trẻ từ 1 - 2 tuổi (800g),Sữa,Dạng bột,510000.0,VITADAIRY,Việt Nam,Việt Nam,
"Viên uống Ritana Skin Whitening Ecogreen hỗ trợ da trắng hồng tự nhiên, giúp làm mờ sạn nám (60 viên)",Da,Viên nang,650000.0,Ecogreen,Hoa Kỳ,Hoa Kỳ,4.7
Viên uống Intesta Biolek 35.7g hỗ trợ điều trị viêm đại tràng (4 vỉ x 15 viên),Đại tràng,Viên nang,865000.0,,Ba Lan,Ba Lan,
"Viên uống An Tâm Ngủ Ngon PV Pharma giúp an thần, giảm căng thẳng (5 vỉ x 10 viên)",Hỗ trợ giấc ngủ ngon,Viên nén bao phim,130000.0,Phúc Vinh,Việt Nam,Việt Nam,4.6
"Viên uống Omega 3 Fish Oil 1000mg Good Health giúp phát triển não bộ, tốt cho mắt và tim mạch (150 viên)","Dầu cá, Omega 3, DHA",Viên nang,355500.0,Good Health,New Zealand,New Zealand,4.9
Viên uống NattoEnzym 1000 DHG giúp giảm nguy cơ hình thành cục máu đông (2 vỉ x 10 viên),Thần kinh não,Viên nang cứng,151000.0,Dhg,Việt Nam,Việt Nam,5.0
"Viên uống Alltimes Care Platinum Cordyceps tăng cường sức khoẻ, nâng cao sức đề kháng (60 viên)","Tăng sức đề kháng, miễn dịch",Viên nang,425000.0,Alltimes Care,Úc,Úc,5.0
Viên uống Alltimes Care Kangaroo 6000Mg Plus tăng cường sinh lực nam giới (30 viên),Sinh lý - Nội tiết tố,Viên nang,230000.0,Alltimes Care,Úc,Úc,4.6
"Viên uống BoniDetox Botania chống oxy hóa, hỗ trợ bảo vệ phổi (30 viên)",Hỗ trợ điều trị,Viên nang,360000.0,Botania,Hoa Kỳ,Hoa Kỳ,4.8
"Siro Fitobimbi Omega Junior Gocce Pharmalife bổ sung acid béo không no Omega-3, Omega-6 (30ml)","Dầu cá, Omega 3, DHA",Dung dịch uống,390000.0,FITOBIMBI,Ý,Ý,5.0
Cốm Trí Não G-Brain 3g Grand Nutrition bổ sung DHA và các vitamin hỗ trợ phát triển não bộ cho trẻ (30 gói),Bổ não - cải thiện trí nhớ,Cốm,400000.0,Grand Nutrition,Việt Nam,Việt Nam,5.0
"Viên uống Bạch Địa Căn Hose Hoa Sen dùng cho người cảm sốt nóng cần hạ nhiệt, đau đầu (10 vỉ x 10 viên)","Tăng sức đề kháng, miễn dịch",Viên nang,70000.0,Hoa sen,Việt Nam,Việt Nam,
Viên uống Hoạt Huyết Bổ Máu Đại Bắc tăng cường lưu thông máu (3 vỉ x 10 viên),Bổ não - cải thiện trí nhớ,Viên nén,59000.0,Đại Bắc,Việt Nam,Việt Nam,5.0
"Siro Fitobimbi Ferro C Concentrato Fluido bổ sung sắt, kẽm, vitamin C cho cơ thể (200ml)",Cải thiện tăng cường chức năng,Dung dịch,335000.0,FITOBIMBI,Ý,Ý,4.8
"Viên uống Ích Thận Vương Á Âu giúp bổ thận, lợi tiểu (2 lọ x 90 viên)","Thận, tiền liệt tuyến",Viên nén,1200000.0,Á Âu,Việt Nam,Việt Nam,5.0
"Viên nang Enzymax Forte MHD hỗ trợ tăng cường tiêu hóa, giảm chứng đầy bụng khó tiêu (2 vỉ x 10 viên)","Dạ dày, tá tràng",Viên nang,500000.0,,Tây Ban Nha,Tây Ban Nha,5.0
"Hỗn dịch dạ dày Anvitra 15ml giảm acid dạ dày, ợ chua, nóng rát, bảo vệ niêm mạc dạ dày (15 gói)","Dạ dày, tá tràng",Hỗn dịch,160000.0,Anvitra,Việt Nam,Việt Nam,
"Siro Fitobimbi Broncamil hỗ trợ làm mát họng, dịu họng, thông thoáng đường hô hấp (200ml)","Hô hấp, ho, xoang",Siro,320000.0,FITOBIMBI,Ý,Ý,
Men vi sinh BioGaia Protectis Baby Drops Vitamin D3 bổ sung lợi khuẩn cho đường tiêu hóa và vitamin D (5ml),Vi sinh - Probiotic,Dung dịch,495000.0,Biogaia,Thụy Điển,Thụy Điển,5.0
Viên uống Tottri Traphaco hỗ trợ làm co các búi trĩ (3 vỉ x 10 viên),Hỗ trợ điều trị trĩ,Viên nang cứng,163000.0,Traphaco,Việt Nam,Việt Nam,4.0
"Viên nén Vương Niệu Đan Thái Minh hỗ trợ giảm tình trạng tiểu đêm, tiểu nhiều lần, tiểu gấp (20 viên)","Thận, tiền liệt tuyến",Viên nén,163000.0,Thái Minh,Việt Nam,Việt Nam,5.0
"Sữa Nghệ Tumeric Gold Dr. Celine giảm đau dạ dày - tá tràng, chống oxy hóa, thải độc đẹp da (400g)",Sữa,Dạng bột,364000.0,Healthcare,Việt Nam,Việt Nam,
"Dung dịch Imiale CHR Hansen A/S bổ sung lợi khuẩn, hỗ trợ cải thiện hệ vi sinh đường ruột (8g)",Hỗ trợ tiêu hóa,Dung dịch,390000.0,CHR Hansen A/S,Đan Mạch,Đan Mạch,5.0
"Bột pha uống Oresolac 3B vị cam - bù nước và điện giải, bổ sung các vitamin (40 gói x 4,1g)",Vitamin tổng hợp,Dạng bột,20000.0,Á Châu,Việt Nam,Việt Nam,5.0
Viên uống 5-MTHF Robinson Pharma hỗ trợ cho phụ nữ bị rối loạn chuyển hóa acid folic (3 vỉ x 10 viên),Vitamin & Khoáng chất,Viên nang cứng,450000.0,Robinson Pharma,Hoa Kỳ,Hoa Kỳ,5.0
"Viên nén Vương Niệu Đan Thái Minh hỗ trợ giảm tình trạng tiểu đêm, tiểu nhiều lần, tiểu gấp (80 viên)","Thận, tiền liệt tuyến",Viên nén,578000.0,Thái Minh,Việt Nam,Việt Nam,5.0
"Siro Ong Vàng tăng hỗ trợ tăng sức đề kháng, tăng miễn dịch (30 gói x 5ml)","Tăng sức đề kháng, miễn dịch",Dung dịch,42000.0,Herbal 5,Việt Nam,Việt Nam,5.0
"Bột pha uống Cerebio Ecologic Barrier bổ sung lợi khuẩn cho đường ruột, giảm triệu chứng rối loạn tiêu hóa (30 gói x 2g)",Hỗ trợ tiêu hóa,Dạng bột,649000.0,,Hà Lan,Hà Lan,5.0
"Viên uống Suvéal Grossesse Fer Densmore bổ sung Omega 3, DHA, Vitamin, khoáng chất (2 vỉ x 15 viên)",Vitamin & Khoáng chất,Viên nang,405000.0,Densmore,Pháp,Monaco,5.0
"Viên uống Gokiny Solé Pharm bổ sung các amino acid cho cơ thể, tăng cường sức khỏe (6 vỉ x 10 viên)","Tăng sức đề kháng, miễn dịch",Viên nang cứng,990000.0,Solé Pharm,Latvia,Latvia,
"Viên uống 5-MTHF Robinson Pharma bổ sung vitamin, khoáng chất cho nữ mang thai (60 viên)",Vitamin & Khoáng chất,Viên nang,900000.0,Robinson Pharma,Hoa Kỳ,Hoa Kỳ,5.0
"Bột pha uống Safvex 3g Pastuer Institute bổ sung chất xơ và vi khuẩn, hỗ trợ nhuận tràng, giảm táo bón (30 gói)",Táo bón,Dạng bột,4600.0,Davac,Việt Nam,Việt Nam,
"Viên uống Magnella Natur Produkt Pharma hỗ trợ cải thiện tổn thương thần kinh do thiếu vitamin B6, magiê (2 vỉ x 14 viên)",Vitamin & Khoáng chất,Viên nén,294000.0,Natur Produkt Pharma,Ba Lan,Ba Lan,5.0
"Tinh chất thảo dược Eugica Cold & Flu hỗ trợ giảm các triệu chứng cảm, cảm cúm (10 gói x 4g)","Hô hấp, ho, xoang",Cốm,62000.0,MEGA We care,Thái Lan,Sri Lanka,5.0
"Siro Fitobimbi Immuno Concentrato Fluido bổ sung vitamin, khoáng chất cho cơ thể (200ml)","Tăng sức đề kháng, miễn dịch",Dung dịch,365000.0,FITOBIMBI,Ý,Ý,5.0
Viên uống Kim Thính Á Âu hỗ trợ tăng cường sức khỏe thính giác (2 lọ x 90 viên),Cải thiện tăng cường chức năng,Viên nén,1200000.0,Á Âu,Việt Nam,Việt Nam,
Dung dịch uống Antot Thymo Traphaco tăng cường sức đề kháng (2 vỉ x 10 ống x 10ml),"Tăng sức đề kháng, miễn dịch",Dung dịch,70000.0,Traphaco,Việt Nam,Việt Nam,5.0
"Siro Ích Nhi Plus Nam Dược bổ sung kẽm, seien và lysin giúp trẻ ăn ngon (100ml)",Hỗ trợ trao đổi chất,Siro,65000.0,Nam Dược,Việt Nam,Việt Nam,5.0
"Dung dịch Black ElderBerry Cold And Flu Forte 100ml Brauer hỗ trợ giảm các triệu chứng ho, sổ mũi do cảm","Hô hấp, ho, xoang",Dung dịch,276000.0,Brauer,Úc,Úc,
"Hỗn dịch uống Enterogermina Gut Defense Sanofi tăng cường tiêu hóa, hỗ trợ bảo vệ đường ruột","Dạ dày, tá tràng",Hỗn dịch uống,165000.0,Sanofi,Pháp,Ý,
"Bột Optibac Babies and Children Optibac Probiotics bổ sung lợi khuẩn cho đường ruột, hỗ trợ tiêu hóa (30 gói)",Hỗ trợ tiêu hóa,Dạng bột,370300.0,,Anh,Ý,
"Dung dịch Baby Drops 10ml Optibac Probiotics bổ sung lợi khuẩn cho đường ruột, hỗ trợ tiêu hóa",Hỗ trợ tiêu hóa,Dung dịch,490000.0,,Anh,Ý,
"Viên uống Living Healthy Calcium 600mg Plus Vitamin D 500IU hỗ trợ phát triển xương, răng (60 viên)",Cơ xương khớp,Viên nén,379000.0,LIVING HEALTHY,Úc,Úc,
"Viên uống Vitabiotics Feroglobin Fizz giúp cơ thể tăng tạo máu, tăng năng lượng, giảm mệt mỏi (20 viên)","Tăng sức đề kháng, miễn dịch",Viên sủi,222950.0,Vitabiotics,Anh,Anh,
Viên uống NattoEnzym DHA EPA DHG Pharma hỗ trợ giảm nguy cơ đột quỵ do huyết khối (60 viên),Thần kinh não,Viên nang cứng,460000.0,DHG Pharma,Việt Nam,Việt Nam,
Viên uống NattoEnzym DHA EPA DHG Pharma hỗ trợ giảm nguy cơ đột quỵ do huyết khối (2 vỉ x 10 viên),Thần kinh não,Viên nang cứng,165000.0,DHG Pharma,Việt Nam,Việt Nam,
"Viên nang tảo Mozuku Fucoidan Nozomi chống oxy hóa, hỗ trợ tăng cường miễn dịch (150 viên)","Tăng sức đề kháng, miễn dịch",Viên nang,960000.0,,Nhật Bản,Nhật Bản,
"Thực phẩm bảo vệ sức khỏe Condition Multi Kolmar Hỗ trợ tăng cường sức khỏe, giảm mệt mỏi (90viên)",Vitamin & Khoáng chất,Viên nén,306000.0,Kolmar,Hàn Quốc,Hàn Quốc,
Sữa bột Nutren Junior 400g Nestlé bổ sung hoặc thay thế bữa ăn hàng ngày cho trẻ suy dinh dưỡng,Sữa,Dạng bột,328000.0,Nestlé,Thụy Sĩ,Thụy Sĩ,5.0
"Thực phẩm bảo vệ sức khỏe Condition Joint Kolmar bổ sung dưỡng chất cho khớp, mô sụn khớp (90 viên)",Cơ xương khớp,Viên nén,357000.0,Kolmar,Hàn Quốc,Hàn Quốc,
"Viên uống An Bảo Gold Nam Dược hỗ trợ thanh nhiệt giải độc gan, giảm mụn nhọt (30 viên)",Chức năng gan,Viên nang,68000.0,Nam Dược,Việt Nam,Việt Nam,
"Viên uống DK-Betics Gold hỗ trợ giảm và duy trì đường huyết ổn định, biến chứng do tiểu đường (2 lọ x 60 viên)",Hỗ trợ điều trị tiểu đường,,650000.0,,,,5.0
"Viên uống Novodia Novocare hỗ trợ ổn định đường huyết, giảm biến chứng tim mạch (2 vỉ x 15 viên)",Hỗ trợ điều trị tiểu đường,Viên nang mềm,185000.0,NOVOCARE,Việt Nam,Việt Nam,
"Thực phẩm bảo vệ sức khỏe Magne-Fer Suvéal Densmore bổ sung magie, vitamin B6 và sắt cho cơ thể (2 vỉ x 15 viên x 37g)",Vitamin tổng hợp,Viên nén,9900.0,Densmore,Pháp,Monaco,
Sữa bột Nepro 1 Vita Dairy giảm protein dành cho người bệnh thận có urê huyết tăng (900g),Sữa,Dạng bột,513000.0,VITADAIRY,Việt Nam,Việt Nam,
"Viên uống Novocardi Novocare hỗ trợ giảm nguy cơ xơ vữa động mạch, bảo vệ thành mạch (30 viên)",Sức khoẻ tim mạch,Viên nang mềm,6833.0,NOVOCARE,Việt Nam,Việt Nam,
"Viên uống Tabofina Traphaco hỗ trợ nhuận tràng, giảm nguy cơ táo bón (3 vỉ x 10 viên)","Dạ dày, tá tràng",Viên nang cứng,59000.0,Traphaco,Việt Nam,Việt Nam,
"Siro Immunix3 Children 150ml Otosan hỗ trợ tăng cường đề kháng, tăng cường sức khỏe","Tăng sức đề kháng, miễn dịch",Siro,295000.0,Otosan,Ý,Ý,
"Viên uống Cebraton Premium Traphaco bổ sung vitamin cho não bộ, tăng tuần hoàn máu não (30 viên)",Tuần hoàn máu,Viên nang mềm,290000.0,Traphaco,Việt Nam,Việt Nam,
"Viên uống Livaform Luca Pharma MPC hỗ trợ giải độc gan, giúp tăng cường chức năng gan (6 vỉ x 10 viên)",Chức năng gan,Viên nén,585000.0,,Úc,Úc,
Viên uống MT-safliva Ultra hỗ trợ sức đề kháng cho cơ thể (60 viên),"Tăng sức đề kháng, miễn dịch",Viên nang,887000.0,AVA pharmaceutical,Hoa Kỳ,Hoa Kỳ,
Gel tắm Auvi Nature AV24 Skin Repair Treatment giúp cung cấp độ ẩm cho da (50g),Da,,345000.0,Auvi Nature,Úc,Úc,
Gel tắm Auvi Nature AV24 Sensitive Skin Cleanser giúp làm sạch da và dưỡng ẩm (250ml),Da,Nhũ tương (Gel),350000.0,Auvi Nature,Úc,Úc,
"Sữa bột Pedia Gold Dr. Celine kích thích ăn ngon miệng, tăng đề kháng cho trẻ từ 1 đến 10 tuổi (900g)",Sữa,Dạng bột,669000.0,Healthcare,Việt Nam,Việt Nam,
"Sữa bột Pedia Gold Dr. Celine kích thích ăn ngon miệng, tăng đề kháng cho trẻ từ 1 đến 10 tuổi (400g)",Sữa,Dạng bột,334000.0,Healthcare,Việt Nam,Việt Nam,
Siro Brauer Kids Liquid Iron With Vitamin B bổ sung sắt và vitamin hỗ trợ giảm thiếu máu (200ml),Vitamin & Khoáng chất,Dung dịch uống,380000.0,Brauer,Úc,Úc,4.8
Siro Brauer Baby & Kids Liquid Multivitamin For Infants bổ sung vitamin tăng cường sức khỏe (45ml),"Tăng sức đề kháng, miễn dịch",Dung dịch uống,378000.0,Brauer,Úc,Úc,5.0
"Viên uống Suvéal Duo Densmore Laboratoire bổ sung Omega 3, hỗ trợ cho sự phát triển não bộ và thị giác (2 vỉ x 15 viên)",Bổ não - cải thiện trí nhớ,Viên nang,614000.0,Densmore,Pháp,Monaco,5.0
"Viên nang cứng Mạch Vành Win Win Thái Dương cải thiện tuần hoàn máu, tăng lưu thông khí huyết ( 2 vỉ x 15 viên)",Sức khoẻ tim mạch,Viên nang cứng,180000.0,Sao Thái Dương,Việt Nam,Việt Nam,
"Siro Brauer Kids Manuka Honey Dry Cough hỗ trợ giảm chứng ho khan, giảm đau rát họng ở trẻ (100ml)","Hô hấp, ho, xoang",Dung dịch,268000.0,Brauer,Úc,Úc,5.0
Viên uống Albuglucan Pharmaxx INC hỗ trợ tăng cường sức đề kháng (6 vỉ x 10 viên),"Tăng sức đề kháng, miễn dịch",Viên nang cứng,1200000.0,,,Hoa Kỳ,
"Viên uống Active-Meno Doppelherz Aktiv bổ sung isoflavone, điều hoà kinh nguyệt (30 viên)",Sinh lý - Nội tiết tố,Viên nén,391000.0,Doppelherz,Đức,Đức,5.0
"Viên uống BoniKiddy Botania kích thích hệ miễn dịch, bồi bổ cơ thể (60 viên)","Tăng sức đề kháng, miễn dịch",Viên nang,405000.0,Botania,Hoa Kỳ,Canada,5.0
"Viên uống Goldream IMC hỗ trợ ngủ ngon, giảm căng thẳng (20 viên)",Hỗ trợ giấc ngủ ngon,Viên nang,184000.0,IMC,Việt Nam,Việt Nam,
Dung dịch uống Con Rồng Mekophar hỗ trợ tăng cường sức khỏe đường ruột (50ml),Khó tiêu,Dung dịch,14000.0,Mekophar,Việt Nam,Việt Nam,5.0
Viên uống TĐCare Meracine giúp hạ đường huyết và cholesterol (60 viên),Hỗ trợ điều trị tiểu đường,Viên nang,143000.0,,Việt Nam,Việt Nam,
Viên uống Magnesium+Calcium+D3 Doppelherz Aktiv hỗ trợ cơ và xương khỏe mạnh (3 vỉ x 10 viên),Bổ sung Canxi & Vitamin D,Viên nén,319000.0,Doppelherz,Đức,Đức,5.0
"Viên thìa canh Giảo Cổ Lam giúp hạ đường huyết, giảm cholesterol và lipid trong máu cao (3 vỉ x 10 viên)",Hỗ trợ điều trị tiểu đường,Viên nang,98000.0,Đại Đức Mạnh,Việt Nam,Việt Nam,
"Viên uống Giảo Cổ Lam Thiên Bảo hỗ trợ giảm mỡ máu, giảm đường huyết (60 viên)",Sức khoẻ tim mạch,Viên nang cứng,112000.0,Thiên Bảo,Việt Nam,Việt Nam,5.0
"Siro Codatux Syrup ADC hỗ trợ long đờm, giảm ho, đau họng (30 gói x 5ml)","Hô hấp, ho, xoang",Siro,56000.0,ADC,Việt Nam,Việt Nam,5.0
"Siro Hobezut Vinacare giảm các triệu chứng ho, cảm (110ml)","Hô hấp, ho, xoang",Dung dịch,51000.0,Vinacare Pharma,Việt Nam,Việt Nam,
Viên uống Car-Q 100 Dankos bổ sung acid amin L-carnitin và Coenzym Q10 cho cơ thể (3 vỉ x 10 viên),Sức khoẻ tim mạch,Viên nén bao phim,306000.0,Dankos,Indonesia,Indonesia,
"Viên uống Rocket + Sao Thái Dương giúp bổ thận dương, tăng cường sinh lực (3 vỉ x 15 viên)",Sinh lý nam,Viên nang cứng,450000.0,Sao Thái Dương,Việt Nam,Việt Nam,4.8
Yến sào Kid's Nest Good Health giảm biếng ăn cho trẻ (120ml),Hỗ trợ giấc ngủ ngon,Dung dịch,56000.0,GOD HEALTH,Việt Nam,Việt Nam,5.0
"Tinh Nghệ Nguyên Chất Vhoney hỗ trợ chức năng tiêu hóa, giảm tổn thương dạ dày và tá tràng (40g)","Dạ dày, tá tràng",Dạng bột,41000.0,Vhoney,Việt Nam,Việt Nam,5.0
"Viên uống Vững Cốt Vinh Gia hỗ trợ giảm loãng xương, giúp xương chắc khỏe dẻo dai (2 vỉ x 10 viên)",Cơ xương khớp,Viên nén,181000.0,Vinh Gia,Việt Nam,Việt Nam,
Sữa bột Mama Sữa Non Baby New bổ sung vitamin và kháng thể (20 gói x 6g),Sữa,Cốm,204000.0,G&P France,Việt Nam,Việt Nam,4.0
Viên uống Hoạt Huyết Abipha hỗ trợ tăng cường lưu thông máu não (3 vỉ x 10 viên),Bổ não - cải thiện trí nhớ,Viên nang mềm,66000.0,Abipha,Việt Nam,Việt Nam,5.0
Viên uống Chophytin Pharco giúp tăng cường chức năng gan (180 viên),Cải thiện tăng cường chức năng,Viên bao,35000.0,,Việt Nam,Việt Nam,5.0
Viên uống Heliocare Ultra hỗ trợ bảo vệ và hạn chế lão hóa da (30 viên),Da,Viên nang,1000000.0,,Tây Ban Nha,Tây Ban Nha,5.0
"Viên uống Ích Mẫu Lợi Nhi IMC hỗ trợ tăng tiết sữa, tăng lượng sữa mẹ (60 viên)","Tăng sức đề kháng, miễn dịch",Viên nén,695000.0,IMC,Việt Nam,Việt Nam,5.0
Viên uống Nano Fucomin HVQY hỗ trợ giảm tác dụng phụ của hóa trị giúp chống gốc tự do (30 viên),"Tăng sức đề kháng, miễn dịch",Viên nang cứng,294000.0,HVQY,Việt Nam,Việt Nam,5.0
Tinh Nghệ Vàng Curmin Powder Forny bảo vệ và tái tạo niêm mạc dạ dày (100g),Cải thiện tăng cường chức năng,Dạng bột,153000.0,Forny,Việt Nam,Việt Nam,
"Tỏi Đen Kochi NB giúp chống oxy hóa, nâng cao sức khỏe cho cơ thể (150g)",Cải thiện tăng cường chức năng,Viên nhai,153000.0,Tỏi Đen Kochi NB,Nhật Bản,Việt Nam,
Viên uống Memory Magic hỗ trợ tăng cường tuần hoàn não (3 vỉ x 10 viên),Thần kinh não,Viên nang,352000.0,,Úc,Úc,5.0
"Viên nén Zlove Usapha hỗ trợ tăng cường sức khỏe, hạn chế nguy cơ sa tử cung ở phụ nữ sau sinh (50 viên)",Cải thiện tăng cường chức năng,Viên nén,780000.0,USAPHA,Việt Nam,Việt Nam,5.0
Viên nang mềm Medicrafts Natural Vitamin E 400 IU bổ sung vitamin E (30 viên),Vitamin E các loại,Viên nang mềm,115000.0,MEGA We care,Thái Lan,Thái Lan,5.0
"Viên uống Kendai Fucoidan Super Plus Sumioka hỗ trợ làm giảm nguy cơ u bướu, bảo vệ gan (60 viên)","Tăng sức đề kháng, miễn dịch",Viên nén bao phim,2514300.0,Kendai,,Nhật Bản,5.0
Viên uống Khang Dược New Nam Dược tăng cường sinh lý nam 30 Viên,Sinh lý nam,Viên nang,280000.0,Nam Dược,Việt Nam,Việt Nam,5.0
"Viên nang cứng Stonix-F Vesta lợi tiểu, giảm nguy cơ sỏi đường tiết niệu (30 viên)",Cải thiện tăng cường chức năng,Viên nang cứng,100100.0,Vesta,Việt Nam,Việt Nam,5.0
"Viên uống Blackmores Milk Thistle hỗ trợ quá trình phục hồi tế bào gan, bảo vệ gan (42 viên)",Chức năng gan,Viên nén,337500.0,Blackmores,Úc,Úc,4.5
"Dung dịch Duo Vital 500ml Gramme Revit giảm đau nhức khớp, thoái hoá khớp",Cơ xương khớp,Dung dịch,2650000.0,Gramme-Revit,Đức,Đức,5.0
"Viên uống Hbsell Maypro tăng cường lưu thông máu não, giảm thiểu năng tuần hoàn não (2 vỉ x 10 viên)",Bổ não - cải thiện trí nhớ,Viên nang,675000.0,,Hoa Kỳ,Hoa Kỳ,5.0
"Siro Pharmaton Kiddi Syrup 100ml Sanofi bổ sung Lysin, calci và một số vitamin","Tăng sức đề kháng, miễn dịch",Siro,143200.0,Sanofi,Pháp,Úc,
"Bột pha uống Gosin-Fos 5g Medvie bổ sung chất xơ, hỗ trợ giảm triệu chứng táo bón (30 gói)","Tăng sức đề kháng, miễn dịch",Dạng bột,214000.0,,Việt Nam,Việt Nam,
Viên ngậm Biogaia Prodentis Lozenges For Gums And Teeth vị bạc hà hỗ trợ bảo vệ sức khỏe răng lợi (3 vỉ x 10 viên),Hỗ trợ làm đẹp,Viên nén,495000.0,Biogaia,Thụy Điển,Bỉ,
"Dung dịch uống Novofido Drops 15ml Novocare hỗ trợ bổ sung lợi khuẩn, cải thiện hệ vi sinh đường ruột",Vi sinh - Probiotic,Dung dịch,185000.0,NOVOCARE,Việt Nam,Việt Nam,
"Viên uống Lutin 5mg Sucs hỗ trợ tăng cường thị lực, giảm nguy cơ đục thủy tinh thể, thoái hóa điểm vàng","Bổ mắt, bảo vệ mắt",Viên nén,175000.0,SUCS,Việt Nam,Việt Nam,
"Dung dịch Nordic Naturals Baby's Vitamin D3 bổ sung Vitamin D, tăng cường hấp thu canxi vào xương (22.5ml)",Bổ sung Canxi & Vitamin D,Dung dịch uống,645000.0,NORDIC NATURALS,Hoa Kỳ,Hoa Kỳ,
"Viên nang mềm Nordic Naturals Children's DHA Strawberry Flavor tăng cường sức đề kháng, tốt cho não bộ (180 viên)",Bổ não - cải thiện trí nhớ,Viên nang mềm,1110000.0,NORDIC NATURALS,Hoa Kỳ,Hoa Kỳ,
"Viên uống Novotane Softcap Novocare bổ sung các thành phần dưỡng chất cho mắt DHA, EPA, Vitamin A (2 vỉ x 15 viên)","Bổ mắt, bảo vệ mắt",Viên nang mềm,165000.0,NOVOCARE,Việt Nam,Việt Nam,
"Viên uống Habos Kapseln Sanct Bernhard tăng tiết dịch nhờn cho khớp, hỗ trợ tái tạo mô sụn khớp (60 viên)",Cơ xương khớp,Viên nang mềm,595000.0,SANCT BERNHARD,Đức,Đức,
"Sữa Dr. Celine Newborn IQ giúp tăng cường hệ miễn dịch, tăng sức đề kháng cho bé từ 0 đến 12 tháng tuổi  (900g)",Sữa,Dạng bột,594000.0,Healthcare,Việt Nam,Việt Nam,
Men vi sinh Brauer Baby Kids Immune Defence Probiotic giúp làm giảm sự xuất hiện của các triệu chứng viêm đường hô hấp trên ở trẻ (30 gói),"Hô hấp, ho, xoang",,540000.0,Brauer,Úc,Úc,
Sữa bột Neomil Nepro 400g Nafaco dùng cho người bệnh đái tháo đường,Sữa,Dạng bột,350000.0,,Việt Nam,Việt Nam,
Bột Enzymax Kids hỗ trợ tăng cường tiêu hóa thức ăn (30 gói),"Dạ dày, tá tràng",Dạng bột,360000.0,,Tây Ban Nha,Tây Ban Nha,5.0
"Dung dịch uống NovoSmart Drops 20ml Novocare bổ sung DHA, EPA, phát triển não bộ","Tăng sức đề kháng, miễn dịch",Dung dịch,185000.0,NOVOCARE,Việt Nam,Việt Nam,
"Viên uống Rexal Forte Lustrel hỗ trợ kháng viêm, giảm phù nề, sưng tấy do chấn thương (2 vỉ x 15 viên)","Hô hấp, ho, xoang",Viên nén,205000.0,LUSTREL,Pháp,Pháp,
Viên uống PregnaVie Complete MHD cung cấp các vitamin và khoáng chất (3 vỉ x 10 viên),Vitamin & Khoáng chất,Viên nang,450000.0,,Tây Ban Nha,Tây Ban Nha,5.0
"Viên uống Livertin-EP Novarex bổ sung vitamin B1, B6, B12, niacin, canxi pantothenat cho cơ thể (10 vỉ x 10 viên)",Chức năng gan,Viên nang mềm,450000.0,Novarex,Hàn Quốc,Hàn Quốc,
"Viên uống Kidimam + DHA NP Pharma bổ sung vitamin, khoáng chất, DHA, EPA (5 vỉ x 12 viên)",Vitamin tổng hợp,Viên nén,420000.0,NP Pharma,Ba Lan,Ba Lan,
"Viên uống Eyevite Sucs hỗ trợ chống oxy hóa, tăng cường thị lực (3 vỉ x 10 viên)","Bổ mắt, bảo vệ mắt",Viên nang mềm,198000.0,SUCS,Việt Nam,Việt Nam,
Sữa bột Dr.Celine Newborn IQ giúp tăng cường hệ miễn dịch cho trẻ từ 0 đến 12 tháng tuổi (400g),Sữa,Dạng bột,297000.0,Healthcare,Việt Nam,Việt Nam,
"Sữa Nutren Junior Nestlé bổ sung Omega-3, chất xơ, kẽm (400g)",Sữa,Dạng bột,322000.0,Nestlé,Thụy Sĩ,Thụy Sĩ,
"Viên uống Natapure DHA Phytopharma bổ sung DHA, EPA cho cơ thể (2 vỉ x 15 viên)",Vitamin & Khoáng chất,Viên nang mềm,380000.0,,Bulgaria,Bulgaria,
"Viên uống Vitamin 3B Plus Meracine bổ sung vitamin B1, B6, B12, acid amin cho cơ thể (10 vỉ x 10 viên)",Vitamin tổng hợp,Viên nang mềm,60000.0,,Việt Nam,Việt Nam,
"Men vi sinh Probiotics Bifina Baby 1g Bifina bổ sung lợi khuẩn, giúp hệ vi sinh đường ruột khỏe mạnh (30 gói)",Vi sinh - Probiotic,Dạng bột,424000.0,,Nhật Bản,Nhật Bản,
"Bột pha uống BioticAAD 2.5g Ecologic AAD bổ sung lợi khuẩn đường ruột, giảm rối loạn tiêu hóa (14 gói)","Dạ dày, tá tràng",Dạng bột,330000.0,,,Hà Lan,
Viên uống Ocean D3K2 Orzax 20ml bổ sung Vitamin D3 và Vitamin K,Vitamin & Khoáng chất,Dung dịch,295000.0,ORZAX,Thổ Nhĩ Kỳ,Thổ Nhĩ Kỳ,
"Siro Mac B6 ODO 10ml Odoriko bổ sung magnesi, vitamin B6 (20 ống)",Bổ não - cải thiện trí nhớ,Dung dịch,495000.0,,Việt Nam,Việt Nam,
Doppelherz Conceptive Men 10g bổ sung vitamin và các vi chất dinh dưỡng hỗ trợ cải thiện sinh lý nam (30 gói),Sinh lý nam,Dạng bột,1815000.0,Doppelherz,Đức,Đức,
Doppelherz Conceptive Women 10g bổ sung vitamin và các vi chất dinh dưỡng (30 gói),Sinh lý nữ,Dạng bột,1653000.0,Doppelherz,Đức,Đức,
Viên uống Blackmores Executive B Stress Formula hỗ trợ chức năng (62 viên),Thần kinh não,Viên nén,428000.0,Blackmores,Úc,Úc,5.0
Viên uống Blackmores Cholesterol Health hỗ trợ giảm cholesterol máu (60 viên),Giảm Cholesterol,Viên nang,548100.0,Blackmores,Úc,Úc,
"Viên uống Blackmores Bio Magnesium hỗ trợ cơ bắp, giảm triệu chứng tiền kinh nguyệt (100 viên)",Cải thiện tăng cường chức năng,Viên nén,668000.0,Blackmores,Úc,Úc,5.0
Viên uống Vân Mộc Hương Ladophar hỗ trợ giảm các triệu chứng rối loạn tiêu hóa (80 viên),Khó tiêu,Viên nén,18000.0,Ladophar,Việt Nam,Việt Nam,
"Bột uống Endokirogen 4g Nutrilinea bổ sung inositol, hỗ trợ sức khỏe cho phụ nữ trước khi mang thai (30 gói)",Vitamin & Khoáng chất,Dạng bột,1040000.0,,Ý,Ý,
Viên uống High Strength Ginkgo Biloba 2000mg hỗ trợ tăng cường tuần hoàn não (120 viên),Bổ não - cải thiện trí nhớ,Viên nén bao phim,451000.0,Nature's way,Úc,Úc,
Viên uống Hair Plus Doppelherz Aktiv bổ sung vitamin và khoáng chất (2 vỉ x 15 viên),Tóc,Viên nén,535000.0,Doppelherz,,Đức,
Sữa bột Delimil Pedia Plus 400g dinh dưỡng công thức cho trẻ từ 6 - 12 tháng,Sữa,Dạng bột,282000.0,Deli,Việt Nam,Việt Nam,
Viên uống Zincodin Doppelherz Aktiv bổ sung kẽm và L-histidine (3 vỉ x 10 viên),Bổ sung Kẽm & Magie,Viên nén,216000.0,Doppelherz,,Đức,
"Viên uống Liver Complex Doppelherz Aktiv hỗ trợ thanh nhiệt, tăng cường giải độc gan (3 vỉ x 10 viên)",Chức năng gan,Viên nang,349000.0,Doppelherz,,Đức,5.0
Viên sủi A-Z Fizz Doppelherz Aktiv bổ sung vitamin và khoáng chất (13 viên),Vitamin tổng hợp,Viên sủi,77000.0,Doppelherz,Đức,Đức,
Viên ngậm Lady Night Đắk Tín hỗ trợ tăng cường nội tiết tố nữ (2 vỉ x 4 viên),Sinh lý nữ,Viên nén,280000.0,Đắk Tín,Việt Nam,Việt Nam,
"Viên uống OsteoBlast Henry Blooms bổ sung Canxi, Vitamin D3 và khoáng chất thiết yếu (60 viên)",Bổ sung Canxi & Vitamin D,Viên nén,370000.0,Henry Blooms,Úc,Úc,4.5
Viên uống Women's Multivitamin With Probiotics Henry Blooms cung cấp năng lượng và chất dinh dưỡng cần thiết (30 viên),Vitamin tổng hợp,Viên nén,500000.0,Henry Blooms,Úc,Úc,5.0
Viên uống Men's Multivitamin With Probiotics Henry Blooms cung cấp năng lượng và chất dinh dưỡng cần thiết (30 viên),Vitamin tổng hợp,Viên nang,500000.0,Henry Blooms,Úc,Úc,5.0
"Viên uống Liver Detox 1-A-Day Henry Blooms hỗ trợ giải độc gan, bảo vệ gan (60 viên)",Chức năng gan,Viên nén,580000.0,Henry Blooms,Úc,Úc,5.0
Viên uống Ginkgo And Brahmi 3000 Henry Blooms hỗ trợ hoạt huyết (60 viên),Bổ não - cải thiện trí nhớ,Viên nang,570000.0,Henry Blooms,Úc,Úc,4.5
"Viên uống Glucosamine 1500 Plus Henry Blooms hỗ trợ tăng tiết dịch khớp, bảo vệ màng sụn khớp (90 viên)",Cơ xương khớp,Viên nén,750000.0,Henry Blooms,Úc,Úc,5.0
"Siro Brauer Kids Manuka Honey Chesty Cough hỗ trợ tăng cường sức đề kháng, hạn chế ho nhiều (100ml)","Hô hấp, ho, xoang",Dung dịch,268000.0,Brauer,Úc,Úc,
"Siro Brauer Kids Liquid Growth Support For Kids bổ sung canxi, vitamin và khoáng chất (200ml)",Bổ sung Canxi & Vitamin D,Dung dịch,380000.0,Brauer,Úc,Úc,5.0
"Siro Brauer Baby Kids Liquid bổ sung vitamin C, tăng cường sức đề kháng cho cơ thể (100ml)",Vitamin C các loại,Dung dịch,350100.0,Brauer,Úc,Úc,5.0
"Viên uống Bổ Phổi AC Á Châu hỗ trợ điều trị viêm phổi, viêm phế quản, ho, tổn thương phổi (30 viên)","Hô hấp, ho, xoang",Viên nang,39000.0,Á Châu,Việt Nam,Việt Nam,
"Viên uống Activated Curcumin Clinical Strength hỗ trợ giảm các triệu chứng viêm khớp, thoái hóa khớp (30 viên)",Cơ xương khớp,Viên nén bao phim,505000.0,Nature's way,Úc,Úc,
Viên uống Restore Daily Probiotic bổ sung vi khuẩn có lợi hỗ trợ duy trì sức khỏe đường tiêu hóa (28 viên),Vi sinh - Probiotic,Viên nang,401000.0,Nature's way,Úc,Úc,
Kẹo dẻo Vitamin C Vita Gummies Nature's Way vị cam hỗ trợ và duy trì hệ miễn dịch khỏe mạnh (120 viên),Vitamin C các loại,Viên nhai,339000.0,Nature's way,Úc,Úc,5.0
Viên nhai Vita Gummies Vitamin D3 1000IU Nature's Way hỗ trợ giúp hấp thu canxi (120 viên),Bổ sung Canxi & Vitamin D,Viên nhai,339000.0,Nature's way,Úc,Úc,
"Sữa Boost Optimum Nestlé bổ sung vitamin, khoáng chất cho cơ thể (800g)",Sữa,Dạng bột,752000.0,Nestlé,Thụy Sĩ,Thụy Sĩ,5.0
Viên sủi Enervon Plus Effervescent C.Hedenkamp bổ sung Vitamin và khoáng chất cho cơ thể (10 viên),Vitamin tổng hợp,Viên sủi,71000.0,C.Hedenkamp,Đức,Đức,
Siro Kinder Immune Doppelherz Aktiv cung cấp các vitamin và khoáng chất (150ml),Vitamin tổng hợp,Siro,389000.0,Doppelherz,Đức,Đức,
Viên uống Hồng Sâm Hàn Quốc Shinsam Shinpoong Deawoo hỗ trợ tăng cường sức khỏe (180 viên),Cải thiện tăng cường chức năng,Viên nén,1090000.0,Shinpoong Deawoo,,Việt Nam,5.0
Viên uống Hồng Sâm Hàn Quốc Shinsam Shinpoong Deawoo hỗ trợ tăng cường sức khỏe (30 viên),"Tăng sức đề kháng, miễn dịch",Viên nén,199000.0,Shinpoong Deawoo,Việt Nam,Việt Nam,5.0
Sữa Anmum hương sô cô la bổ sung dinh dưỡng cho phụ nữ mang thai và cho con bú (400g),Sữa,Dạng bột,224000.0,Fonterra Brands,Malaysia,Malaysia,
Sữa Anmum hương vani bổ sung dinh dưỡng cho phụ nữ mang thai và cho con bú (400g),Sữa,Dạng bột,209000.0,Fonterra Brands,Malaysia,Malaysia,5.0
"Sữa Abbott Ensure Gold hương vani ít ngọt bổ sung dinh dưỡng đầy đủ, vitamin (850g)",Sữa,Dạng bột,876000.0,Abbott,Hoa Kỳ,Singapore,5.0
Men vi sinh Golden Lab Cell Biotech hỗ trợ cân bằng hệ vi sinh đường ruột (20 gói x 2g),Vi sinh - Probiotic,Dạng bột,190000.0,Cell Biotech,Hàn Quốc,Hàn Quốc,
Viên uống S MaxMove USV Pharma hỗ trợ giảm đau khớp xương (3 vỉ x 10 viên),Cơ xương khớp,Viên nén,301000.0,Usv Pharma,Hoa Kỳ,Hoa Kỳ,
"Viên uống Tuệ Linh hỗ trợ giải độc gan, bảo vệ gan (60 viên)",Chức năng gan,Viên nén bao phim,195000.0,Tuệ Linh,,Việt Nam,5.0
"Dung dịch Möller’s Tran hương chanh giúp tăng cường hệ miễn dịch, cải thiện thị lực, trí não (250ml)","Dầu cá, Omega 3, DHA",Dung dịch,469000.0,,Na Uy,Na Uy,5.0
"Viên uống Evaskin 35 GMP tăng tính đàn hồi, giảm nếp nhăn trên da (3 vỉ x 10 viên)",Da,Viên nang,1377000.0,Gmp,Hoa Kỳ,Hoa Kỳ,5.0
"Viên uống Liên Tâm An IPHA dưỡng tâm an thần, hỗ trợ ngủ lâu, sâu giấc (30 viên)",Hỗ trợ giấc ngủ ngon,Viên nén,168000.0,IPHA,Việt Nam,Việt Nam,5.0
"Hoàn cứng Tiêu Phong Nhuận Gan Ngọc Liên giúp thanh nhiệt, mát gan (10 gói x 4g)",Chức năng gan,Hoàn cứng,28000.0,Ngọc Liên,Việt Nam,Việt Nam,4.0
"Viên Giấp Cá Extra Hoàng Liên hỗ trợ người bị trĩ, táo bón, tĩnh mạch yêu, dễ vỡ (3 vỉ x 10 viên)",Hỗ trợ điều trị trĩ,Viên nén bao phim,104500.0,Hoàng Liên,Việt Nam,Việt Nam,5.0
"Viên nén Seacan Traphaco bổ sung Canxi, Vitamin K2 và Vitamin D3 (60 viên)",Bổ sung Canxi & Vitamin D,Viên nén bao phim,90000.0,Traphaco,Việt Nam,Việt Nam,
Viên uống Keo Ong Xanh Propolis Tracybee bổ sung kháng thể tự nhiên của keo ong (30 viên),"Hô hấp, ho, xoang",Viên nang mềm,175000.0,Tracybee,Việt Nam,Brasil,
"Sữa bột Ensure Gold Abbott hương lúa mạch bổ sung dinh dưỡng, vitamin, khoáng chất cho cơ thể (850g)",Sữa,Dạng bột,860000.0,Abbott,Hoa Kỳ,Singapore,5.0
Viên uống Ginkgo Q10 ISO Pharco hỗ trợ tăng cường tuần hoàn máu (10 vỉ x 10 viên),Bổ não - cải thiện trí nhớ,Viên nang mềm,58000.0,Iso Pharco,Việt Nam,Việt Nam,5.0
"Bột nước mát Herbal Cool thanh nhiệt, mát gan, lợi tiểu (10 gói)",Chức năng gan,Dạng bột,35000.0,Herbal 5,Việt Nam,,4.0
"Bột thảo mộc Thanh Nhiệt ADC lợi tiểu, mát gan, giảm loét miệng (10 gói x 8g)",Chức năng gan,Dạng bột,40000.0,ADC,Việt Nam,Việt Nam,
"Viên nhai Nat C Yummy Gummyz bổ sung Vitamin C hằng ngày, giúp tăng cường sức đề kháng (25 túi)",Vitamin C các loại,Viên nhai,115000.0,MEGA We care,Thái Lan,Thái Lan,
Viên uống Hoạt Huyết Bổ Máu Đại Bắc tăng cường lưu thông máu (2 vỉ x 15 viên),Bổ não - cải thiện trí nhớ,Viên bao phim,77000.0,Đại Bắc,Việt Nam,Việt Nam,
"Sữa bột Ensure Gold Abbott hương vani bổ sung dinh dưỡng, vitamin, khoáng chất cho cơ thể (850g)",Sữa,Dạng bột,849000.0,Abbott,Hoa Kỳ,Singapore,5.0
"Sữa bột Ensure Gold Abbott hương vani bổ sung dinh dưỡng, vitamin, khoáng chất cho cơ thể (400g)",Sữa,Dạng bột,396000.0,Abbott,Hoa Kỳ,Singapore,5.0
Viên uống Omega-3 Fish Oil 1000mg Sirio Pharma tốt cho tim mạch (100 viên),"Dầu cá, Omega 3, DHA",Viên nang mềm,123000.0,Sirio Pharma,Hoa Kỳ,Hoa Kỳ,4.6
"Viên uống Aloe Vera giúp chống oxy hoá, hạn chế lão hóa (100 viên)",Da,Viên nang mềm,129000.0,USmart,Hoa Kỳ,Hoa Kỳ,5.0
"Viên nang Zi Q Zifam hạn chế quá trình lão hoá, giảm nguy cơ tim mạch do xơ vữa động mạch (1 vỉ x 10 viên)",Sức khoẻ tim mạch,Viên nang mềm,163000.0,ZIFAM,Úc,Úc,5.0
"Viên uống ngừa mụn An Bảo Nam Dược sạch mụn, chống thâm, mờ sẹo (30 viên)",Da,Viên nang,58000.0,Nam Dược,Việt Nam,Việt Nam,4.8
Bột Proxerex Sigma-tau HealthScience tăng cường sinh lực nam giới (30 gói x 6g),Sinh lý nam,Dạng bột,1315000.0,E-Pharma Trento,Hàn Quốc,Ý,5.0
"Dung dịch Ionic Magnesium 400mg hỗ trợ bổ sung các ion vi lượng, giảm stress (118ml)",Bổ sung Kẽm & Magie,Dung dịch,473000.0,Trace Minerals Research,Hoa Kỳ,Hoa Kỳ,
Viên uống Oligokare Ahaan Healthcare điều trị hiếm muộn ở nam giới (3 vỉ x 10 viên),Sức khoẻ tình dục,Viên nang,381000.0,Ahaan Healthcare,Ấn Độ,Ấn Độ,5.0
Viên uống Sb bổ sung Phytoestrogen dạng Aglycone tăng sinh lý nữ (3 vỉ x 10 viên),Cân bằng nội tiết tố,Viên nang,214000.0,Phyto,,Việt Nam,
"Siro Grow Gold G&P giúp ăn ngon, khắc phục biếng ăn, phát triển chiều cao (20 ống x 10ml)",Hỗ trợ trao đổi chất,Dung dịch,71000.0,G&P France,Việt Nam,Việt Nam,
Dung dịch uống Vitar-Junior Boston bổ sung Acid Amin và Vitamin cho cơ thể (4 vỉ x 5 ống x 10 ml),Hỗ trợ tiêu hóa,Dung dịch,71000.0,Boston,Việt Nam,Việt Nam,5.0
"Dung dịch Aquadrin Balancepharm bổ sung Vitamin D3, ngăn ngừa còi xương, chậm lớn (10ml)",Bổ sung Canxi & Vitamin D,Dung dịch uống,48000.0,Balancepharm,Việt Nam,Việt Nam,5.0
"Cốm hòa tan Canxi Baby New G&P France chống còi xương, phát triển chiều cao trẻ em (30 gói x 3g)",Bổ sung Canxi & Vitamin D,Cốm,127000.0,G&P France,Việt Nam,Việt Nam,
"Viên uống Khớp An Plus Nanofrance hoạt huyết, mạnh gân xương (2 vỉ x 10 viên)",Cơ xương khớp,Viên nén bao phim,127000.0,NanoFrance,,Việt Nam,
Viên sủi Haas Multi-Vitamin Effer-Vescent Tablets hương cam tăng sức đề kháng (20 viên),Vitamin tổng hợp,Viên sủi,50000.0,Haas,Hungary,Hungary,4.5
Viên uống Prostacalm Doppelherz Aktiv ngăn ngừa và hạn chế phát triển của u xơ (30 viên),"Thận, tiền liệt tuyến",Viên nang,349000.0,Doppelherz,Đức,Đức,
"Sữa bột Ensure Gold Abbott hương vani, ít ngọt, bổ sung dinh dưỡng, vitamin, khoáng chất cho cơ thể (400g)",Sữa,Dạng bột,401000.0,Abbott,Hoa Kỳ,Singapore,
Siro Yến Sào Ăn Ngủ Ngon Gold hỗ trợ bồi bổ sức khỏe (120ml),Hỗ trợ giấc ngủ ngon,Dung dịch,69000.0,G&P France,Việt Nam,Việt Nam,
"Siro Grow Nano G&P giúp trẻ phát triển hệ xương, tăng cường đề kháng (20 ống x 10ml)","Tăng sức đề kháng, miễn dịch",Dung dịch,69000.0,G&P France,Việt Nam,Việt Nam,5.0
"Viên uống Định Tâm An Giấc HVQY hỗ trợ an thần, ngủ ngon giấc (30 viên)",Hỗ trợ giấc ngủ ngon,Viên nang,275000.0,HVQY,Việt Nam,Việt Nam,5.0
Viên uống Primalis Berlin giúp cải thiện các triệu chứng rối loạn tiểu tiện (2 vỉ x 15 viên),"Thận, tiền liệt tuyến",Viên nang mềm,428000.0,Berlin,Đức,Đức,5.0
"Viên uống Arginine 500 Gia Nguyễn bổ gan, bảo vệ tế bào gan, tăng cường giải độc của gan (60 viên)",Chức năng gan,Viên nang mềm,160000.0,,Việt Nam,Việt Nam,
Viên nhai Kids Calcium+D3 Corbiere Sanofi giúp xương chắc khỏe (30 viên),Bổ sung Canxi & Vitamin D,Viên nhai,203000.0,Sanofi,Pháp,Úc,5.0
"Siro Kinder Active D3 Drops Doppelherz Aktiv bổ sung vitamin D3, tăng cường sức đề kháng (30ml)",Bổ sung Canxi & Vitamin D,Dung dịch uống,226000.0,Doppelherz,Đức,Đức,5.0
Viên uống Vitamin 3B USAPHA bổ sung Vitamin B cho cơ thể (5 vỉ x 10 viên),Vitamin tổng hợp,Viên nang mềm,50000.0,Usa pharma,Việt Nam,Việt Nam,5.0
Sữa Similac Alimentum Abbott bổ sung dinh dưỡng cho trẻ dị ứng đạm sữa (400g),Sữa,Dạng bột,348000.0,Abbott,Hoa Kỳ,Việt Nam,
Sữa ColosBaby Vitadairy bổ sung sữa non Mỹ giúp hệ miễn dịch khỏe mạnh (Lốc 4 hộp),Sữa,Dung dịch uống,39600.0,VITADAIRY,Việt Nam,Việt Nam,
"Sữa bột Gluvita Gold Vitadairy bổ sung dinh dưỡng cho người đái tháo đường, tiền đái tháo đường (400g)",Sữa,Dạng bột,276000.0,VITADAIRY,Việt Nam,Việt Nam,
"Viên uống Chela-Ferr Forte Olimp Laps bổ sung sắt, hỗ trợ cải thiện thiếu máu (30 viên)","Tăng sức đề kháng, miễn dịch",Viên nang,280000.0,Olimp Labs,Ba Lan,Ba Lan,5.0
"Dung dịch Kinder Optima Doppelherz Aktiv cung cấp L-lysine, một số vitamin và khoáng chất (100ml)",Hỗ trợ trao đổi chất,Dung dịch uống,304000.0,Doppelherz,Đức,Đức,5.0
"Viên uống Pulmasol Plus Fuma hỗ trợ giảm ho, giảm đờm (30 viên)","Hô hấp, ho, xoang",Viên nang cứng,185000.0,Fuma,Việt Nam,Việt Nam,
"Viên uống Ferrumplus PharmaLinea bổ sung sắt, acid folic và các vitamin (2 vỉ x 15 viên)",Vitamin tổng hợp,Viên nang,280000.0,,,Slovenia,
"Dung dịch Kinder Calciovin Liquid Doppelherz Aktiv bổ sung canxi, magie và các vitamin (200ml)",Vitamin & Khoáng chất,Dung dịch uống,450000.0,Doppelherz,Đức,Đức,
"Sữa Similac Neosure 370g đặc chế cho trẻ sinh non, nhẹ cân từ 0 - 12 tháng",Sữa,Dạng bột,270000.0,Abbott,Hoa Kỳ,Tây Ban Nha,
Siro Kinder Omega-3 Syrup Doppelherz Aktiv hỗ trợ phát triển não bộ (250ml),Bổ não - cải thiện trí nhớ,Siro,477000.0,Doppelherz,,Đức,
"Viên uống Pharmaton Essential Multivitamins Minerals hỗn hợp Vitamin và khoáng chất, tăng cường sức khỏe (30 viên)",Vitamin tổng hợp,Viên nén,160160.0,Sanofi,Pháp,Ý,5.0
Sữa bột Similac 1 Abbott bổ sung dinh dưỡng cho trẻ 0 - 6 tháng (400g),Sữa,Dạng bột,275000.0,Abbott,Hoa Kỳ,Hoa Kỳ,5.0
"Sữa bột Similac 2 Abbott phát triển não bộ, tăng miễn dịch, hỗ trợ tiêu hóa cho trẻ 6 - 12 tháng (400g)",Sữa,Dạng bột,269000.0,Abbott,Hoa Kỳ,Hoa Kỳ,5.0
Sữa bột Similac 3 Abbott bổ sung dinh dưỡng cho trẻ 1 - 2 tuổi (400g),Sữa,Dạng bột,240000.0,Abbott,Hoa Kỳ,Hoa Kỳ,
Sữa bột Similac 4 Abbott bổ sung dinh dưỡng cho trẻ 2 - 6 tuổi (900g),Sữa,Dạng bột,462000.0,Abbott,Hoa Kỳ,Hoa Kỳ,
"Thuốc Nady-Dapag 10 Nadyphar điều trị đái tháo đường tuýp 2, kiểm soát đường huyết (3 vỉ x 10 viên)",Hỗ trợ điều trị tiểu đường,Viên nén bao phim,,Nadyphar,Việt Nam,Việt Nam,
"Viên uống Bảo Phế Vương Quang Minh hỗ trợ thanh phế, giảm viêm, giảm đờm, giảm ho (20 viên)","Hô hấp, ho, xoang",Viên nén,,Á Âu,Việt Nam,Việt Nam,
"Viên uống Glutathione White 800 Rose Chem hỗ trợ giảm sạm da, nám da (60 viên)",Da,Viên nang,,Rose Chem,Hoa Kỳ,Việt Nam,4.2
Sữa Glucerna Abbott hương vani bổ sung dinh dưỡng đặc biệt cho người đái tháo đường (1 lốc x 6 chai),Sữa,Dung dịch uống,,Abbott,Hoa Kỳ,Hoa Kỳ,5.0
"Sữa nghệ Dr. Celine Turmeric Gold Healthcare hỗ trợ giảm các tác nhân gây đau dạ dày, tá tràng (900g)",Sữa,Dạng bột,,Healthcare,Việt Nam,Việt Nam,
Viên uống Nga Phụ Khang hỗ trợ giảm tiến triển của u nang buồng trứng (2 lọ x 180 viên),Cân bằng nội tiết tố,Viên nang,,Nga Phụ Khang,Việt Nam,Việt Nam,
"Viên uống Hồng Mạch Khang hoạt huyết, tăng cường lưu thông máu (3 vỉ x 10 viên)",Bổ não - cải thiện trí nhớ,Viên nén,,Trung Mỹ,Việt Nam,Việt Nam,
"Viên uống Kukumin IP hỗ trợ giảm triệu chứng đau rát thượng vị, ợ nóng, trào ngược (2 vỉ x 10 viên)","Dạ dày, tá tràng",Viên nén bao phim,,Quang Minh,Việt Nam,Việt Nam,5.0
"Xịt họng Bổ Phế Nam Hà dịu họng tức thì, giảm ho, long đờm, giảm co thắt (30ml)","Hô hấp, ho, xoang",Dạng xịt,,Nam Hà,Việt Nam,Việt Nam,
"Dung dịch Masvitam Magnesium + Vit C + Vic B6 150ml bổ sung Magnesium, Vitamin C và Vitamin B6 cho cơ thể","Tăng sức đề kháng, miễn dịch",Dung dịch,,,Tây Ban Nha,Tây Ban Nha,
"Sữa Dr. Celine Newborn IQ Step 3 tăng cường miễn dịch, sức khỏe đường ruột cho trẻ (900g)",Sữa,Dạng bột,,Healthcare,Việt Nam,Việt Nam,
"Bột dinh dưỡng y học Prother 10g Biodue Spa điều trị giảm khối lượng cơ do suy dinh dưỡng, lão hóa (30 gói)",Cơ xương khớp,Bột,,,Ý,Ý,
Thực phẩm bảo vệ sức khoẻ Cardioace bổ sung vitamin và khoáng chất cần thiết (2 vỉ x 15 viên),Sức khoẻ tim mạch,Viên nén,,Vitabiotics,Anh,Anh,
"Viên uống Wellman Original Vitabiotics bổ sung vitamin, khoáng chất, hỗ trợ tăng cường sức khỏe cho nam giới (2 vỉ x 15 viên)","Tăng sức đề kháng, miễn dịch",Viên nén,,Vitabiotics,Anh,Anh,
"Sữa Oral Impact Powder bổ sung dinh dưỡng, tăng cường miễn dịch trước và sau phẫu thuật (5 gói x 74g)",Sữa,,,,,,
Sữa FontActiv Complete hỗ trợ bổ sung dinh dưỡng cho cơ thể (400g),Sữa,,,,Tây Ban Nha,Tây Ban Nha,
"Sữa ColosBaby Bio Gold 0+ tăng cường miễn dịch, hỗ trợ tiêu hóa cho trẻ từ 0 - 12 tháng (800g)",Sữa,Dạng bột,,VITADAIRY,Việt Nam,Việt Nam,
Viên uống Cudo Forte La Renon hỗ trợ điều trị bệnh thận mạn tính (3 hộp lẻ x 10 viên),"Thận, tiền liệt tuyến",Viên nang,,La Renon,Ấn Độ,Ấn Độ,
"Men vi sinh Tenbimus 10ml Global Pharm bổ sung 10 chủng lợi khuẩn, cải thiện đường ruột",Vi sinh - Probiotic,Dung dịch uống,,Global Pharm,Hoa Kỳ,Ba Lan,
"Bột pha Pac-Control C.Hedenkamp giúp lợi tiểu, hỗ trợ giảm nguy cơ viêm đường tiết niệu (10 gói)","Thận, tiền liệt tuyến",Dạng bột,,C.Hedenkamp,Đức,Đức,
Viên uống Ckolin Ginkgo Biloba 100mg Kenpharma tăng cường tuần hoàn não (30v),Tuần hoàn máu,Viên nang,,KEN PHARMA,Pháp,Pháp,
"Cốm Subạc Á Âu hỗ trợ tăng đề kháng, lành vết thương (15 gói)",Vitamin & Khoáng chất,Cốm pha dung dịch uống,,Á Âu,Việt Nam,Việt Nam,
Viên uống Provibiol Headsup RASI tăng cường tuần hoàn máu não (60 viên),Bổ não - cải thiện trí nhớ,Viên nén,,,Hoa Kỳ,Hoa Kỳ,
"Bột uống Menfelix Hepharco cung cấp các dưỡng chất, hỗ trợ tăng cường sinh lý nam (30 gói)",Sinh lý nam,,,hepharco,Việt Nam,Việt Nam,
"Cao Vị Nhân Đại Phú hỗ trợ cho phụ nữ mắc u xơ, u nang lành tính (1 lọ)",Sinh lý - Nội tiết tố,,,Đại Phú,Việt Nam,Việt Nam,5.0
Bột Andrositol Plus Lo.li Pharma hỗ trợ tăng cường sức khỏe sinh lý cho nam giới (14 gói),Sinh lý nam,,,,Ý,Ý,
"Viên uống X7-Care 1600mg Olympian tăng cường tái tạo sụn, hỗ trợ sản sinh chất hoạt dịch cho khớp (60 viên)",Cơ xương khớp,,,,,Hoa Kỳ,
"Viên uống Chilidol Smard hỗ trợ giảm ho, giảm đờm, giảm đau họng (3 vỉ x 10 viên)","Hô hấp, ho, xoang",Viên nén,,,Việt Nam,Việt Nam,5.0
"Viên dầu tỏi tía Garlic Oil Kingphar hỗ trợ tăng đề kháng, hạ mỡ máu (100 viên)",Cải thiện tăng cường chức năng,,,Kingphar,,Việt Nam,5.0
"Viên uống KidMega UBB bổ sung DHA & EPA, giúp bổ não, tốt cho mắt (60 viên)","Dầu cá, Omega 3, DHA",Viên nang mềm,,UBB,Hoa Kỳ,Hoa Kỳ,4.6
Viên uống Ginko-E Plus UBB tăng cường tuần hoàn máu (60 viên),Thần kinh não,Viên nang,,UBB,Hoa Kỳ,Hoa Kỳ,
"Viên uống Sheep Placenta & Collagen Kingphar hỗ trợ làm giảm và mờ vết thâm nám, tàn nhang (60 viên)",Hỗ trợ làm đẹp,Viên nang,,Kingphar,Việt Nam,Việt Nam,
Viên uống Cartiligins UBB giảm đau nhức xương khớp (100 viên),Cơ xương khớp,Viên nang mềm,,UBB,Hoa Kỳ,Hoa Kỳ,
"Viên uống Hair Tonic Rosabela chống rụng tóc, hói đầu (100 viên)",Tóc,Viên nang,,Hadiphar,Việt Nam,Việt Nam,
"Cốm hô hấp Bảo Khí Nhi Plus IMC hỗ trợ giảm đờm, ho, khó thở (14 gói)","Hô hấp, ho, xoang",Cốm,,IMC,Việt Nam,Việt Nam,
"Dung dịch Thiên Môn Bổ Phổi Bình Đông giúp giảm ho, bổ phổi (90ml)","Hô hấp, ho, xoang",Dung dịch,,Bình Đông,Việt Nam,Việt Nam,5.0
"Viên uống Healthy Joint Plus hỗ trợ giảm các chứng đau do thoái hóa khớp, bổ sung dịch khớp (120 viên)",Cơ xương khớp,Viên nang,,Propharms,Hoa Kỳ,Hoa Kỳ,
"Viên uống AcneTeen bổ sung Vitamin, khoáng chất cần thiết cho cơ thể (3 vỉ x 10 viên)",Da,Viên nang,,Usv Pharma,Hoa Kỳ,Hoa Kỳ,4.0
"Viên uống Minh Thông Vương IMC hỗ trợ giảm xơ vữa động mạch, tai biến (2 vỉ x 10 viên)",Thần kinh não,Viên bao,,IMC,Việt Nam,Việt Nam,
"Viên uống Möller’s Dobbel hỗ trợ lên hệ tim mạch, thần kinh, thị lực (112 viên)","Dầu cá, Omega 3, DHA",Viên nang mềm,,,Na Uy,Na Uy,
"Viên uống Tố Nữ Nhất Nhất giúp điều hòa kinh nguyệt, hạn chế các chứng tiền mãn kinh (1 vỉ x 10 viên)",Hỗ trợ mãn kinh,Viên nén bao phim,,Nhất Nhất,Việt Nam,Việt Nam,5.0
Bột pha Oresol Phong Phú Q8 PPI giúp bù nước và chất điện giải (100 gói),Vitamin & Khoáng chất,Dạng bột,,Phong Phú,Việt Nam,Việt Nam,
"Viên uống Eye Vital Doppelherz Aktiv cung cấp dưỡng chất giúp tăng cường thị giác, chống mỏi mắt (30 viên)","Bổ mắt, bảo vệ mắt",Viên nang,,Doppelherz,Đức,Đức,5.0
"Siro Codatux Daily ADC bổ sung vitamin C, ngừa và giảm ho, đau rát họng (30 gói)","Hô hấp, ho, xoang",Siro,,ADC,Việt Nam,Việt Nam,
"Viên Gout Kingphar giúp bổ thận, lợi tiểu (40 viên)",Hỗ trợ điều trị gout,Viên nén,,Kingphar,Việt Nam,Việt Nam,
"Viên uống Compound Lutein UBB bảo vệ mắt, chống lão hóa, chống ánh sáng xanh (60 viên)","Bổ mắt, bảo vệ mắt",Viên nang mềm,,UBB,Hoa Kỳ,Hoa Kỳ,
"Viên uống Pharhamaxe G2 bổ sung Vitamin, khoáng chất, giúp bổ não tăng cường tuần hoàn não (30 viên)",Bổ não - cải thiện trí nhớ,Viên nang mềm,,Tuệ Linh,Việt Nam,Việt Nam,
Viên uống A-Z Depot Doppelherz Aktiv bổ sung vitamin và khoáng chất (3 vỉ x 10 viên),Vitamin & Khoáng chất,Viên nén,,Doppelherz,Đức,Đức,5.0
"Viên uống Liver Plus UBB tăng cường chức năng gan, bảo vệ tế bào gan (60 viên)",Chức năng gan,Viên nang mềm,,UBB,Hoa Kỳ,Hoa Kỳ,5.0
"Viên uống Ultimate Nutrition DHEA cải thiện tình trạng nội tiết tố, tăng sinh lý (100 viên)",Sinh lý - Nội tiết tố,Viên nén,,ULTIMATE,Hoa Kỳ,Hoa Kỳ,5.0
Viên uống Sante Lutax 20 bổ sung dưỡng chất thiết yếu giúp đôi mắt sáng (3 vỉ x 10 viên),"Bổ mắt, bảo vệ mắt",Viên nang mềm,,Santen,Nhật Bản,Nhật Bản,
"Siro Ho Người Lớn FidoPharm giúp thanh phế, giảm ho (90ml)","Hô hấp, ho, xoang",Dung dịch,,FIDOPHARM,Việt Nam,Việt Nam,
"Men vi sinh Kidlac Cell Biotech giúp đường ruột khỏe mạnh, hấp thu tốt hơn (60 gói)",Vi sinh - Probiotic,,,,Hàn Quốc,Hàn Quốc,
Viên uống HP Max Vinacom giảm các tác nhân gây viêm loét dạ dày - tá tràng (5 vỉ x 12 viên),"Dạ dày, tá tràng",Viên nang,,Vinacom,Việt Nam,Việt Nam,
Cốm ColosMAX Q10 Gold QD-Meliphar bổ sung sữa non và vi chất dinh dưỡng cho trẻ nhỏ (20 gói),Dinh dưỡng trẻ em,Cốm,,QD-Meliphar,Việt Nam,Việt Nam,5.0
"Viên uống Bepanthen 100mg Smard hỗ trợ giảm rụng tóc, khỏe chân tóc, móng chắc khỏe (2 vỉ x 10 viên)",Tóc,Viên nén,,Smard,Việt Nam,Đức,
"Viên ngậm An Phế Khang bổ phế, hỗ trợ trừ ho, long đờm (30g)","Hô hấp, ho, xoang",,,Truepharmco,,Việt Nam,
"Viên uống Esunvy giảm mụn trứng cá, giảm vết thâm (30 viên)",Da,Viên nang,,Esunvy,Việt Nam,Việt Nam,5.0
Viên uống SanteLutax 15 + Vitamin & Mineral Santen bổ sung dưỡng chất thiết yếu giúp đôi mắt sáng (9 vỉ x 10 viên),"Bổ mắt, bảo vệ mắt",Viên nang,,Santen,Nhật Bản,Nhật Bản,5.0
Sữa Forticare Nutricia hương cam bổ sung dinh dưỡng cho cơ thể (4 chai x 125ml),Sữa,,,Nutricia,Hà Lan,Hà Lan,
"Viên uống Double Good IQ Thái Vạn Xuân hoạt huyết dưỡng não, tăng cường thị lực (30 viên)",Cải thiện tăng cường chức năng,,,Thái Vạn Xuân,Việt Nam,Việt Nam,5.0
Viên uống Đại Tràng Phương Đông giảm các triệu chứng viêm đại tràng cấp và mãn tính (3 vỉ x 10 viên),Đại tràng,Viên nén bao phim,,An Châu,Việt Nam,Việt Nam,5.0
"Viên Gai Cốt Linh Chi Vĩnh Xuân hỗ trợ giảm các triệu chứng viêm khớp, đau nhức tay chân (120 viên)",Cơ xương khớp,Viên nén,,Vĩnh Xuân,Việt Nam,Việt Nam,
Sữa FortiCare Nutricia vị Cappuccino dành cho người bệnh ung thư (4 chai x 125ml),Sữa,,,Nutricia,Hà Lan,Hà Lan,
"Viên uống Super Man G&P France bổ thận, tráng dương, tăng cường sinh lý ở nam giới (1 vỉ x 10 viên)",Sinh lý nam,Viên nén,,G&P France,Việt Nam,Việt Nam,5.0
Siro PQA dùng cho người hen suyễn (125ml),"Hô hấp, ho, xoang",Dung dịch,,PQA,Việt Nam,Việt Nam,
Viên uống Heliocare Purewhite Radiance Max 240 làm sáng và ngăn ngừa lão hóa da (60 viên),Da,Viên nang,,,Tây Ban Nha,Tây Ban Nha,
"Siro Eugica Ivy MEGA We care hỗ trợ giảm ho, giảm đờm (100ml)","Hô hấp, ho, xoang",Dung dịch,,MEGA We care,Thái Lan,Thái Lan,5.0
"Bột Inofolic Italfarmaco hỗ trợ phục hồi hoạt động tự nhiên của buồng trứng, kích hoạt nội tiết tố nữ (20 gói)",Sinh lý nữ,Dạng bột,,Italfarmaco,Ý,Ý,5.0
"Viên uống Thịnh Dương Chủng Tử Hồng Phước bổ thận, tráng dương (3 vỉ x 10 viên)",Sức khoẻ tình dục,Viên nang,,Hồng Phước,Việt Nam,Việt Nam,5.0
"Viên uống Lipid Cleanz IMC hỗ trợ giảm cholesterol trong máu, giảm nguy cơ xơ vữa động mạch (3 vỉ x 10 viên)",Sức khoẻ tim mạch,Viên nén,,IMC,Việt Nam,Việt Nam,
"Viên Dầu Gấc PV hỗ trợ giúp làm sáng mắt, giảm khô mắt, mờ mắt, quáng gà (100 viên)","Bổ mắt, bảo vệ mắt",Viên nang mềm,,Phúc Vinh,Việt Nam,Việt Nam,
"Siro Pediakid Colicillus Bébé làm cân bằng hệ vi khuẩn tiêu hóa, tăng khả năng hấp thu thức ăn (10ml)",Vi sinh - Probiotic,Dung dịch,,Pediakid,Pháp,Pháp,
Viên uống Kiều Sắc TW3 giúp tăng cường nội tiết tố nữ (30 viên),Sinh lý - Nội tiết tố,Viên nang cứng,,Tw3,Việt Nam,Việt Nam,5.0
Bột pha Aminoleban Oral hỗ trợ bệnh nhân suy gan (10 gói x 50g),Chức năng gan,Dạng bọt,,THAI OTSUKA,,Thái Lan,
"Dung dịch Pedia Iron Drop giúp bổ sung sắt, bổ máu (30ml)",Bổ sung Sắt & Axit Folic,Dung dịch,,Bayshore Pharmaceuticals,Hoa Kỳ,Hoa Kỳ,
Sữa non Oceania Colostrum 820mg/45mg IgG Tablet hỗ trợ tăng cường sức đề kháng (90 viên),"Tăng sức đề kháng, miễn dịch",Viên nén,,Healthmate Nourishing Life,Úc,Úc,5.0
Viên uống Avisure Hi-Cal Trường Thọ Pharma bổ canxi và các dưỡng chất (60 viên),Bổ sung Sắt & Axit Folic,Viên nang cứng,,Trường Thọ Pharma,Việt Nam,Việt Nam,5.0
"Viên Nattokinase Jintan hỗ trợ điều trị tai biến, đột quỵ (60 gói)",Sức khoẻ tim mạch,Viên nén,,JINTAN,Nhật Bản,Nhật Bản,
"Dung dịch uống Special Kid Nervosite 125ml Eric Favre an thần, thư giãn thần kinh, giảm căng thẳng, lo âu",Thần kinh não,Dung dịch,,ERIC FAVRE® WELLNESS,Pháp,Pháp,
"Viên uống Ginkmixton Q10 New hoạt huyết dưỡng não, giảm đau đầu (3 vỉ x 10 viên)",Bổ não - cải thiện trí nhớ,,,,Việt Nam,Việt Nam,
"Viên uống Bách Thống Vương hỗ trợ giảm đau, tiêu sưng trong các chứng đau đầu (3 vỉ x 10 viên)",Sinh lý nữ,Viên nén,,Quang Minh,Việt Nam,Việt Nam,
"Viên uống Glutex Đông Tây hỗ trợ hạ, kiểm soát đường huyết (30 viên)",Hỗ trợ điều trị tiểu đường,Viên nén,,Đông Tây,Việt Nam,Việt Nam,5.0
"Viên uống Albuminvit 500mg Armephaco hỗ trợ, tăng cường chức năng gan (30 viên)",Chức năng gan,Viên nén,,Armephaco,Việt Nam,Việt Nam,
Bột Inotir Pharmarte hỗ trợ tăng khả năng mang thai tự nhiên (20 gói x 3g),Sinh lý - Nội tiết tố,Dạng bột,,Pharmarte,Ý,Ý,
"Dung dịch An Hầu Đan Kids hỗ trợ điều trị ho khan, ho có đờm, ho do cảm lạnh cho trẻ (2 vỉ x 5 ống x 10ml)","Hô hấp, ho, xoang",Dung dịch,,Kinh Đô,Việt Nam,Việt Nam,
"Men vi sinh Lackid Novarex bổ sung vi khuẩn có ích, vitamin, khoáng chất thiết yếu (30 gói x 3g)",Vi sinh - Probiotic,,,,Hàn Quốc,Hàn Quốc,
"Bột Pregnasitol Stragen hỗ trợ điều hòa chu kỳ kinh nguyệt, tăng khả năng thụ thai (60 gói)",Cân bằng nội tiết tố,Dạng bột,,,Pháp,Pháp,5.0
"Thuốc cốm Cinatrol Agimexpharm hỗ trợ điều trị chứng khó tiêu, trẻ sơ sinh ọc sữa (10 gói x 1,6g)",Khó tiêu,Cốm,,Agimexpharm,Việt Nam,Việt Nam,
"Viên uống Omega 3 1000mg Vitatree bổ sung dưỡng chất cho não, tăng thị lực mắt (100 viên)","Dầu cá, Omega 3, DHA",Viên nang,,Vitatree,Úc,Úc,5.0
"Viên nén Oncolysin Asia Europe giúp thanh nhiệt, giải độc cơ thể (3 vỉ x 10 viên)","Tăng sức đề kháng, miễn dịch",Viên nén,,Á Âu,Việt Nam,Việt Nam,5.0
Viên uống Hoạt Huyết Dưỡng Não DHG điều trị rối loạn tuần hoàn não (3 vỉ x 20 viên),Thần kinh não,Viên nén bao đường,,Dhg,Việt Nam,Việt Nam,5.0
"Viên uống Go Celery 16,000 hỗ trợ giảm uric acid, giảm triệu chứng sưng, đau do gout (60 viên)",Hỗ trợ điều trị gout,,,,,New Zealand,
Viên uống KosaeKing E 300mg Dolexphar tăng cường tuần hoàn não (10 vỉ x 10 viên),Thần kinh não,Viên nang mềm,,Dolexphar,Việt Nam,Việt Nam,
"Dung dịch xịt họng Dimao Baby Valens bổ sung vitamin D3, hỗ trợ phát triển chiều cao (25ml)",Bổ sung Canxi & Vitamin D,,,VALENS,Slovenia,Slovenia,
Men vi sinh Fermentix Phyto Garda tăng cường tiêu hóa (12 lọ x 10ml),Vi sinh - Probiotic,,,,,Ý,
"Viên sủi Bocalex Multi DHG bổ sung multivitamin, tăng sức đề kháng (20 viên)","Tăng sức đề kháng, miễn dịch",Viên sủi,,Dhg,Việt Nam,Việt Nam,5.0
"Hỗn dịch Calcium Kalxis X2 Viviphaco giảm còi xương, phát triển tốt chiều cao (20 gói x 10ml)",Bổ sung Canxi & Vitamin D,Hỗn dịch,,Viviphaco,Việt Nam,Việt Nam,
"Siro Vitatroplex Sanford Pharma kích thích ăn ngon, tăng cường cường hấp thu dưỡng chất (100ml)",Hỗ trợ tiêu hóa,Dung dịch,,Sanford Pharma,Việt Nam,Việt Nam,
"Viên uống Hoạt Huyết T-Đình G&P hỗ trợ điều trị đau đầu, đau nửa đầu, ổn định huyết áp (3 vỉ x 10 viên)",Thần kinh não,Viên nang,,Gpharm,Việt Nam,Việt Nam,5.0
"Viên uống Pynocare White hỗ trợ làm đẹp da, sáng da, tăng tính đàn hồi của da (3 vỉ x 10 viên)",Da,Viên nang mềm,,MEGA We care,Thái Lan,Thái Lan,5.0
Siro Nuzolex Chân Tâm bổ sung Vitamin và khoáng chất (120ml),Vitamin & Khoáng chất,,,,,Việt Nam,
"Viên uống Tamamino Tâm Minh bổ sung vitamin, tăng sức đề kháng (3 vỉ x 10 viên)",Cải thiện tăng cường chức năng,Viên nang mềm,,,Việt Nam,Việt Nam,
"Siro Vitemix Bimbi Concentrato Fluido Pharmalife bổ sung các Vitamin, Canxi cho cơ thể (200ml)",Vitamin tổng hợp,Dung dịch,,Pharmalife,Ý,Ý,
"Dung dịch uống Actisô hỗ trợ giải độc, mát gan (10 ống x 10ml)",Chức năng gan,Dung dịch,,Dhg,Việt Nam,Việt Nam,
Viên uống Eyelight Daily DHG ngăn lão hóa mắt (3 vỉ x 10 viên),"Bổ mắt, bảo vệ mắt",Viên nén,,Dhg,Việt Nam,Việt Nam,
"Viên uống Erekton Ultra Olimp hỗ trợ tăng tiết testosterone, tăng cường sức khỏe sinh lý nam giới (2 vỉ x 15 viên)",Sức khoẻ tình dục,,,,,Ba Lan,
Viên uống Venocap Plus Nature Gift LLC hỗ trợ tăng cường sức bền thành mạch (60 viên),Suy giãn tĩnh mạch,Viên nang,,Nature Gift LLC,Hoa Kỳ,Hoa Kỳ,
"Siro Boganic Kid 100ml Traphaco thanh nhiệt tiêu độc, mát gan, sinh tân dịch, lương huyết","Tăng sức đề kháng, miễn dịch",,,Traphaco,Việt Nam,Việt Nam,
"Sữa Abbott Similac Total Comfort 360g hỗ trợ tiêu hóa, hấp thụ cho trẻ từ 0-6 tháng",Sữa,Dạng bột,,Abbott,Hoa Kỳ,Hoa Kỳ,5.0
"Sữa Boost Optimum Nestlé bổ sung vitamin, khoáng chất cho cơ thể (400g)",Sữa,Dạng bột,,Nestlé,Thụy Sĩ,Thụy Sĩ,
Viên uống Natlipiz MEGA We care duy trì nồng độ cholesterol tốt trong máu (3 vỉ x 10 viên),Giảm Cholesterol,Viên nang mềm,,MEGA We care,Thái Lan,Thái Lan,
Sữa PediaSure Abbott hương vani bổ sung dinh dưỡng cho bé từ 1-10 tuổi (237ml),Sữa,,,Abbott,Hoa Kỳ,Hoa Kỳ,
"Viên uống Hoạt Huyết Cikan Anvy bền mạch, bổ tim, dưỡng não (4 vỉ x 10 viên)",Thần kinh não,Viên nén bao phim,,,Việt Nam,Việt Nam,
Viên uống Đỉnh Xuân Fusi cải thiện tình trạng rối loạn kinh nguyệt (2 vỉ x 10 viên),Sinh lý - Nội tiết tố,Viên nang,,Fusi,Việt Nam,Việt Nam,5.0
"Viên uống Chela-Calcium D3 280mg Olimp Labs bổ sung canxi và vitamin D3, giảm nguy cơ loãng xương (30 viên)",Bổ sung Canxi & Vitamin D,Viên nang,,Olimp Labs,Ba Lan,Ba Lan,
"Viên ngậm Zecuf Herbal Drops Sugar Free bổ phế, giảm ho (5 vỉ x 4 viên)","Hô hấp, ho, xoang",,,Unique Pharma,Ấn Độ,Ấn Độ,
"Dung dịch uống Avisure D3-MK7 Drops 800IU/45mcg Phương Đông bổ sung vitamin D3, vitamin K2 cho cơ thể (20ml)",Bổ sung Canxi & Vitamin D,Dung dịch,,Phương Đông,Việt Nam,Việt Nam,
"Dung dịch uống Avisure DHA Smart Kid 20ml Phương Đông hỗ trợ phát triển não bộ, thị lực cho trẻ",Bổ não - cải thiện trí nhớ,Dung dịch,,Phương Đông,Việt Nam,Việt Nam,
"NQV-Daily SG Tusa Pharma giúp chống oxy hoá, chống gốc tự do, hạn chế lão hoá (3 vỉ x 10 viên)",Da,Viên nén,,Tusa Pharma,Hoa Kỳ,USA,
Viên uống Estriona Menopause Vinta Pharma hỗ trợ hạn chế lão hóa và cải thiện nếp nhăn (60 viên),Sinh lý - Nội tiết tố,Viên nang,,Vinta Pharma,Úc,Úc,
"Viên uống NattoEnzym 1000 DHG tan cục máu đông trong lòng mạch, tăng tuần hoàn máu (60 Viên)",Thần kinh não,,,,,Việt Nam,
"Viên nang Kal Glu-Ts Medicure tăng cường sức đề kháng, hệ miễn dịch và chống lão hóa (3 vỉ x 10 viên)",Da,Viên nang,,Medicure,Thổ Nhĩ Kỳ,Thổ Nhĩ Kỳ,
"Viên uống Trường Xuân Vương Vesta hỗ trợ bổ thận, tráng dương (30 viên)",Sinh lý nam,,,Vesta,Việt Nam,Việt Nam,5.0
"Viên uống Vis Plus Hải Dương cung cấp dinh dưỡng cho mắt, tăng cường tuần hoàn máu não (3 vỉ x 10 viên)","Bổ mắt, bảo vệ mắt",,,Hải Dương,Việt Nam,Việt Nam,
"Thực phẩm bảo vệ sức khỏe X3-immune Thái Minh hỗ trợ tăng cường sức khỏe, giảm viêm đường hô hấp (30 viên)","Tăng sức đề kháng, miễn dịch",Viên nén,,Thái Minh,Việt Nam,Việt Nam,5.0
"Viên uống Nat C 1000 cung cấp vitamin C cho cơ thể, tăng cường sức đề kháng (60 viên)",Vitamin C các loại,Viên nén bao phim,,MEGA We care,Thái Lan,Thái Lan,1.0
"Viên uống Tubocal-S Lustrel bổ sung canxi, vitamin D3 và vitamin K2, giúp xương và răng chắc khỏe (4 vỉ x 15 viên)",Bổ sung Canxi & Vitamin D,Viên nang cứng,,LUSTREL,Pháp,Pháp,5.0
"Viên nén Kim Thần Khang Á Âu dùng cho người suy nhược thần kinh, rối loạn lo âu (90 viên)",Kiểm soát căng thẳng,Viên nén,,Á Âu,Việt Nam,Việt Nam,5.0
"Viên uống Vitamin C 50mg bổ sung vitamin C, hỗ trợ tăng cường sức đề kháng (100 viên)",Vitamin C các loại,Viên nén,,Đại Y,Việt Nam,Việt Nam,
Viên tăng lực nhân sâm tỏi đen ZBull Fast HDpharma bồi bổ sức khỏe (4 vỉ x 15 viên),"Tăng sức đề kháng, miễn dịch",,,,,Việt Nam,
"Dung dịch Keovon Spray Valens 25ml bổ sung vitamin K2, hỗ trợ hấp thu canxi vào xương","Tăng sức đề kháng, miễn dịch",,,VALENS,Slovenia,Slovenia,
Dung dịch uống Special Mum Iron & Vitamins Eric Favre bổ sung sắt và vitamin (20 gói),Vitamin & Khoáng chất,Dung dịch,,ERIC FAVRE® WELLNESS,,Pháp,
Viên nang cứng Gastroclean Thái Minh dùng cho người viêm loét dạ dày (2 vỉ x 10 viên),"Dạ dày, tá tràng",Viên nang cứng,,Thái Minh,Việt Nam,Việt Nam,5.0
Viên nang cứng Dưỡng khớp Thái Minh giúp giảm nguy cơ thoái hóa khớp (2 vỉ x 10 viên),Cơ xương khớp,Viên nang cứng,,Thái Minh,Việt Nam,Việt Nam,
"Viên uống Liversoft hỗ trợ bảo vệ gan, tăng cường chức năng gan (6 vỉ x 10 viên)",Chức năng gan,Viên nang mềm,,,Việt Nam,Việt Nam,5.0
Nước uống Royal Placenta 600.000 Jpanwell hỗ trợ làm đẹp và ngăn ngừa lão hóa da (720ml),Da,Dung dịch,,Jpanwell,Nhật Bản,Nhật Bản,5.0
Viên uống Pikolin Ocavill hỗ trợ tăng tuần hoàn máu não (30 viên),Thần kinh não,Viên nang mềm,,OCAVILL,,Bulgaria,5.0
"Viên uống Heart Ace Support Vitamins For Life hỗ trợ sức khỏe tim mạch, điều hòa nhịp tim (Hộp 60 viên)",Sức khoẻ tim mạch,Viên nang mềm,,Vitamins For Life,Hoa Kỳ,Hoa Kỳ,5.0
"Viên uống Placenta 25,000 Plus Grape Seed hỗ trợ chống oxy hóa, làm đẹp da (60 viên)",Da,Viên nang mềm,,Good Health,New Zealand,New Zealand,5.0
"Viên uống SkillMax OCAVILL hỗ trợ tăng cường thị lực, cải thiện các triệu chứng khô mắt (Hộp 30 viên)","Bổ mắt, bảo vệ mắt",Viên nang mềm,,OCAVILL,,Bulgaria,5.0
"Viên uống Lung Detox Vitatree hỗ trợ giảm ho, tăng cường sức đề kháng cho cơ thể (60 viên)","Hô hấp, ho, xoang",Viên nén,,Vitatree,Úc,Úc,5.0
Viên uống Evening Primrose Oil Vitatree hỗ trợ giảm triệu chứng của tiền kinh nguyệt (120 viên),Cân bằng nội tiết tố,Viên nang,,Vitatree,Úc,Úc,5.0
"Viên uống CumarGold Daily CVI Pharma bảo vệ niêm mạc dạ dày, ruột (2 vỉ x 10 viên)",Vi sinh - Probiotic,Viên nang mềm,,CVI Pharma,Việt Nam,Việt Nam,
"Siro Nhuận Phế Hoàng Kingphar hỗ trợ giảm ho, giảm đờm (125ml)","Hô hấp, ho, xoang",Dung dịch,,Kingphar,Việt Nam,Việt Nam,
"Viên ngậm Khavim Kingphar dùng cho người bị ho khan, ho có đờm (2 vỉ x 10 viên)","Hô hấp, ho, xoang",Viên nén bao phim,,Kingphar,Việt Nam,Việt Nam,5.0
Bào tử lợi khuẩn Livespo Spobio Sos hỗ trợ làm giảm tiêu chảy cấp (10 ống x 5 ml),Vi sinh - Probiotic,Dung dịch,,Livespo,Việt Nam,Việt Nam,
"Siro Damina Herbal Health hỗ trợ giảm ho, giảm đờm, ngăn đau rát họng (100ml)","Hô hấp, ho, xoang",,,Medistar,Việt Nam,Việt Nam,5.0
"Viên uống Special Mum Breastfeeding Eric Favre bổ sung các vitamin, khoáng chất (4 vỉ x 15 viên)",Cải thiện tăng cường chức năng,Dung dịch,,ERIC FAVRE® WELLNESS,Pháp,Pháp,
"Viên uống Special Mum Grossesse Eric Favre bổ sung các vitamin, khoáng chất (4 vỉ x 15 viên)",Vitamin & Khoáng chất,Viên nén,,ERIC FAVRE® WELLNESS,Pháp,Pháp,
"Viên uống Younger 45+ Galien hỗ trợ hạn chế lão hóa da, giữ ẩm, giảm khô da (2 vỉ x 15 viên)",Hỗ trợ làm đẹp,Viên nang mềm,,Galien,Pháp,Hoa Kỳ,5.0
"Viên uống An Dạ Kingphar hỗ trợ giảm chứng đau rát vùng thượng vị, xung huyết hang vị (40 viên)",Hỗ trợ tiêu hóa,Viên nén bao phim,,Kingphar,Việt Nam,Việt Nam,
"Siro Pecial Kid Immunite tăng cường sức đề kháng, giảm nguy cơ mắc các bệnh do nhiễm khuẩn (125ml)","Tăng sức đề kháng, miễn dịch",Dung dịch,,ERIC FAVRE® WELLNESS,Pháp,Pháp,5.0
"Siro Special Kid Nez & Gorge hỗ trợ giảm viêm họng, viêm phế quản (125ml)","Hô hấp, ho, xoang",Dung dịch,,ERIC FAVRE® WELLNESS,Pháp,Pháp,
Viên uống Premium Fucoidan Jpanwell tăng cường sức đề kháng và miễn dịch (3 vỉ x 10 viên),"Tăng sức đề kháng, miễn dịch",Viên nén,,Jpanwell,Nhật Bản,Nhật Bản,5.0
Siro MorningKids Multivitamin Bổ sung Vitamin và khoáng chất (125ml),Vitamin tổng hợp,Dung dịch,,Morningkids,Ý,Ý,
Viên uống Active Liver hỗ trợ điều trị bệnh gan (2 vỉ x 15 viên),Chức năng gan,Viên nén,,NEW NORDIC,Thụy Điển,Thụy Sĩ,5.0
"Viên uống Trùng Thảo Ngủ Tốt Newstar Thành Công hỗ trợ dễ ngủ, ngủ sâu giấc (30 viên)",Hỗ trợ giấc ngủ ngon,Viên nang cứng,,Thành Công,Việt Nam,Việt Nam,1.0
Viên uống Omexxel Ginkgo 120 ExxelUSA hỗ trợ cung cấp dưỡng chất cho não và cơ thể (3 vỉ x 10 viên),Thần kinh não,Viên nang,,OMEXXEL,Hoa Kỳ,Hoa Kỳ,5.0
"Nước uống Royal Placenta Jpanwell giúp da trắng sáng mịn màng, hạn chế quá trình lão hóa (720ml)",Da,Dung dịch,,Jpanwell,Nhật Bản,Nhật Bản,5.0
"Viên nén Omexxel Cardio Excelife hỗ trợ tăng cường khả năng chống oxy hóa, hạn chế xơ vữa động mạch (3 vỉ x 10 viên)",Sức khoẻ tim mạch,Viên nén,,OMEXXEL,Hoa Kỳ,Hoa Kỳ,5.0
"Viên uống Memoren Kingphar giúp tăng cường tuần hoàn não, giảm đau đầu (6 vỉ x 10 viên)",Kiểm soát căng thẳng,,,Kingphar,Việt Nam,Việt Nam,
"Viên uống Melissa Dream New Nordic giảm căng thẳng tinh thần, giúp ngủ ngon (40 viên)",Hỗ trợ giấc ngủ ngon,Viên nén,,NEW NORDIC,Thụy Điển,Thụy Điển,5.0
"Viên uống Clear Brain New Nordic tăng cường trí não, bổ não (1 vỉ x 30 viên)",Bổ não - cải thiện trí nhớ,Viên nén bao phim,,NEW NORDIC,,Thụy Điển,5.0
Viên sủi Collagen Swiss Energy bổ sung collagen cho cơ thể (20 viên),Da,Viên sủi,,sanotact,Thụy Sĩ,Đức,4.0
"Bột rau xanh Meisen Aojiru Toyo Shinyaku bổ sung lợi khuẩn, tăng cường sức khỏe hệ tiêu hóa (60 gói x 3g)",Táo bón,Dạng bột,,Toyo Shinyaku,Nhật Bản,Nhật Bản,5.0
Viên uống Shark Cartilage Pharmekal giúp phục hồi và tái tạo mô sụn khớp (100 viên),Cơ xương khớp,Viên nang,,Pharmekal,Hoa Kỳ,Hoa Kỳ,
Viên uống Multivitamin New Nordic bổ sung Vitamin và khoáng chất hỗ trợ tăng cường sức khỏe (3 vỉ x 30 viên),Vitamin tổng hợp,Viên nang mềm,,NEW NORDIC,Thụy Điển,Thụy Điển,
Viên uống After Party New Nordic hỗ trợ tăng cường chức năng chuyển hóa của gan (1 vỉ x 15 viên),"Giải rượu, cai rượu",Viên nén,,NEW NORDIC,Thụy Điển,Thụy Điển,5.0
Nhụy hoa nghệ tây Sasagold Saffron bổ sung Vitamin và chất chống oxy hóa (1g),"Tăng sức đề kháng, miễn dịch",Dạng sợi,,Tarvand Saffron,Iran,Iran,5.0
Viên uống Triple Strength Glucosamine 7 in 1 1500mg Pharmekal bổ sung dịch nhờn cho khớp (60 viên),Cơ xương khớp,Viên nén,,Pharmekal,Hoa Kỳ,Hoa Kỳ,
Viên uống Triple Strength Glucosamine 7 in 1 1500mg Pharmekal bổ sung dịch nhờn cho khớp (200 viên),Cơ xương khớp,Viên nén,,Pharmekal,Hoa Kỳ,Hoa Kỳ,5.0
Viên sủi Multivitamins + Biotin Dr. Frei bổ sung vitamin cho cơ thể (20 viên),Vitamin tổng hợp,Viên sủi,,Dr.Frei,Thụy Sĩ,Đức,5.0
"Viên sủi Calcium + Vitamin D3 Dr. Frei ngăn ngừa loãng xương, gãy xương, cho xương chắc khoẻ (20 viên)",Bổ sung Canxi & Vitamin D,Viên sủi,,Dr.Frei,Thụy Sĩ,Đức,5.0
"Viên sủi Vitamin C 1000mg Dr. Frei tăng cường sức đề kháng cho cơ thể, hỗ trợ chống oxy hóa (20 viên)",Vitamin C các loại,Viên sủi,,Dr.Frei,Thụy Sĩ,Đức,5.0
Viên sủi Kids Multivitamins + Calcium Dr. Frei bổ sung viatmin và khoáng chất cho cơ thể (20 viên),Vitamin tổng hợp,Viên sủi,,Dr.Frei,Thụy Sĩ,Đức,5.0
"Viên uống Vị Nguyên hỗ trợ giảm acid dịch vị, bảo vệ niêm mạc dạ dày (90 viên)","Dạ dày, tá tràng",Viên nén bao phim,,Tồn Sanh Pharma,Việt Nam,Việt Nam,4.8
Viên uống Shark Cartilage Pharmekal giúp phục hồi và tái tạo mô sụn khớp (60 viên),Cơ xương khớp,Viên nang,,Pharmekal,Hoa Kỳ,Hoa Kỳ,
Dung dịch uống Femalto 15ml Novocare bổ sung sắt do thiếu sắt,Bổ sung Sắt & Axit Folic,Dung dịch,,NOVOCARE,Việt Nam,Việt Nam,5.0
"Thuốc Samarin 140 Paradigm điều trị viêm gan, xơ gan, bệnh gan do rượu, tổn thương gan (10 vỉ x 10 viên)",Hỗ trợ tiêu hóa,Viên nén bao phim,,Paradigm,Thái Lan,Thái Lan,5.0
"Viên ngậm Bổ Phế Nam Hà XC giảm ho, giảm đờm, đau rát họng (125ml)","Hô hấp, ho, xoang",Viên nén,,Nam Hà,Việt Nam,Việt Nam,5.0
"Viên thảo dược Dạ Minh Châu giúp ổn định thận dương, cố tinh (2 vỉ x 6 viên)","Thận, tiền liệt tuyến",Viên nang,,Sao Thái Dương,Việt Nam,Việt Nam,5.0
"Viên nén Super Albumin Nuhealth tăng cường chức năng gan do dùng thuốc, bia rượu (100 viên)",Chức năng gan,Viên nén,,Nuhealth,Hoa Kỳ,Hoa Kỳ,
"Combo Keo Ong Propolis Mint Honey Tracybee 30ml giúp giảm đau, viêm họng, ho do nhiễm khuẩn","Hô hấp, ho, xoang",Dạng xịt,,Tracybee,Việt Nam,Brasil,
"Combo Keo Ong Propolis Tutti Frutti Honey For Kids 30ml Tracybee giảm đau, viêm họng, ho do nhiễm khuẩn","Tăng sức đề kháng, miễn dịch",Dạng xịt,,Tracybee,Việt Nam,Brasil,
Viên uống Mum Calci K2 Plus Lab Well bổ sung canxi cho phụ nữ mang thai và cho con bú (2 vỉ x 18 viên),Vitamin & Khoáng chất,Viên nang cứng,,Lab Well,Hoa Kỳ,Ba Lan,5.0
"Dung dịch uống NovoZinc 15ml Novocare hỗ trợ tăng cường sức khỏe, hỗ trợ trẻ bị tiêu chảy","Tăng sức đề kháng, miễn dịch",Dung dịch,,NOVOCARE,Việt Nam,Việt Nam,5.0
"Men vi sinh BioGastro IBS Biovagen bổ sung vi khuẩn có lợi, cân bằng hệ vi sinh đường ruột (30 viên)",Vi sinh - Probiotic,Viên nang,,,,Canada,
"Siro Bổ Phế Nam Hà XC giảm ho, giảm đờm, đau rát họng, khàn tiếng do viêm họng (125ml)","Hô hấp, ho, xoang",Siro,,Nam Hà,Việt Nam,Việt Nam,
"Siro Bổ Phế Nam Hà XC KĐ giúp giảm ho, giảm đờm (125ml)","Hô hấp, ho, xoang",Siro,,Nam Hà,Việt Nam,Việt Nam,5.0
"Viên uống Suvéal Magne-Fer Densmore bổ sung magie, vitamin B6 và sắt cho cơ thể (3 vỉ x 10 viên x 37g)",Vitamin & Khoáng chất,Viên nén,,Densmore,Pháp,Monaco,
"Cao hỗn hợp Zhealth NanoFrance hỗ trợ bổ phế, tăng cường sức đề kháng (2 vỉ x 5 ống x 10ml)","Hô hấp, ho, xoang",,,NanoFrance,Pháp,Việt Nam,
Dung dịch B12 Energy Max bổ sung acid amin và vitamin B12 cho cơ thể (10ml),Vitamin & Khoáng chất,Dung dịch,,S.I.I.T. Srl,Ý,Ý,
"Viên sủi Berocca Bayer bổ sung vitamin C, các vitamin nhóm B và kẽm (2 vỉ x 7 viên)",Vitamin & Khoáng chất,,,Bayer,Đức,Pháp,5.0
"Viên uống Maca #2 Femina Raca bổ sung năng lượng tích cực, tăng bài tiết tố nữ (60 viên)",Sức khoẻ tình dục,,,,,Hoa Kỳ,5.0
Viên uống Co-Enzyme Q10 150mg Nature's Gold tăng cường năng lượng cho tim (60 viên),Sức khoẻ tim mạch,,,Nature's Gold,,Úc,5.0
"Viên uống Omega-3 Fish Oil 1000mg Pharmekal tăng cường sức khỏe cho hệ tim mạch, giúp bổ mắt (100 viên)","Dầu cá, Omega 3, DHA",,,Pharmekal,,Hoa Kỳ,5.0
"Nước uống Collagen JpanWell bổ sung dưỡng chất cho da, giảm nhăn da, khô da (10 lọ x 50ml)",Da,,,Jpanwell,,Nhật Bản,
Viên uống T.Đ Kingphar dùng cho người bị tiểu đường (40 viên),Hỗ trợ điều trị tiểu đường,Viên nén bao phim,,Kingphar,Việt Nam,Việt Nam,
"Viên uống Diệp Hạ Châu Kingphar tăng cường chức năng gan, bảo vệ tế bào gan (40 viên)",Chức năng gan,,,Kingphar,,Việt Nam,
Viên uống Strep Biomin Gold Hdpharma duy trì hệ vi sinh đường ruột (50 viên),Vi sinh - Probiotic,Viên nang,,Hdpharma,,Việt Nam,
Viên hộ gan Kingphar giúp tăng cường chức năng giải độc gan (60 viên),Chức năng gan,,,Kingphar,,Việt Nam,
Viên uống Alipas Platinum tăng cường sức khỏe sinh lý nam giới (30 viên),Sinh lý nam,,,Ecogreen,,Hoa Kỳ,5.0
Viên uống Coenzym Q10 Doppelherz Aktiv hỗ trợ sức khỏe tim mạch (30 viên),Cải thiện tăng cường chức năng,Viên nang,,Doppelherz,Đức,Đức,5.0
Viên uống Joint Soother UBB hỗ trợ tái tạo sụn và chất nhờn ở các đầu khớp xương (100 viên),Cơ xương khớp,Viên nang,,UBB,Hoa Kỳ,Hoa Kỳ,
"Viên uống Tĩnh Mạch Kingphar hỗ trợ giảm nguy cơ chứng giãn, viêm tắc tĩnh mạch (3 vỉ x 10 viên)",Suy giãn tĩnh mạch,,,Kingphar,,Việt Nam,
Viên uống Men Active Doppelherz Aktiv giúp tăng cường chức năng sinh lý nam (30 viên),Sức khoẻ tình dục,Viên nén,,Doppelherz,Đức,,2.0
"Viên uống Memoren Kingphar giúp tăng cường tuần hoàn não, giảm đau đầu (3 vỉ x 10 viên)",Kiểm soát căng thẳng,Viên nén,,Kingphar,Việt Nam,Việt Nam,
Viên uống Ka-Man Kingphar tăng cường sinh lý nam (40 viên),Sinh lý nam,Viên nén bao phim,,Kingphar,Việt Nam,Việt Nam,
"Viên uống Omega-3 Alaska Fish Oil UBB giúp hạ mỡ trong máu, bổ não (100 viên)","Dầu cá, Omega 3, DHA",Viên nang mềm,,UBB,Hoa Kỳ,Hoa Kỳ,5.0
"Dung dịch Glucosamine & Chondroitin Pharmekal phòng ngừa và giảm thoái hóa khớp, viêm khớp (946ml)",Cơ xương khớp,Dung dịch,,Pharmekal,Hoa Kỳ,Hoa Kỳ,
"Viên uống đông trùng hạ thảo Aloha Medicinals USA giúp khoẻ phổi, bổ thận (90 viên)",Cải thiện tăng cường chức năng,Viên nang,,Aloha,Việt Nam,Hoa Kỳ,5.0
"Viên uống Disc-Discovery DaVinci cải thiện tình trạng thoái hóa đốt sống cổ, thắt lưng (180 viên)",Cơ xương khớp,Viên nén,,Davinci,Hoa Kỳ,Hoa Kỳ,5.0
Dung dịch Venus charge Collagen 20000 Josephine bổ sung collagen (10 chai x 50ml),Da,Dung dịch,,Josephine,Nhật Bản,,
Viên uống Migrin hỗ trợ điều trị đau nửa đầu (2 vỉ x 10 viên),Kiểm soát căng thẳng,Viên nang mềm,,Migrin,Việt Nam,Việt Nam,5.0
"Viên Dầu Cá Alaska Omega 3 6 9 giúp phát triển não bộ, tăng thị lực mắt (100 viên)","Dầu cá, Omega 3, DHA",Viên nang mềm,,Polvita,Hoa Kỳ,Hoa Kỳ,
Viên uống Belle Hair Doppelherz Aktiv bổ sung các vitamin và khoáng chất (3 vỉ x 10 viên),Tóc,Viên nén,,Doppelherz,Đức,,
"Viên uống Lasenvon Hulipha hỗ trợ dưỡng tâm, an thần, ngủ ngon (60 viên)",Hỗ trợ giấc ngủ ngon,Viên nang,,Hulipha,Việt Nam,Việt Nam,
"Viên uống Cerevit Fort Megapharco bổ sung dưỡng chất cho não, tăng cường lưu thông máu (3 vỉ x 10 viên)",Thần kinh não,Viên nang,,MEGAPHARCO,Việt Nam,Việt Nam,5.0
"Viên Xương Khớp Cây Đa Thái Dương tăng tiết dịch khớp, giảm đau nhức xương khớp (10 gói)",Cơ xương khớp,Hoàn cứng,,Sao Thái Dương,Việt Nam,Việt Nam,
Viên uống Hoàng Tiên Đan hỗ trợ giảm acid uric đối với bệnh nhân gout (60 viên),Hỗ trợ điều trị gout,Viên nang,,,Việt Nam,Việt Nam,
"Viên uống Nasalis PP.Pharco hỗ trợ điều trị viêm xoang mũi mãn tính, viêm đa xoang (60 viên)","Hô hấp, ho, xoang",Viên bao,,Usa pharma,Việt Nam,Việt Nam,
"Men vi sinh ANTiBiO Pro Bayer bổ sung lợi khuẩn, cân bằng hệ vi sinh (100 gói x 1g)",Vi sinh - Probiotic,Dạng bột,,Bayer,Đức,Hàn Quốc,5.0
Viên uống Tĩnh Mạch Khang Phương Đông giúp tăng tính bền vững của thành mạch máu (3 vỉ x 10 viên),Suy giãn tĩnh mạch,Viên nang,,Phương Đông,Việt Nam,Việt Nam,
"Viên uống Co-CELL Type II Collagen Complex Nuhealth ngừa thoái hóa khớp, cải thiện vận động khớp (90 viên)",Cơ xương khớp,Viên nang,,Nuhealth,Hoa Kỳ,Hoa Kỳ,
"Viên uống giảm cân PV Gold Phúc Vinh hỗ trợ tăng cường chuyển hóa chất béo, giảm mỡ máu (60 viên)",Hỗ trợ giảm cân,Viên nang cứng,,Phúc Vinh,Việt Nam,Việt Nam,3.0
"Viên uống Green Hair Hoa Sen bổ huyết, bổ sung dưỡng chất nuôi dưỡng tóc (60 viên)",Tóc,Viên nang,,Hoa sen,Việt Nam,Việt Nam,5.0
Viên uống Hyalob tăng tính đàn hồi của sụn khớp (60 viên),Cơ xương khớp,Viên nang,,,Hoa Kỳ,Hoa Kỳ,
"Viên uống Vị An GPharm giúp giảm đau dạ dày, tá tràng (30 viên)","Dạ dày, tá tràng",Viên nén,,Gpharm,Việt Nam,Việt Nam,
Cốm bổ mắt Kid Eye hỗ trợ tăng cường thị lực (20 gói x 3g),"Bổ mắt, bảo vệ mắt",Cốm,,,Việt Nam,Việt Nam,
Viên uống Jex Max Ecogreen hỗ trợ giảm đau xương khớp cấp tính và mãn tính (30 viên),Cơ xương khớp,Viên nang,,Ecogreen,Hoa Kỳ,Hoa Kỳ,
Viên uống An Mạch Ích Nhân Nam Dược hỗ trợ hạ mỡ máu (50 viên),Sức khoẻ tim mạch,Viên nang,,Nam Dược,Việt Nam,,
Viên uống MamaNatal bổ sung dinh dưỡng cho phụ nữ mang thai (3 vỉ x 10 viên),Dinh dưỡng,Viên nang cứng,,Mama,Hoa Kỳ,Hoa Kỳ,
"Viên uống Natural Ben Zincus 50mg bổ sung kẽm, hỗ trợ chức năng của tuyến tiền liệt (100 viên)","Thận, tiền liệt tuyến",Viên nén,,EARTH’S CREATION,Hoa Kỳ,Hoa Kỳ,
"Viên nén Sắc Ngọc Khang Hoa Thiên Phú hỗ trợ điều trị nấm da, sạm da, ngăn ngừa lão hóa (60 viên)",Da,Viên nén,,HTP,Việt Nam,Việt Nam,5.0
"Viên nén Sắc Ngọc Khang++ HTP hỗ trợ làm mờ nám da, sạm da tàn nhang (60 viên)",Hỗ trợ làm đẹp,Viên nén,,HTP,Việt Nam,Việt Nam,5.0
Viên uống Tê Nhức Chân Tay Bảo Nguyên tăng cường lưu thông khí huyết (3 vỉ x 10 viên),Cơ xương khớp,Viên nang,,Bảo Nguyên,Việt Nam,Việt Nam,
"Viên uống Vinaho Thái Dương bổ phế, hỗ trợ làm giảm các chứng ho (100ml)","Hô hấp, ho, xoang",Viên nén,,Sao Thái Dương,Việt Nam,Việt Nam,
Viên uống OTiV Ecogreen giúp tăng cường dưỡng chất cho não (15 viên),Bổ não - cải thiện trí nhớ,Viên nang,,Ecogreen,Hoa Kỳ,Hoa Kỳ,
Viên uống Thăng Áp Nam Dược điều trị huyết áp thấp (3 vỉ x 10 viên),Sức khoẻ tim mạch,,,Nam Dược,,Việt Nam,5.0
Viên uống Melatonin UBB hỗ trợ điều trị rối loạn giấc ngủ (100 viên),Hỗ trợ giấc ngủ ngon,Viên nén,,UBB,Hoa Kỳ,Hoa Kỳ,5.0
Viên uống Bình Vị Nam Phương Hóa Dược hỗ trợ điều trị viêm loét dạ dày và tá tràng (3 vỉ x 10 viên),Hỗ trợ tiêu hóa,Viên nén,,Hóa Dược,Việt Nam,Việt Nam,
"Viên Xương Khớp Cây Đa Thái Dương tăng tiết dịch khớp, giảm đau nhức xương khớp (30 gói)",Cơ xương khớp,,,,Việt Nam,Việt Nam,5.0
"Viên uống Hoa Thiên bổ máu, tăng cường hoạt huyết (30 viên)",Cân bằng nội tiết tố,Viên nén,,Hoa Thiên,Việt Nam,Việt Nam,
"Viên uống Hạ Hồi Đơn HDpharma hỗ trợ hạ huyết áp, tăng sức bền thành mạch (60 viên)",Sức khoẻ tim mạch,,,,Việt Nam,Việt Nam,
Dung dịch Phong Tê Cốt Thống Thuỷ An Phát hỗ trợ giảm đau nhức tay chân do phong thấp (280ml),Cơ xương khớp,Dung dịch,,An phát,Việt Nam,Việt Nam,4.0
"Viên uống CumarGold Nano Curcumin CVI Pharma giảm tác nhân gây ung bướu, viêm loét dạ dày (3 vỉ x 10 viên)","Dạ dày, tá tràng",Viên nang,,CVI Pharma,Việt Nam,Việt Nam,
"Cốm BigBB Plus IMC giảm triệu chứng viêm đường hô hấp, chảy nước mũi (16 gói x 3g)","Hô hấp, ho, xoang",Cốm,,IMC,Việt Nam,Việt Nam,5.0
"Viên nén Sâm Nhung Cường Lực Tuệ Linh giúp bổ thận tráng dương, bổ khí huyết (3 vỉ x 10 viên)",Sức khoẻ tình dục,Viên nén,,Tuệ Linh,Việt Nam,Việt Nam,5.0
Viên uống Thanh Đường An Gpharm hỗ trợ hạ và ổn định đường huyết (60 viên),Hỗ trợ điều trị tiểu đường,Viên nang mềm,,Gpharm,Việt Nam,Việt Nam,1.0
"Viên uống Nghệ Micell Adiva hỗ trợ điều trị viêm loét dạ dày, giúp giảm tổn thương niêm mạc dạ dày (30 viên)","Dạ dày, tá tràng",Viên nén,,ADIVA,Việt Nam,Việt Nam,
"Viên uống Maca #6 Old Truths giúp tăng cường chức năng thận, tăng năng lượng (60 viên)",Sinh lý nam,,,,,Hoa Kỳ,
"Viên uống An Phụ Khang An Châu giảm các triệu chứng u nang buồng trứng, u xơ tử cung (60 viên)",Cân bằng nội tiết tố,Viên nang,,An Châu,Việt Nam,Việt Nam,
Viên uống Đào Hồng Đơn Venus Nafaco hỗ trợ cải thiện thiếu hụt nội tiết tố nữ (30 viên),Cân bằng nội tiết tố,Viên nang,,,Việt Nam,Việt Nam,
"Viên uống Gai Xương Kingphar hoạt huyết, tăng cường lưu thông khí huyết (40 viên)",Cơ xương khớp,Viên nén,,Kingphar,Việt Nam,Việt Nam,5.0
"Viên uống Hamomax DK Pharma hỗ trợ hạ mỡ máu, bền thành mạch (30 viên)",Giảm Cholesterol,Viên nang,,DK Pharma,Việt Nam,Việt Nam,
Viên uống Tuệ Đức Hoàn Nguyên Vị hỗ trợ giảm trào ngược dạ dày thực quản (2 vỉ x 10 viên),"Dạ dày, tá tràng",Viên nén bao phim,,Tuệ Đức,Việt Nam,Việt Nam,
"Viên uống Niệu Bảo Lohha tăng cường giải độc, lợi tiểu (2 vỉ x 10 viên)","Thận, tiền liệt tuyến",Viên nén,,Lohha,Việt Nam,Việt Nam,
"Viên uống Liquid Calcium Nu-Health bổ sung canxi, vitamin D cần thiết cho cơ thể (160 viên)",Bổ sung Canxi & Vitamin D,Viên nang mềm,,Nuhealth,Hoa Kỳ,Hoa Kỳ,
"Bột hòa tan Rocket Thái Dương giúp bổ khí huyết, bổ thận, tráng dương (10 gói)",Sinh lý nam,Dạng bột,,Sao Thái Dương,Việt Nam,Việt Nam,
"Tảo viên Beauty Spirulina tăng sức đề kháng, chống táo bón (550 viên)","Tăng sức đề kháng, miễn dịch",Viên nén,,Algae,Nhật Bản,Nhật Bản,
"Viên uống Tràng Bát Vị Codanbe Kingphar dùng cho người bị đại tràng co thắt, viêm đại tràng (40 viên)",Đại tràng,Viên nén,,Kingphar,Việt Nam,Việt Nam,
"Viên Vai Gáy Thái Dương tăng lưu thông khí huyết, giảm triệu chứng đau mỏi vai gáy (2 vỉ x 6 viên)",Cơ xương khớp,Viên nang,,Sao Thái Dương,Việt Nam,Việt Nam,5.0
"Viên nang Xích Thố Vương Gia Nguyễn bổ thận, tráng dương, tăng cường sinh lực (2 vỉ x 10 viên)",Sinh lý nam,Viên nang,,Gia Nguyễn,Việt Nam,Việt Nam,
"Niệm Từ Am Hiếu Tử Xuyên Bồi Tỳ Bà Cao bổ phế, thanh giọng, giảm ho, tiêu đờm (150ml)","Hô hấp, ho, xoang",Dung dịch,,Nin Jiom Pei Pa Koa,Hồng Kông,Hồng Kông,5.0
"Niệm Từ Am Hiếu Tử Xuyên Bồi Tỳ Bà Cao bổ phế, thanh giọng, giảm ho, tiêu đờm (75ml)","Hô hấp, ho, xoang",Dung dịch,,Nin Jiom Pei Pa Koa,Hồng Kông,Hồng Kông,3.0
Viên uống Vitamin E Mediplantex bổ sung vitamin E cho cơ thể (10 vỉ x 10 viên),Vitamin E các loại,Viên nang mềm,,Mediplantex,Việt Nam,Việt Nam,
"Viên uống Pine Power Gold giúp tăng tuần hoàn máu, thông huyết mạch (100 viên)",Giảm Cholesterol,Viên nang,,,Hàn Quốc,Hàn Quốc,
Viên uống Phariton TV.Pharm bổ sung vitamin và khoáng chất (6 vỉ x 10 viên),Vitamin & Khoáng chất,Viên nang mềm,,Tv.Pharm,Việt Nam,Việt Nam,
Viên sủi Myvita Vitamin C SPM vị chanh bổ sung Vitamin C (20 viên),Vitamin C các loại,Viên sủi,,S.P.M,Việt Nam,Việt Nam,
Men vi sinh Lacclean Gold Lab điều trị rối loạn đường ruột do bệnh lý hoặc kháng sinh kéo dài (30 gói),Vi sinh - Probiotic,,,Cell Biotech,Hàn Quốc,Hàn Quốc,
Viên uống Biolacto Robinson Pharma USA bổ sung lợi khuẩn giúp cân bằng hệ vi sinh đường ruột (100 viên),Vi sinh - Probiotic,Viên nang cứng,,,Việt Nam,Việt Nam,
"Siro Toploan New Jpanwell bổ sung vitamin, axit amin (10 chai x 30ml)","Tăng sức đề kháng, miễn dịch",Dung dịch,,Jpanwell,Nhật Bản,Nhật Bản,
Viên uống Naturenz DHG hỗ trợ giải độc gan (10 vỉ x 10 viên),Chức năng gan,Viên nang cứng,,Dhg,Việt Nam,Việt Nam,
Viên uống Định Áp Vương IMC hỗ trợ làm giảm lipid máu (3 vỉ x 10 viên),Cải thiện tăng cường chức năng,Viên nén,,,Việt Nam,Việt Nam,
"Viên khớp Bách Xà giảm đau, giảm viêm, mạnh gân cốt (3 vỉ x 10 viên)",Cơ xương khớp,Viên nang,,Nam Dược,Việt Nam,Việt Nam,
"Viên uống An Trí Khang An Châu hoạt huyết, giảm xơ vữa động mạch (3 vỉ x 10 viên)",Cải thiện tăng cường chức năng,Viên nang,,An Châu,Việt Nam,Việt Nam,
"Viên uống Hoàn Nguyên Vị HP Tuệ Đức hỗ trợ các trường hợp viêm loét dạ dày, tá tràng (2 vỉ x 10 viên)","Dạ dày, tá tràng",,,Tuệ Đức,Việt Nam,Việt Nam,
"Viên uống Plus Min USA Power Nutritional hỗ trợ bảo vệ, phục hồi, giảm đau xương khớp (100 viên)",Cơ xương khớp,,,Power Nutritional,Hoa Kỳ,Hoa Kỳ,
"Viên uống Revetize hỗ trợ da, tóc và móng chắc khỏe (30 viên)",Cải thiện tăng cường chức năng,Viên nang mềm,,MEGA We care,Thái Lan,Việt Nam,5.0
"Men vi sinh Live Probiotics Himita bổ sung lợi khuẩn, cân bằng hệ vi sinh đường ruột (30 gói)",Vi sinh - Probiotic,,,,Hàn Quốc,Hàn Quốc,
Viên uống Hair Plus Doppelherz Aktiv bổ sung một số vitamin và khoáng chất (3 vỉ x 10 viên),Hỗ trợ làm đẹp,,,Doppelherz,,Đức,
"Viên tinh dầu tỏi Garlic Essential Oil UBB hỗ trợ ngừa cảm cúm, ăn không tiêu (100 viên)",Sức khoẻ tim mạch,Viên nang mềm,,UBB,Hoa Kỳ,Hoa Kỳ,
Viên uống Tamlan Health Functional Pine Oil tăng cường chức năng gan (100 viên),Chức năng gan,Viên nang,,Tâm Lan,Việt Nam,Việt Nam,
Viên ngậm IgYGate DC-PG hỗ trợ bảo vệ răng (5 vỉ x 12 viên),Cải thiện tăng cường chức năng,Viên ngậm,,,Nhật Bản,Nhật Bản,5.0
"Siro ăn ngon Íchnhi Nam Dược bổ sung vi chất dinh dưỡng, cải thiện chứng biếng ăn cho trẻ (4 vỉ x 5 ống)","Tăng sức đề kháng, miễn dịch",Siro,,Nam Dược,Việt Nam,Việt Nam,5.0
Viên xương khớp Khương Thảo Đan hỗ trợ làm trơn khớp và phục hồi sụn khớp (30 viên),Cơ xương khớp,Viên nang,,Thái Minh,Việt Nam,Việt Nam,
"Viên uống Cốt Thống Long Phụng bổ gan thận, mạnh gân cốt (10 vỉ x 2 viên)",Cơ xương khớp,Viên nang,,Long Phụng,Việt Nam,Việt Nam,5.0
Viên uống Nato Thông Huyết Kingphar hỗ trợ điều trị các căn bệnh tai biến não (3 vỉ x 10 viên),Thần kinh não,Viên nén,,Kingphar,Việt Nam,Việt Nam,5.0
"Cốm Unikids Kẽm DHG bổ sung kẽm, khoáng chất giúp hấp thu và tiêu hóa tốt (50g)",Bổ sung Kẽm & Magie,Cốm,,Dhg,Việt Nam,Việt Nam,
"Cốm vi sinh Oviotic Traphaco bổ sung lợi khuẩn cho đường tiêu hóa, cung cấp 9 vitamin (20 gói)",Vi sinh - Probiotic,Cốm,,Traphaco,Việt Nam,Việt Nam,
"Viên uống Cota Xoang Amepro tăng lưu thông phế khí trong cơ thể, thông mũi xoang (3 vỉ x 10 viên)","Hô hấp, ho, xoang",Viên nang cứng,,Amepro,Việt Nam,Việt Nam,
"Viên uống Kisu giảm hấp thụ mỡ, hỗ trợ giảm cân (16 viên)",Hỗ trợ giảm cân,Viên nang cứng,,Hải Linh,Việt Nam,Việt Nam,5.0
"Siro Yến Sào Ăn Ngủ Ngon Hải Linh bồi bổ cơ thể, dưỡng tâm, an thần (4 vỉ x 5 ống x 10ml)",Hỗ trợ giấc ngủ ngon,Dung dịch,,Hải Linh,Việt Nam,Việt Nam,
"Bột uống Dạ Dày Nam Dược hỗ trợ điều trị viêm loét dạ dày, tá tràng (12 gói)","Dạ dày, tá tràng",,,Nam Dược,Việt Nam,Việt Nam,
"Viên uống Glutathione X3 Class Of Ladies Phytextra hỗ trợ làm đẹp da, trẻ hóa làn da (60 viên)",Chống lão hóa,Viên nang,,Phytextra,Pháp,Hoa Kỳ,5.0
"Viên nén Xích Thố Vương Gia Nguyễn bổ thận, tráng dương, tăng cường sinh lực (60 viên)",Sức khoẻ tình dục,Viên nén,,Gia Nguyễn,Việt Nam,Việt Nam,
Viên uống Bedipanten 100mg Mediphar bổ sung vitamin B5 cho cơ thể (2 vỉ x 10 viên),Hỗ trợ làm đẹp,Viên nén,,Mediphar,Pháp,Việt Nam,
"Cốm Lợi Sữa Tasuamum Hadu Pharma hỗ trợ lợi sữa, giúp tăng tiết sữa (20 túi)",Cải thiện tăng cường chức năng,Cốm,,Hadu,Việt Nam,Việt Nam,
"Viên uống Đại Tràng Nam Dược hỗ trợ điều trị rối loạn tiêu hóa, tiêu chảy, đau bụng (3 vỉ x 10 viên)",Đại tràng,Viên nang,,Nam Dược,Việt Nam,Việt Nam,5.0
"Siro Ho Kim Sâm Khí An Medistar giúp bổ phối, giảm rát họng (120ml)","Hô hấp, ho, xoang",Siro,,Medistar,Việt Nam,Việt Nam,
"Viên uống Ích Thận Hoàng Kingphar bổ thận, dưỡng huyết (30 viên)","Thận, tiền liệt tuyến",,,,,Việt Nam,5.0
"Viên uống Antri Nano Plus CVI Pharma hỗ trợ điều trị trĩ, giảm táo bón (3 vỉ x 10 viên)",Hỗ trợ điều trị trĩ,Viên nén,,CVI Pharma,Việt Nam,Việt Nam,
"Viên uống An Não Vương USA Pharma tăng cường trí nhớ, tập trung trí tuệ (30 viên)",Thần kinh não,,,Usa pharma,Việt Nam,Việt Nam,
Viên uống Davita Bone DHG giúp xương chắc khỏe (3 vỉ x 10 viên),Cơ xương khớp,Viên bao,,Dhg,Việt Nam,Việt Nam,5.0
"Dung dịch uống Bee Juvit hỗ trợ tăng cường tiêu hóa, ăn ngon miệng (4 vỉ x 5 ống x 10ml)",Hỗ trợ trao đổi chất,Dung dịch,,,Việt Nam,Việt Nam,
Siro Bone Power ChildLife Plus tăng cường sự phát triển chiều cao và độ chắc của xương (474ml),Bổ sung Canxi & Vitamin D,Siro,,Childlife,Hoa Kỳ,Hoa Kỳ,
Viên uống Thanh Áp Đan IPHA giúp hạ và ổn định huyết áp (3 vỉ x 10 viên),Sức khoẻ tim mạch,Viên nang cứng,,IPHA,Việt Nam,Việt Nam,
Sữa Glucerna Abbott hương vani bổ sung dinh dưỡng đặc biệt cho người đái tháo đường (24 chai x 220ml),Sữa,,,Abbott,Hoa Kỳ,Hoa Kỳ,5.0
Viên uống Ultra Memore Plus Vitamins For Life hỗ trợ tăng cường hoạt động tuần hoàn não (30 viên),Bổ não - cải thiện trí nhớ,Viên nén,,Vitamins For Life,Hoa Kỳ,Hoa Kỳ,5.0
Viên uống Tuệ Đức Hoàn Nguyên Vị hỗ trợ giảm trào ngược dạ dày thực quản (2 lọ x 40 viên),"Dạ dày, tá tràng",Viên nén,,Tuệ Đức,Việt Nam,Việt Nam,5.0
"Viên nén Xukoda Hoàng Thăng Long giúp tăng tiết dịch khớp, hỗ trợ giảm tình trạng đau khớp (3 vỉ x 10 viên)",Cơ xương khớp,Viên nén,,Hoàng Thăng Long,Việt Nam,Việt Nam,
"Siro PediaKid Oméga 3 bổ sung Omega 3, DHA tự nhiên và các loại Vitamin (125ml)","Dầu cá, Omega 3, DHA",Dung dịch,,Pediakid,Pháp,Pháp,
"Gói pha Ích Nhi Nam Dược chống táo bón, cung cấp chất xơ cho trẻ (20 gói)",Táo bón,,,Nam Dược,Việt Nam,Việt Nam,4.0
"Viên uống Forgout 20mg Foripharm hạ Acid Uric máu, giảm sưng nóng đỏ đau các khớp (2 vỉ x 15 viên)",Cải thiện tăng cường chức năng,Viên bao,,,Việt Nam,Việt Nam,5.0
Viên uống Natocare CMPS bổ sung dưỡng chất cho bà bầu (3 vỉ x 10 viên),Vitamin & Khoáng chất,Viên nang mềm,,,Úc,Úc,
Viên uống LIC giúp kiểm soát cân năng và giảm cân hiệu quả (60 viên),Hỗ trợ giảm cân,Viên nang cứng,,Ecogreen,Hoa Kỳ,Hoa Kỳ,
"Siro Pediakid Nez-Gorge giúp làm sạch, thông thoáng đường mũi họng (125ml)","Hô hấp, ho, xoang",Dung dịch,,Pediakid,Pháp,,
"Dung dịch Pedia Poly-Vite Drops bổ sung Vitamin, giúp tăng khả năng hấp thu (50ml)",Vitamin & Khoáng chất,Dung dịch,,BProtected,Hoa Kỳ,Hoa Kỳ,
"Viên uống Dầu Gấc Tuệ Linh hỗ trợ bảo vệ sức khỏe đôi mắt, tăng cường thị lực (100 viên)","Bổ mắt, bảo vệ mắt",Viên nang mềm,,Tuệ Linh,Việt Nam,Việt Nam,
"Siro Pediakid Sommeil giúp an thần, thư giãn hệ thần kinh (125ml)",Hỗ trợ giấc ngủ ngon,Dung dịch,,Pediakid,Pháp,Pháp,5.0
Viên uống Rotuven 300 Garden State Nutritionals điều trị suy giãn tĩnh mạch chân (60 viên),Suy giãn tĩnh mạch,Viên nang,,Garden State Nutritionals,Hoa Kỳ,Hoa Kỳ,
"Viên uống Vinaho Thái Dương bổ phế, hỗ trợ làm giảm các chứng ho (20ml)","Hô hấp, ho, xoang",Dung dịch,,,Việt Nam,Việt Nam,
"Viên uống Dầu Gấc Vinaga giúp cung cấp vitamin, chất chống oxy hóa (100 viên)",Cải thiện tăng cường chức năng,Viên nang,,Vinaga,,Việt Nam,5.0
Viên tiểu đêm cho người cao tuổi TidiCaps HDPHARMA phòng và làm giảm các chứng u xơ tiền liệt tuyến lành tính (100 viên),"Thận, tiền liệt tuyến",,,Hdpharma,,Việt Nam,
Bột pha Oresol BéBé Pharco giúp bù nước và bổ sung chất điện giải (40 gói x 5.6g),Hỗ trợ tiêu hóa,,,,Việt Nam,Việt Nam,
"Viên uống Omega-3,6,9 bổ não, tăng cường thị lực (100 viên)","Dầu cá, Omega 3, DHA",Viên nang mềm,,Pure Alaska Omega,Hoa Kỳ,Hoa Kỳ,5.0
"Viên nang mềm Alaska Deep Sea Fish Oil Omega-3 Nuhealth bổ sung EPA, DHA, giúp tăng thị lực (100 viên)","Dầu cá, Omega 3, DHA",Viên nang mềm,,Nuhealth,Hoa Kỳ,Hoa Kỳ,5.0
"Viên sủi Multi-OPC bổ sung Vitamin, tăng sức đề kháng (20 viên)",Vitamin tổng hợp,Viên sủi,,Opc,Việt Nam,Việt Nam,
"Viên uống Magnum Cramp Zdrovit hỗ trợ hoạt động của cơ và hệ thần kinh, chống co cơ (50 viên)",Cơ xương khớp,Viên bao,,Zdrovit,Phần Lan,Ba Lan,
"Siro ăn ngon Íchnhi Nam Dược bổ sung vi chất dinh dưỡng, cải thiện chứng biếng ăn cho trẻ (100ml)","Tăng sức đề kháng, miễn dịch",Siro,,Nam Dược,Việt Nam,Việt Nam,
"Viên uống Hoàng Thấp Linh hỗ trợ điều trị và phòng ngừa viêm khớp, viêm đa khớp dạng thấp (3 vỉ x 10 viên)",Cơ xương khớp,Viên nang,,Á Âu,Việt Nam,Việt Nam,
Viên uống Biolacto Robinson Pharma USA bổ sung lợi khuẩn giúp cân bằng hệ vi sinh đường ruột (10 vỉ x 10 viên),Vi sinh - Probiotic,Viên nang cứng,,,Việt Nam,Việt Nam,
"Siro Hobezut Vinacare giảm các triệu chứng ho, cảm (20 gói x 5ml)",Cải thiện tăng cường chức năng,,,,Việt Nam,Việt Nam,
"Dung dịch uống Bee Juvit hỗ trợ răng, xương phát triển chắc khỏe (4 vỉ x 5 ống x 10ml)",Bổ sung Canxi & Vitamin D,Dung dịch,,,Việt Nam,Việt Nam,
Dung dịch uống Conipa CPC1 bổ sung kẽm (4 vỉ x 5 ống x 10ml),Bổ sung Kẽm & Magie,Dung dịch,,,Việt Nam,Việt Nam,5.0
"Bột Tinh Lá Sen Tươi OB giúp giảm mỡ máu, giảm gan nhiễm mỡ (75g)",Giảm Cholesterol,Dạng bột,,Nhật Minh,Việt Nam,Việt Nam,
"Keo ong Super Propolis Spray Complex Vitatree chống oxy hóa, hỗ trợ bảo vệ cơ thể (25ml)","Hô hấp, ho, xoang",Dung dịch,,Vitatree,Úc,Úc,5.0
Viên uống Hoạt Huyết Dưỡng Não Abipha tăng cường tuần hoàn não (5 vỉ x 10 viên),Bổ não - cải thiện trí nhớ,Viên nang mềm,,Abipha,Việt Nam,Việt Nam,
"Viên uống Cadumarin Fort Mediphar bổ gan, bảo vệ tế bào gan (10 vỉ x 10 viên)",Chức năng gan,Viên nén,,Mediphar,Pháp,Việt Nam,
"Viên uống Herba Hair Kingphar hỗ trợ bồi bổ khí huyết, làm đen râu tóc (60 viên)",Tóc,Viên nén,,Kingphar,Việt Nam,Việt Nam,5.0
"Viên uống Đại Tràng Bảo Nguyên hỗ trợ làm giảm đi ngoài phân sống, tiêu chảy (5 vỉ x 10 viên)",Đại tràng,Viên nang,,Bảo Nguyên,Việt Nam,Việt Nam,
"Viên uống Curmin Lead Softgel hỗ trợ giảm triệu chứng viêm loét dạ dày, hành tá tràng (30 viên)","Dạ dày, tá tràng",Viên nang mềm,,Phương Đông,Việt Nam,Việt Nam,
Viên uống Collagen Tây Thi tăng cường giữ ẩm và tính đàn hồi của da (20 vỉ x 6 viên),Hỗ trợ làm đẹp,Viên nang cứng,,Sao Thái Dương,Việt Nam,Việt Nam,5.0
Viên uống Tràng Phục Linh Thái Minh hỗ trợ cho viêm đại tràng (2 vỉ x 10 viên),Đại tràng,Viên nén,,Thái Minh,Việt Nam,Việt Nam,
Cốm Olymdiges Gold Olympus bổ sung men tiêu hóa và các vi khuẩn có lợi đường ruột (20 gói x 3g),Vi sinh - Probiotic,Cốm,,Olympus,Việt Nam,Việt Nam,5.0
Viên uống Tuệ Linh Plus tăng cường chức năng giải độc gan (3 vỉ x 10 viên),Chức năng gan,Viên nén,,Tuệ Linh,Việt Nam,Việt Nam,
"Viên uống Ginkgo Gold Plus An Hưng giảm đau nửa đầu, suy giảm trí nhớ (30 viên)",Thần kinh não,Viên nang,,,Việt Nam,Việt Nam,
"Viên uống Vitamin 3B Phúc Vinh giảm các triệu chứng đau thần kinh tọa, thần kinh ngoại biên (10 vỉ x 10 viên)",Vitamin & Khoáng chất,Viên nang mềm,,Phúc Vinh,Việt Nam,Việt Nam,4.5
"Viên uống Kim Tiền Thảo Râu Mèo DHG Pharma điều trị sỏi thận, sỏi bàng quang (100 viên)",Hỗ trợ điều trị,Viên nén bao đường,,Dhg,Việt Nam,Việt Nam,
Viên nén Ovumcare Osaka hỗ trợ điều trị hiếm muộn (3 vỉ x 10 viên),Sinh lý nữ,Viên nén,,Osaka,Ấn Độ,Ấn Độ,5.0
Siro Laroxen HVQY giúp an thần ngủ ngon giấc (100ml),Thần kinh não,Dung dịch,,HVQY,Việt Nam,Việt Nam,5.0
"Siro Chỉ Huyết PQA hỗ trợ điều trị đổ máu cam, đi ngoài ra máu, đi tiểu ra máu (125ml)",Cải thiện tăng cường chức năng,Siro,,PQA,Việt Nam,Việt Nam,
"Viên hoàn cứng Hoa Nhũ Khang Thái Dương bổ khí huyết, điều hòa kinh nguyệt (20 gói x 6.3g)",Cân bằng nội tiết tố,Dạng bột,,Sao Thái Dương,Việt Nam,Việt Nam,
Dung dịch uống Bee Juvit thanh nhiệt mát gan (4 vỉ x 5 ống x 10ml),Chức năng gan,Dung dịch,,CPC1HN,Việt Nam,Việt Nam,
"Viên uống sâm Angela Gold Ecogreen hỗ trợ làn da căng sáng, tăng cường sinh lý nữ (15 viên)",Cân bằng nội tiết tố,Viên nén,,Ecogreen,Hoa Kỳ,Hoa Kỳ,5.0
"Viên uống The Fucoidan Waki giúp tăng cường, hỗ trợ nâng cao miễn dịch cho cơ thể (90 viên)",Hỗ trợ điều trị ung thư,Viên nang,,Fucoidan,Nhật Bản,Nhật Bản,
"Viên uống Sâm Nhung Bổ Thận Nam Dược hỗ trợ tráng dương, tăng cường sinh lực (30 viên)","Thận, tiền liệt tuyến",Viên nang,,Nam Dược,Việt Nam,Việt Nam,5.0
Siro Immuno Bimbi Concentrato Fluido Pharmalife hỗ trợ tăng cường chức năng miễn dịch (200ml),"Tăng sức đề kháng, miễn dịch",Dung dịch,,Pharmalife,Ý,Ý,
"Viên uống Ginkgo 2500 With DHA VitaHealth hỗ trợ chức năng não bộ, tăng cường khả năng ghi nhớ (60 viên)","Dầu cá, Omega 3, DHA",Viên nang mềm,,VitaHealth,Hoa Kỳ,Hoa Kỳ,
Viên uống Ginkgo Natto With Coenzym Q10 New USA bổ sung dưỡng chất cho não (10 vỉ x 10 viên),Cải thiện tăng cường chức năng,Viên nang mềm,,MEGAPHARCO,Việt Nam,Việt Nam,
"Viên uống Marilyn Genivida giúp cải thiện sinh lý nữ, làm chậm quá trình mãn kinh (30 viên)",Sinh lý - Nội tiết tố,Viên nang mềm,,Hoàng Liên,Việt Nam,Việt Nam,
"Viên uống Oribe Exgrape Seed OPC40 giúp tăng tính đàn hồi của da, chống oxy hóa (30 viên)",Hỗ trợ giảm cân,Viên nang mềm,,Oribe,Việt Nam,Việt Nam,3.0
Viên nén Pygeum Tiền Liệt Tuyến Kingphar hỗ trợ giảm tăng sinh (3 vỉ x 10 viên),"Thận, tiền liệt tuyến",Viên nén,,Kingphar,Việt Nam,Việt Nam,
"Viên sủi Dizzo Pineapple Reliv giúp ăn ngon miệng hơn, tăng cường chuyển hóa (12 vỉ x 4 viên)",Hỗ trợ tiêu hóa,Viên sủi,,,Ấn Độ,Ấn Độ,
Viên uống Ultra Memore Plus Vitamins For Life hỗ trợ tăng cường hoạt động tuần hoàn não (60 viên),Bổ não - cải thiện trí nhớ,Viên nén,,Vitamins For Life,Hoa Kỳ,Hoa Kỳ,
"Viên uống Saphraton SamSam hỗ trợ bổ sức khỏe, giảm mệt mỏi (2 vỉ x 10 viên)",Cải thiện tăng cường chức năng,Viên nang mềm,,Samsam,Việt Nam,Việt Nam,
Viên uống Fitohelp Martinez Nieto S.A bổ sung estrogen và cân bằng nội tiết tố nữ (2 vỉ x 15 viên),Sinh lý - Nội tiết tố,Viên nang mềm,,Martinez Nieto S.A,Tây Ban Nha,Tây Ban Nha,
Viên uống Trinh Nữ Hoàng Cung Abipha hỗ trợ giảm các triệu chứng u xơ tử cung (60 viên),Sinh lý - Nội tiết tố,Viên nang,,Abipha,Việt Nam,Việt Nam,5.0
"Siro Broncamil Pharmalife hỗ trợ giảm ho do viêm họng, viêm phế quản (200ml)","Hô hấp, ho, xoang",Dung dịch,,Pharmalife,Ý,Việt Nam,
"Tỏi Đen Kochi NB giúp chống oxy hóa, nâng cao sức khỏe cho cơ thể (36g)",Giảm Cholesterol,Viên nén,,Tỏi Đen Kochi NB,Nhật Bản,Việt Nam,
Bột hòa tan Profiber Tanida bổ sung chất xơ giúp ngăn ngừa táo bón (20 gói x 6g),Vi sinh - Probiotic,,,Tanida,Việt Nam,Việt Nam,
Viên uống Taurine Vita 500mg OPC hỗ trợ hoàn thiện chức năng thần kinh của não và mắt (30 viên),Thần kinh não,,,Opc,,Việt Nam,
"Viên ngậm An Hầu Đan Kinh Đô hỗ trợ viêm amidan, viêm thanh quản, viêm họng cấp (2 vỉ x 10 viên)","Hô hấp, ho, xoang",Viên nang cứng,,Kinh Đô,Việt Nam,Việt Nam,5.0
"Sữa bột Mama Sữa Non Colostrum New A0 Gold nâng cao sức đề kháng, giúp trẻ phát triển khỏe mạnh (20 gói x 6g)",Sữa,,,G&P France,Việt Nam,Việt Nam,
Viên uống Helaf DHG thanh nhiệt giải độc cho cơ thể (10 vỉ x 5 viên),Chức năng gan,Viên nang mềm,,Dhg,Việt Nam,Việt Nam,
Viên uống Phục Linh New Lishou hỗ trợ giảm cân hiệu quả (45 viên),Hỗ trợ giảm cân,Viên nén,,Nang Phục Linh,Việt Nam,Việt Nam,5.0
"Viên uống Ladorax Usmedical bổ sung chất chống oxy hóa, giúp da sáng mịn (2 vỉ x 10 viên)",Da,Viên nang mềm,,usmedical,Việt Nam,Việt Nam,
Cốm Dona Canxinano D&K Đông Nam Á hỗ trợ phát triển chiều cao tối ưu (30 gói x 3g),Bổ sung Canxi & Vitamin D,,,Đông Nam Á,Việt Nam,Việt Nam,
Dung dịch Pedia D - Vite Drops bổ sung Vitamin D3 giúp phát triển xương răng (30ml),Bổ sung Canxi & Vitamin D,Dung dịch,,,Hoa Kỳ,Hoa Kỳ,
Viên uống Slim Body Học Viện Quân Y hỗ trợ giảm cân (100 viên),Hỗ trợ giảm cân,Viên nén,,HVQY,Việt Nam,Việt Nam,5.0
Viên uống Pulmasol Fuma hỗ trợ cải thiện chức năng hô hấp (3 vỉ x 10 viên),"Hô hấp, ho, xoang",Viên nén,,Fuma,Việt Nam,Việt Nam,
Siro Kinder Multivitamin Syrup with L-Lysine Doppelherz Aktiv bổ sung vitamin và khoáng chất (100ml),Vitamin tổng hợp,,,Doppelherz,Đức,Đức,
"Viên uống Vitamin A-D Phúc Vinh hỗ trợ điều trị còi xương, suy dinh dưỡng (10 vỉ x 10 viên)",Vitamin & Khoáng chất,,,Phúc Vinh,Việt Nam,Việt Nam,
"Viên uống Totcos Traphaco bổ khí huyết, mạnh gân cốt (3 vỉ x 10 viên)",Chức năng gan,Viên nén,,Traphaco,Việt Nam,Việt Nam,
Viên sủi MyVita Power SPM hương cam bổ sung Vitamin và khoáng chất (20 viên),"Tăng sức đề kháng, miễn dịch",Viên sủi,,S.P.M,Việt Nam,Việt Nam,
Viên uống Sâm Nhung Tố Nữ Tuệ Linh hỗ trợ tăng cường nội tiết tố nữ (30 viên),Cân bằng nội tiết tố,Viên nén,,Tuệ Linh,Việt Nam,Việt Nam,
"Cốm dạ dày Stomac Dakvin hỗ trợ giảm ợ hơi, ợ chua (10 gói)",Hỗ trợ tiêu hóa,,,Dakvin,Việt Nam,Việt Nam,5.0
"Viên uống Dây Thìa Canh Khang Phú giúp hạ đường huyết, phòng và hỗ trợ điều trị đái tháo đường (3 vỉ x 10 viên)",Hỗ trợ điều trị tiểu đường,Viên nang,,Khang Phú,Việt Nam,Việt Nam,
"Viên ngậm ho Viasol húng chanh Vietnat giúp thông cổ, mát họng, làm dịu nhanh cảm giác ngứa rát (100 viên)","Hô hấp, ho, xoang",Viên ngậm dưới lưỡi,,Vietnat,Việt Nam,Việt Nam,
Viên uống Tâm An Khang giúp ngủ ngon (30 viên),Cải thiện tăng cường chức năng,Viên nang,,Unison,Thái Lan,Việt Nam,5.0
"Siro Forikid TW3 kích thích tiêu hóa, giúp trẻ ăn ngon miệng hơn (125ml)",Cải thiện tăng cường chức năng,,,,,Việt Nam,
"Viên nén Ostigold 500 DHG bổ khớp bổ sung chất nhầy dịch khớp, hỗ trợ làm trơn khớp (100 viên)",Cơ xương khớp,Viên nén,,Dhg,Việt Nam,Việt Nam,
"Bột sủi bọt Edoz Kids DHG giảm triệu chứng khó tiêu, đầy hơi (24 gói x 2g)",Khó tiêu,Dạng bột,,Dhg,Việt Nam,Việt Nam,
Cốm Nhuận Tràng PQA hỗ trợ người bị táo bón (25 gói x 5g),Cải thiện tăng cường chức năng,,,,,Việt Nam,
Viên sủi Vitamin C 1000mg Swiss Energy tăng cường khả năng miễn dịch và giảm quá trình lão hóa (20 viên),Vitamin C các loại,Viên sủi,,Swiss Energy,Thụy Sĩ,Bulgaria,5.0
Viên sủi Calcium Ca + Vitamin D3 Swiss Energy hỗ trợ xương và răng phát triển khỏe mạnh (20 viên),Bổ sung Sắt & Axit Folic,Viên sủi,,Swiss Energy,Thụy Sĩ,Bulgaria,
"Viên sủi Multi Vitamins Biotin A, B, E, D3 Swiss Energy hỗ trợ khả năng đề kháng của cơ thể (20 viên)",Vitamin tổng hợp,Viên sủi,,Swiss Energy,Thụy Sĩ,Bulgaria,5.0
"Dầu gấc viên nang Vinaga DHA hỗ trợ chống oxy hóa, hạn chế lão hóa (30 viên)","Dầu cá, Omega 3, DHA",Viên nang mềm,,Vinaga,Việt Nam,Việt Nam,5.0
Viên nhai Bio-Acimin Chew Gia Nguyễn giúp bổ sung lợi khuẩn và vi chất (60 viên),Vi sinh - Probiotic,Viên nhai,,Gia Nguyễn,Việt Nam,Việt Nam,
"Viên hoàn cứng Khớp Khang Thọ Nam Dương hỗ trợ giảm triệu chứng đau mỏi vai gáy, tê nhức chân tay (40g)",Cơ xương khớp,Hoàn cứng,,Nam Dương,Việt Nam,Việt Nam,5.0
"Viên uống Pullaco NanoFrance hỗ trợ bổ phế, giảm ho, long đờm (2 vỉ x 10 viên)","Hô hấp, ho, xoang",Viên nang cứng,,Pullaco,Việt Nam,Việt Nam,5.0
"Viên uống Gluta-Medi Medisun chống lão hóa, giảm sạm nám da (6 vỉ x 5 viên)",Da,Viên nang,,Medisun,Việt Nam,Việt Nam,
Viên uống Go Co-Q10 160mg hỗ trợ giảm quá trình lão hóa tim mạch (30 viên),Sức khoẻ tim mạch,Viên nang,,Go Healthy,New Zealand,New Zealand,
Viên uống Vitamin 3B USAPHA bổ sung vitamin B cho cơ thể (10 vỉ x 10 viên),Vitamin & Khoáng chất,Viên nang mềm,,USAPHA,Việt Nam,Việt Nam,5.0
"Viên uống Globifer Plus Zentrale bổ sung sắt, axit folic và haemoglobin cho cơ thể (2 Vỉ x 20 Viên)",Bổ sung Sắt & Axit Folic,,,,Đức,Đức,
"Viên uống Optica CMPS chống oxy hóa mắt, tăng cường thị giác (3 vỉ x 10 viên)","Bổ mắt, bảo vệ mắt",Viên bao,,,Úc,Úc,
"Viên uống VinaGout Thái Dương hỗ trợ giảm acid uric, giảm triệu chứng sưng đau do gout (10 vỉ x 6 viên)",Hỗ trợ điều trị gout,Viên nang,,Sao Thái Dương,Việt Nam,Việt Nam,
Viên uống Ích Tiểu Vương Á Âu hỗ trợ cải thiện rối loạn chức năng bàng quang (3 vỉ x 10 viên),"Thận, tiền liệt tuyến",Viên nén,,Á Âu,Việt Nam,Việt Nam,5.0
"Viên uống Calcium Plus Puri bổ sung vitamin D, E và khoáng chất, chống oxy hóa (60 viên)",Vitamin & Khoáng chất,Viên nang mềm,,Hải Dương,Việt Nam,Việt Nam,
Viên uống Tumolung Á Âu hỗ trợ giúp giảm nguy cơ mắc các khối u (3 vỉ x 10 viên),Cải thiện tăng cường chức năng,Viên nén,,IMC QUANG MINH,Việt Nam,Việt Nam,
Dung dịch MeQuib 1 hỗ trợ cơ thể tăng cường hấp thu canxi (10ml),Vitamin & Khoáng chất,,,,,Việt Nam,
"Viên uống Eyelight Ganat DHG phòng ngừa quáng gà, khô giác mạc (3 vỉ x 10 viên)","Bổ mắt, bảo vệ mắt",,,Dhg,Việt Nam,Việt Nam,
"Dung dịch uống Dr4Kid Pedia QD-Meliphar giúp trẻ thèm ăn, ăn ngon miệng (10 gói x 15ml)",Khó tiêu,,,QD-Meliphar,,Việt Nam,5.0
Men vi sinh Smebiocta Ipsen bổ sung vi khuẩn có lợi cho hệ tiêu hóa (1 vỉ x 10 viên),Vi sinh - Probiotic,,,Ipsen,Pháp,Canada,
"Viên uống Rutin-C Rau Má 300mg điều trị viêm nhiệt miệng, ngăn ngừa xuất huyết (30 viên)",Cải thiện tăng cường chức năng,,,,,Việt Nam,5.0
"Viên uống Multivit Daglig Pharmatech bổ sung Vitamin và khoáng chất, giúp cơ thể khỏe mạnh (180 viên)",Vitamin & Khoáng chất,Viên nén,,Pharmatech AS,Na Uy,Na Uy,4.3
Viên uống Homiginmin Ginseng Phúc Vinh hỗ trợ bổ sung vitamin và khoáng chất (12 vỉ x 5 viên),"Tăng sức đề kháng, miễn dịch",Viên nang mềm,,Phúc Vinh,Việt Nam,Việt Nam,
"Siro ho Helispan Hasan hỗ trợ bổ phế, thông hơi thở, làm ấm đường hô hấp (100ml)","Hô hấp, ho, xoang",,,Hasan,Việt Nam,Việt Nam,
"Gel Forest Napharco giảm các tổn thương dạ dày, tá tràng (20 gói x 12g)","Dạ dày, tá tràng",,,,Việt Nam,Việt Nam,
"Viên uống Melatonin Nighttime Sleep Aid 6mg Nuhealth giúp điều hòa giấc ngủ, giúp ngủ sâu giấc (60 viên)",Hỗ trợ giấc ngủ ngon,,,Nuhealth,Hoa Kỳ,Hoa Kỳ,
"Viên sủi Actiso Pluss bổ gan lợi mật, thông tiểu (20 viên)",Chức năng gan,Viên sủi,,Trường Thọ Pharma,Việt Nam,Việt Nam,5.0
Viên sủi My Vita Vitamin C hương cam bổ sung Vitamin C cho cơ thể (20 viên),Vitamin C các loại,Viên sủi,,,Việt Nam,Việt Nam,
Viên uống Kinh Vương Não Bộ hỗ trợ phục hồi chức năng não bộ (3 vỉ x 10 viên),Cải thiện tăng cường chức năng,,,,,Việt Nam,
Viên uống Active Meno Plus hỗ trợ cân bằng nội tiết nữ (4 vỉ x 15 viên),Cân bằng nội tiết tố,Viên nang,,Goerlich Pharma,Đức,Đức,
Viên uống FeNatal Nugale Pharmaceutical ngừa thiếu máu do thiếu sắt (30 viên),Bổ sung Sắt & Axit Folic,Viên nang cứng,,Nugale Pharmaceutical,Canada,Canada,
"Viên uống Milk Thistle Extract 1000mg hỗ trợ giải độc gan, tăng cường chức năng gan (90 viên)",Chức năng gan,,,Puritan’s Pride,Hoa Kỳ,Hoa Kỳ,
"Men vi sinh Bifina S Health Aid bổ sung lợi khuẩn cho tiêu hóa, giảm rối loạn tiêu hóa, đại tràng (60 gói)",Vi sinh - Probiotic,Viên nang,,Health Aid,Anh,Nhật Bản,5.0
"Viên uống Vitamin E-400 IU Puritan's Pride giúp chống oxy hóa, giảm lão hóa da (50 viên)",Vitamin E các loại,,,Puritan’s Pride,Hoa Kỳ,Hoa Kỳ,5.0
Viên nén Prenatal Vitamins bổ sung vitamin và khoáng chất cần thiết cho phụ nữ mang thai (100 viên),Vitamin tổng hợp,Viên nén,,Puritan’s Pride,Hoa Kỳ,Hoa Kỳ,5.0
Viên uống Ginkgo Biloba 120mg tăng cường lưu thông máu não (100 viên),Tuần hoàn máu,,,Puritan’s Pride,Hoa Kỳ,Hoa Kỳ,
Viên uống Lutigold Lutein 20MG giúp bảo vệ võng mạc và điểm vàng khỏi bị tổn thương (30 viên),"Bổ mắt, bảo vệ mắt",,,Puritan’s Pride,Hoa Kỳ,Hoa Kỳ,4.3
"Viên uống L-Glutathione Reduced 500mg chống oxy hóa, tăng miễn dịch của cơ thể (30 viên)",Da,Viên nang,,Puritan’s Pride,Hoa Kỳ,Hoa Kỳ,5.0
Viên nén Folic Acid 400mcg hỗ trợ giảm nguy cơ mắc và chống thiếu máu (250 viên),Bổ sung Sắt & Axit Folic,,,Puritan’s Pride,Hoa Kỳ,Hoa Kỳ,
Viên uống Blackmores Macu-Vision Plus hỗ trợ chức năng mắt khỏe mạnh (60 viên),"Bổ mắt, bảo vệ mắt",Viên nén,,Blackmores,Úc,Úc,
"Viên dầu cá Blackmores Omega Daily Concentrated Fish Oil bổ sung omega 3, nâng cao sức khỏe (90 viên)","Dầu cá, Omega 3, DHA",,,Blackmores,Úc,Úc,
Cốm lợi sữa Takira Hadu hỗ trợ tăng tiết sữa cho phụ nữa sau sinh (20 gói x 5g),Vitamin & Khoáng chất,Cốm,,Hadu,Việt Nam,Việt Nam,
"Bột Collagen Kendai Matumotoen bổ sung collagen, vitamin E - C cho da (30 gói x 2g)",Hỗ trợ làm đẹp,Dạng bột,,Matumotoen,Nhật Bản,Việt Nam,
"Cốm Lợi Sữa PQA lợi sữa, tăng chất lượng sữa (25 gói x 5g)",Vitamin & Khoáng chất,Cốm,,Dược phẩm PQA,Việt Nam,Việt Nam,5.0
"Sữa bột Nan Optipro 1 Nestle tăng cường sức đề kháng, dễ tiêu hóa cho trẻ từ 0 - 6 tháng (800g)",Cải thiện tăng cường chức năng,Dạng bột,,Nestlé,Thụy Sĩ,Thụy Sĩ,5.0
Sữa France Lait 1 bổ sung dinh dưỡng cho trẻ 0 đến 6 tháng (400g),Sữa,Dạng bột,,,Pháp,Pháp,
"Viên uống Slady giúp bồi bổ khí huyết, điều hòa kinh nguyệt (60 viên)",Sinh lý - Nội tiết tố,Viên nén,,Lotus,Việt Nam,Việt Nam,
"Viên uống Mag-Gin B6 Nutridom giảm nôn, ốm nghén khi mang thai (60 viên)","Tăng sức đề kháng, miễn dịch",Viên nang cứng,,Nugale Pharmaceutical,Canada,Canada,
"Siro Special Kid Vitaprolis Eric Favre hỗ trợ miễn dịch, tăng sức đề kháng (125ml)","Hô hấp, ho, xoang",,,ERIC FAVRE® WELLNESS,Pháp,Pháp,
Siro Special Kid Fer & Vitamines Eric Favre bổ sung sắt và các vitamin (125ml),Bổ sung Sắt & Axit Folic,,,ERIC FAVRE® WELLNESS,Pháp,Pháp,
Sữa bột Meiji Hohoemi bổ sung dinh dưỡng cho trẻ 0 - 12 tháng (800g),Sữa,Dạng bột,,,Nhật Bản,Nhật Bản,5.0
"Viên uống Fremo Thái Minh hỗ trợ giảm mỡ máu, xơ vữa động mạch (20 viên)",Cải thiện tăng cường chức năng,,,,Việt Nam,Việt Nam,
"Viên nén Cranberry chống oxy hóa, hạn chế lão hóa (60 viên)",Cải thiện tăng cường chức năng,,,Puritan’s Pride,Hoa Kỳ,Hoa Kỳ,
"Viên uống Q-SORB CO-Q10 100mg giúp tăng sức khỏe cho tim, giảm cholesterol trong máu (120 viên)",Cải thiện tăng cường chức năng,,,Puritan’s Pride,Hoa Kỳ,Hoa Kỳ,
"Viên uống Milk Thistle Extract 1000mg hỗ trợ giải độc gan, tăng cường chức năng gan (180 viên)",Cải thiện tăng cường chức năng,,,Puritan’s Pride,Hoa Kỳ,Hoa Kỳ,5.0
Viên uống Blackmores Glucosamine Sulfate 1500 One-A-Day tăng khả năng bôi trơn của dịch khớp (90 viên),Cơ xương khớp,,,,Úc,Úc,5.0
Viên uống Arginine Plus Gia Nguyễn hỗ trợ tăng cường chức năng gan (10 vỉ x 10 viên),Chức năng gan,Viên nang mềm,,Gia Nguyễn,Việt Nam,Việt Nam,
"Bổ Phế Bảo Thanh Trẻ Em Hoa Linh điều trị ho do cảm lạnh, cảm cúm (100ml)","Hô hấp, ho, xoang",Siro,,Hoa Linh,Việt Nam,Việt Nam,5.0
Viên uống Canxi Bone Nano hỗ trợ xương và răng chắc khỏe (60 viên),Bổ sung Canxi & Vitamin D,Viên nang mềm,,Tusa Pharma,Hoa Kỳ,Việt Nam,
"Viên dầu cá Fish Oil 1000mg Omega 3 Nature's Care bổ sung Omega 3, tốt cho mắt, não (200 viên)","Dầu cá, Omega 3, DHA",Viên nang mềm,,,Úc,Úc,5.0
Sữa non ColosBaby Gold VitaDairy bổ sung kháng thể IgG tự nhiên (35 gói x 9.6g),Sữa,Dạng bột,,VITADAIRY,Việt Nam,Việt Nam,
Viên uống Cinabet Vietlife hỗ trợ giảm đường huyết (3 vỉ x 10 viên),Hỗ trợ điều trị tiểu đường,Viên nang mềm,,Vietlife,Việt Nam,Việt Nam,
"Viên uống Vietlife Bình An Nano Medistar hoạt huyết dưỡng não, tăng cường lưu thông máu não (3 vỉ x 10 viên)",Thần kinh não,Viên nang mềm,,Vietlife,Việt Nam,Việt Nam,
"Viên uống Pre-natchoice UBB bổ sung một số vitamin, khoáng chất cho phụ nữ mang thai (30 viên)",Vitamin & Khoáng chất,Viên nang mềm,,UBB,Hoa Kỳ,Hoa Kỳ,
Dung dịch Clausy Livespo bào tử lợi khuẩn kháng đa kháng sinh (10 ống x 5ml),Vi sinh - Probiotic,,,Livespo,Việt Nam,Việt Nam,
"Sữa bột CaloSure gold Vitadairy tăng cường sức khỏe tim mạch, hồi phục sức khỏe (400g)",Sữa,Dạng bột,,VITADAIRY,Việt Nam,Việt Nam,5.0
"Viên uống Sheep Placenta Nature’s Gold làm sạch tàn nhang, vết nám (100 viên)",Hỗ trợ làm đẹp,Viên nang,,Nature's Gold,Úc,Úc,5.0
Viên uống Vital Code Kids Milky Calcium Plus Vitamin D3 Kingphar hỗ trợ phát triển chiều cao (2 vỉ x 15 viên),Bổ sung Canxi & Vitamin D,Viên nang mềm,,,Úc,Úc,5.0
Viên uống Cumargold Nano Curcumin New CVI Pharma hỗ trợ bảo vệ niêm mạc dạ dày (3 vỉ x 10 viên),Hỗ trợ tiêu hóa,Viên nang mềm,,CVI Pharma,Việt Nam,Việt Nam,
"Viên uống Prenatal Plus DHA Nutrimed bổ sung Vitamin, khoáng chất và Omega 3 (60 viên)","Dầu cá, Omega 3, DHA",Viên nang mềm,,NUTRIMED,Hoa Kỳ,Hoa Kỳ,
Viên uống Multivitamin Nutrimed bổ sung Vitamin và khoáng chất hỗ trợ tăng cường sức khỏe (60 viên),Vitamin tổng hợp,Viên nén,,Eagle,Hoa Kỳ,Hoa Kỳ,
Bột pha Oresol Cam Phúc Vinh giúp bù nước và bổ sung chât điện giải (40 gói x 4.2g),Hỗ trợ tiêu hóa,,,Phúc Vinh,Việt Nam,Việt Nam,
"Viên uống Vitamin 3B Gold Phúc Vinh bổ sung vitamin nhóm B, tăng cường sức đề kháng (10 vỉ x 10 viên)","Tăng sức đề kháng, miễn dịch",,,Phúc Vinh,,Việt Nam,
Viên xương khớp Khương Thảo Đan hỗ trợ làm trơn khớp và phục hồi sụn khớp (120 viên),Cơ xương khớp,Viên nang,,Thái Minh,Việt Nam,Việt Nam,5.0
"Thạch làm đẹp da Collagen Placenta Jelly Makishokuhin hỗ trợ làm đẹp da, cho làn da sáng mịn (15g x 30 gói)",Da,Thạch (Jelly),,Makishokuhin,Nhật Bản,Nhật Bản,
Thạch men tiêu hóa Dr.bio Jelly Makishokuhin bổ sung các vi khuẩn có lợi cho hệ tiêu hóa (15g x 30 gói),Khó tiêu,Thạch (Jelly),,Makishokuhin,Nhật Bản,Nhật Bản,
"Thạch giảm cân S-Line Jelly Makishokuhin hạn chế hấp thu chất béo, giảm sự tích tụ mỡ (30 gói x 15g)",Hỗ trợ giảm cân,Thạch (Jelly),,Makishokuhin,Nhật Bản,Nhật Bản,
Viên uống QueenUp Thái Minh hỗ trợ tăng cường nội tiết tố nữ (30 viên),Cân bằng nội tiết tố,Viên nén,,Thái Minh,Việt Nam,Việt Nam,
Viên uống OVAQ Plus TW Mediplantex bổ sung dinh dưỡng cho phụ nữ trước khi mang thai (60 Viên),Sinh lý - Nội tiết tố,Viên nang cứng,,Mediplantex,Việt Nam,Việt Nam,4.2
Viên uống Heptral 400 Abbott hỗ trợ tăng cường chức năng gan (3 vỉ x 10 viên),Chức năng gan,Viên nén,,Abbott,Hoa Kỳ,Singapore,
"Viên uống Tiền Đình Khang KGA dùng cho rối loạn tiền đình, hoa mắt, chóng mặt (3 vỉ x 10 viên)",Kiểm soát căng thẳng,Viên nén bao phim,,,Việt Nam,Việt Nam,
"Viên nang mềm Xương Khớp PV Forte hỗ trợ khớp, giảm nguy cơ thoái hóa khớp (60 viên)",Cơ xương khớp,Viên nang mềm,,Phúc Vinh,Việt Nam,Việt Nam,
"Gói cốm Futizon PV Pharma hỗ trợ bù nước, điện giải (40 gói x 4,9g)",Vitamin & Khoáng chất,Cốm,,Phúc Vinh,Việt Nam,Việt Nam,
Sữa Pregestimil Lipil Mead Johnson bổ sung dinh dưỡng hàng ngày cho trẻ (400g),Sữa,Dạng bột,,MEAD JOHNSON,Mỹ,Hoa Kỳ,
"Viên sủi Haas Vital Pezsgés Multi-vitamin hương cam bổ sung vitamin, tăng cường sức đề kháng (20 viên)",Vitamin tổng hợp,Viên sủi,,Haas,Hungary,Hungary,
